timestamp,value
2015-07-28 11:56:00,248
2015-07-28 12:06:00,178
2015-07-28 12:25:00,155
2015-07-28 13:56:00,121
2015-07-28 14:06:00,103
2015-07-28 14:16:00,96
2015-07-28 17:23:00,170
2015-07-28 22:03:00,168
2015-07-28 22:13:00,177
2015-07-28 22:22:00,211
2015-07-28 22:33:00,258
2015-07-28 22:43:00,191
2015-07-29 06:49:00,4416
2015-07-29 07:23:00,200
2015-07-29 07:53:00,210
2015-07-29 08:13:00,197
2015-07-29 08:23:00,238
2015-07-29 08:51:00,264
2015-07-29 09:03:00,263
2015-07-29 09:13:00,237
2015-07-29 09:43:00,218
2015-07-29 10:03:00,218
2015-07-29 10:13:00,286
2015-07-29 10:17:00,287
2015-07-30 08:58:00,312
2015-07-30 09:07:00,296
2015-07-30 09:18:00,213
2015-07-30 09:28:00,189
2015-07-30 09:37:00,174
2015-07-30 09:48:00,210
2015-07-30 09:57:00,229
2015-07-30 10:18:00,226
2015-07-30 11:07:00,348
2015-07-30 12:35:00,58
2015-07-30 13:14:00,118
2015-07-30 13:38:00,121
2015-07-30 14:14:00,530
2015-07-30 14:38:00,185
2015-07-30 14:48:00,189
2015-07-30 14:52:00,221
2015-07-30 15:08:00,392
2015-07-30 15:18:00,418
2015-07-30 15:27:00,603
2015-07-30 15:37:00,705
2015-07-30 15:48:00,798
2015-07-30 15:58:00,729
2015-07-30 16:08:00,863
2015-07-30 16:34:00,916
2015-07-30 16:55:00,652
2015-07-30 17:26:00,881
2015-07-30 18:07:00,383
2015-07-30 19:00:00,393
2015-07-30 20:48:00,29
2015-07-30 21:39:00,69
2015-07-30 21:41:00,99
2015-07-30 21:59:00,73
2015-07-30 22:01:00,106
2015-07-30 22:59:00,159
2015-07-30 23:48:00,110
2015-07-31 06:07:00,96
2015-07-31 08:59:00,611
2015-07-31 09:09:00,1144
2015-07-31 09:19:00,1321
2015-07-31 09:28:00,1510
2015-07-31 09:39:00,1623
2015-07-31 09:49:00,1932
2015-07-31 09:59:00,2051
2015-07-31 10:09:00,1978
2015-07-31 10:19:00,2942
2015-07-31 10:29:00,3036
2015-07-31 10:39:00,3182
2015-07-31 10:49:00,2869
2015-07-31 10:59:00,3058
2015-07-31 11:09:00,4290
2015-07-31 11:29:00,3922
2015-07-31 11:39:00,4295
2015-07-31 11:59:00,4757
2015-07-31 12:09:00,5161
2015-07-31 12:29:00,5241
2015-07-31 12:33:00,5578
2015-07-31 16:39:00,277
2015-07-31 16:49:00,217
2015-07-31 16:59:00,226
2015-07-31 17:08:00,308
2015-07-31 17:18:00,349
2015-07-31 17:41:00,230
2015-07-31 17:48:00,224
2015-07-31 18:01:00,261
2015-07-31 23:50:00,182
2015-08-01 19:09:00,162
2015-08-01 19:59:00,162
2015-08-01 20:18:00,192
2015-08-01 22:33:00,190
2015-08-01 22:45:00,201
2015-08-01 23:43:00,301
2015-08-02 05:55:00,114
2015-08-02 06:15:00,122
2015-08-02 06:35:00,111
2015-08-02 09:44:00,157
2015-08-02 10:05:00,92
2015-08-02 14:46:00,147
2015-08-02 15:26:00,154
2015-08-02 16:26:00,144
2015-08-02 17:05:00,214
2015-08-02 18:46:00,147
2015-08-02 19:16:00,189
2015-08-02 19:24:00,186
2015-08-02 19:56:00,141
2015-08-02 20:56:00,186
2015-08-02 22:46:00,228
2015-08-02 23:06:00,268
2015-08-02 23:16:00,285
2015-08-02 23:26:00,320
2015-08-02 23:45:00,436
2015-08-02 23:56:00,353
2015-08-03 00:04:00,431
2015-08-03 07:36:00,188
2015-08-03 07:46:00,203
2015-08-03 07:55:00,202
2015-08-03 08:05:00,240
2015-08-03 08:16:00,293
2015-08-03 08:26:00,324
2015-08-03 08:36:00,386
2015-08-03 08:46:00,414
2015-08-03 08:53:00,374
2015-08-03 09:06:00,317
2015-08-03 10:46:00,291
2015-08-03 10:56:00,316
2015-08-03 11:15:00,317
2015-08-03 11:46:00,237
2015-08-03 11:56:00,216
2015-08-03 13:06:00,166
2015-08-03 14:06:00,168
2015-08-03 14:16:00,142
2015-08-03 15:56:00,72
2015-08-03 16:27:00,390
2015-08-03 16:37:00,315
2015-08-03 16:57:00,334
2015-08-03 17:16:00,210
2015-08-03 18:37:00,148
2015-08-04 03:27:00,915
2015-08-04 03:37:00,922
2015-08-04 03:47:00,912
2015-08-04 03:51:00,980
2015-08-04 07:55:00,190
2015-08-04 08:07:00,208
2015-08-04 08:15:00,188
2015-08-04 08:25:00,212
2015-08-04 08:34:00,297
2015-08-04 08:47:00,322
2015-08-04 08:57:00,359
2015-08-04 09:07:00,360
2015-08-04 09:27:00,307
2015-08-04 09:46:00,204
2015-08-04 10:07:00,258
2015-08-04 10:17:00,239
2015-08-04 10:27:00,219
2015-08-04 11:07:00,788
2015-08-04 11:17:00,1147
2015-08-04 11:33:00,1328
2015-08-04 11:43:00,330
2015-08-04 11:53:00,249
2015-08-04 12:13:00,521
2015-08-04 12:22:00,549
2015-08-04 12:33:00,631
2015-08-04 15:23:00,141
2015-08-04 16:02:00,146
2015-08-04 16:13:00,153
2015-08-04 16:23:00,171
2015-08-04 16:33:00,363
2015-08-04 16:43:00,147
2015-08-04 16:53:00,191
2015-08-04 17:03:00,188
2015-08-04 17:12:00,195
2015-08-04 17:23:00,178
2015-08-04 17:33:00,352
2015-08-04 17:43:00,146
2015-08-04 17:53:00,456
2015-08-04 18:03:00,146
2015-08-04 18:10:00,267
2015-08-04 18:23:00,145
2015-08-04 18:30:00,139
2015-08-04 18:36:00,144
2015-08-04 18:50:00,183
2015-08-04 19:00:00,162
2015-08-04 19:08:00,168
2015-08-04 19:20:00,864
2015-08-04 19:29:00,799
2015-08-04 19:39:00,821
2015-08-04 19:47:00,730
2015-08-04 20:00:00,606
2015-08-04 20:10:00,1012
2015-08-04 20:20:00,760
2015-08-04 20:30:00,987
2015-08-04 20:39:00,719
2015-08-04 20:48:00,2155
2015-08-04 20:59:00,515
2015-08-04 21:20:00,518
2015-08-04 21:30:00,789
2015-08-04 21:40:00,989
2015-08-04 21:50:00,1072
2015-08-04 21:59:00,1011
2015-08-04 22:10:00,1070
2015-08-04 22:13:00,2432
2015-08-04 22:30:00,1587
2015-08-04 22:40:00,1402
2015-08-04 22:50:00,1208
2015-08-04 23:00:00,1425
2015-08-04 23:10:00,1288
2015-08-04 23:20:00,1081
2015-08-04 23:48:00,383
2015-08-05 00:18:00,1022
2015-08-05 00:30:00,2439
2015-08-05 00:40:00,1908
2015-08-05 00:50:00,749
2015-08-05 07:30:00,183
2015-08-05 07:50:00,155
2015-08-05 07:59:00,161
2015-08-05 08:10:00,171
2015-08-05 08:19:00,203
2015-08-05 08:30:00,291
2015-08-05 08:40:00,381
2015-08-05 09:00:00,410
2015-08-05 09:10:00,273
2015-08-05 09:48:00,266
2015-08-05 10:08:00,207
2015-08-05 10:20:00,301
2015-08-05 10:30:00,405
2015-08-05 12:26:00,154
2015-08-05 12:56:00,164
2015-08-05 13:46:00,139
2015-08-05 13:55:00,153
2015-08-05 14:56:00,154
2015-08-05 16:56:00,164
2015-08-05 17:26:00,152
2015-08-05 17:34:00,181
2015-08-05 18:14:00,149
2015-08-05 21:27:00,138
2015-08-05 22:39:00,135
2015-08-05 23:27:00,150
2015-08-06 04:38:00,107
2015-08-06 04:48:00,117
2015-08-06 05:08:00,111
2015-08-06 06:08:00,104
2015-08-06 06:38:00,146
2015-08-06 06:58:00,130
2015-08-06 07:48:00,134
2015-08-06 07:54:00,136
2015-08-06 08:07:00,201
2015-08-06 08:17:00,246
2015-08-06 08:26:00,240
2015-08-06 08:38:00,301
2015-08-06 08:48:00,356
2015-08-06 08:58:00,308
2015-08-06 09:08:00,347
2015-08-06 09:18:00,488
2015-08-06 09:28:00,466
2015-08-06 09:38:00,378
2015-08-06 09:48:00,323
2015-08-06 09:58:00,218
2015-08-06 10:07:00,205
2015-08-06 10:18:00,208
2015-08-06 10:28:00,277
2015-08-06 10:36:00,318
2015-08-06 10:58:00,207
2015-08-06 11:48:00,99
2015-08-06 11:57:00,100
2015-08-06 12:07:00,110
2015-08-06 12:18:00,120
2015-08-06 12:28:00,125
2015-08-06 12:38:00,139
2015-08-06 12:48:00,180
2015-08-06 13:09:00,163
2015-08-06 13:28:00,167
2015-08-06 13:58:00,199
2015-08-06 14:05:00,193
2015-08-06 15:47:00,181
2015-08-06 16:17:00,180
2015-08-06 16:28:00,179
2015-08-06 17:08:00,175
2015-08-06 17:41:00,156
2015-08-06 17:58:00,123
2015-08-06 18:08:00,50
2015-08-06 18:18:00,126
2015-08-06 19:08:00,142
2015-08-06 21:28:00,247
2015-08-06 21:37:00,200
2015-08-07 06:09:00,5461
2015-08-07 07:40:00,168
2015-08-07 08:19:00,194
2015-08-07 08:30:00,190
2015-08-07 08:40:00,291
2015-08-07 08:50:00,211
2015-08-07 08:59:00,197
2015-08-07 09:30:00,255
2015-08-07 09:40:00,281
2015-08-07 09:48:00,270
2015-08-07 10:10:00,500
2015-08-07 10:30:00,595
2015-08-07 10:40:00,736
2015-08-07 10:50:00,344
2015-08-07 11:00:00,440
2015-08-07 11:10:00,550
2015-08-07 11:17:00,444
2015-08-07 11:30:00,335
2015-08-07 11:40:00,364
2015-08-07 11:59:00,390
2015-08-07 12:10:00,395
2015-08-07 12:48:00,305
2015-08-07 12:59:00,359
2015-08-07 13:10:00,294
2015-08-07 13:20:00,273
2015-08-07 13:30:00,236
2015-08-07 13:39:00,279
2015-08-07 13:50:00,312
2015-08-07 14:00:00,219
2015-08-07 14:10:00,168
2015-08-07 14:18:00,136
2015-08-07 14:30:00,154
2015-08-07 14:40:00,168
2015-08-07 14:50:00,178
2015-08-07 15:00:00,181
2015-08-07 15:28:00,312
2015-08-07 15:38:00,332
2015-08-07 15:58:00,368
2015-08-07 16:06:00,302
2015-08-07 16:17:00,309
2015-08-07 16:24:00,306
2015-08-07 16:46:00,436
2015-08-07 16:57:00,651
2015-08-07 17:06:00,684
2015-08-07 17:16:00,822
2015-08-07 17:27:00,901
2015-08-07 17:38:00,643
2015-08-07 17:57:00,339
2015-08-07 18:07:00,372
2015-08-07 18:17:00,310
2015-08-07 18:27:00,259
2015-08-07 18:37:00,239
2015-08-07 18:47:00,200
2015-08-07 20:17:00,159
2015-08-07 20:46:00,146
2015-08-07 20:55:00,138
2015-08-07 22:47:00,89
2015-08-08 03:56:00,125
2015-08-08 04:47:00,59
2015-08-08 04:57:00,61
2015-08-08 05:06:00,675
2015-08-08 05:17:00,699
2015-08-08 05:26:00,552
2015-08-08 05:37:00,1170
2015-08-08 05:47:00,1687
2015-08-08 08:17:00,171
2015-08-08 08:37:00,296
2015-08-08 08:47:00,304
2015-08-08 08:57:00,340
2015-08-08 09:07:00,370
2015-08-08 09:16:00,417
2015-08-08 09:26:00,425
2015-08-08 09:37:00,424
2015-08-08 09:47:00,342
2015-08-08 09:57:00,291
2015-08-08 10:07:00,387
2015-08-08 10:17:00,334
2015-08-08 10:27:00,296
2015-08-08 10:37:00,276
2015-08-08 10:46:00,263
2015-08-08 10:57:00,248
2015-08-08 11:07:00,302
2015-08-08 11:17:00,235
2015-08-08 11:27:00,253
2015-08-08 11:37:00,264
2015-08-08 11:47:00,133
2015-08-08 12:07:00,108
2015-08-08 12:17:00,114
2015-08-08 12:26:00,116
2015-08-08 12:47:00,100
2015-08-08 12:57:00,102
2015-08-08 13:07:00,94
2015-08-08 13:17:00,92
2015-08-08 13:27:00,84
2015-08-08 13:37:00,124
2015-08-08 14:47:00,122
2015-08-08 14:56:00,124
2015-08-08 16:30:00,144
2015-08-08 17:02:00,127
2015-08-08 17:11:00,143
2015-08-08 17:22:00,108
2015-08-08 17:31:00,131
2015-08-08 18:22:00,133
2015-08-08 19:12:00,153
2015-08-08 20:02:00,111
2015-08-08 20:12:00,114
2015-08-08 20:22:00,172
2015-08-08 22:01:00,143
2015-08-08 22:21:00,105
2015-08-08 22:32:00,110
2015-08-08 22:42:00,113
2015-08-08 22:51:00,130
2015-08-09 00:22:00,129
2015-08-09 04:52:00,115
2015-08-09 05:12:00,715
2015-08-09 05:22:00,1351
2015-08-09 05:32:00,1518
2015-08-09 05:42:00,1606
2015-08-09 05:50:00,1614
2015-08-09 09:32:00,208
2015-08-09 09:42:00,235
2015-08-09 09:52:00,209
2015-08-09 10:02:00,217
2015-08-09 10:11:00,176
2015-08-09 10:42:00,150
2015-08-09 10:52:00,178
2015-08-09 10:59:00,183
2015-08-09 11:13:00,279
2015-08-09 11:22:00,304
2015-08-09 11:32:00,275
2015-08-09 11:42:00,167
2015-08-09 12:32:00,166
2015-08-09 12:52:00,151
2015-08-09 13:29:00,145
2015-08-09 14:22:00,135
2015-08-09 14:32:00,144
2015-08-09 14:42:00,127
2015-08-09 14:52:00,135
2015-08-09 15:02:00,110
2015-08-09 15:12:00,116
2015-08-09 15:32:00,140
2015-08-09 16:12:00,170
2015-08-09 16:32:00,144
2015-08-09 16:42:00,128
2015-08-09 16:45:00,132
2015-08-09 16:57:00,114
2015-08-09 17:05:00,123
2015-08-09 17:17:00,122
2015-08-09 17:27:00,111
2015-08-09 17:36:00,111
2015-08-09 17:47:00,115
2015-08-09 17:57:00,103
2015-08-09 18:06:00,111
2015-08-09 18:17:00,110
2015-08-09 18:26:00,118
2015-08-09 18:37:00,128
2015-08-09 18:46:00,129
2015-08-09 19:17:00,179
2015-08-09 19:27:00,166
2015-08-09 19:46:00,131
2015-08-09 19:56:00,133
2015-08-09 20:06:00,136
2015-08-09 20:17:00,133
2015-08-09 20:25:00,135
2015-08-09 20:37:00,128
2015-08-09 20:47:00,124
2015-08-09 21:07:00,146
2015-08-09 21:17:00,125
2015-08-09 21:26:00,120
2015-08-09 21:36:00,117
2015-08-09 21:57:00,125
2015-08-09 22:07:00,131
2015-08-09 22:17:00,137
2015-08-09 22:27:00,125
2015-08-09 22:36:00,90
2015-08-09 22:47:00,91
2015-08-09 23:07:00,88
2015-08-09 23:17:00,101
2015-08-09 23:23:00,102
2015-08-09 23:37:00,107
2015-08-09 23:57:00,84
2015-08-10 00:07:00,80
2015-08-10 00:17:00,84
2015-08-10 00:27:00,91
2015-08-10 00:36:00,106
2015-08-10 01:06:00,98
2015-08-10 05:57:00,108
2015-08-10 07:16:00,182
2015-08-10 07:37:00,250
2015-08-10 07:57:00,249
2015-08-10 08:17:00,206
2015-08-10 08:27:00,192
2015-08-10 08:37:00,278
2015-08-10 08:47:00,366
2015-08-10 08:57:00,336
2015-08-10 09:07:00,211
2015-08-10 09:17:00,151
2015-08-10 09:27:00,149
2015-08-10 09:37:00,165
2015-08-10 09:46:00,176
2015-08-10 09:57:00,203
2015-08-10 10:06:00,224
2015-08-10 10:17:00,207
2015-08-10 10:27:00,243
2015-08-10 10:37:00,254
2015-08-10 10:57:00,229
2015-08-10 11:07:00,282
2015-08-10 11:17:00,360
2015-08-10 11:25:00,368
2015-08-10 11:36:00,324
2015-08-10 11:47:00,318
2015-08-10 11:56:00,333
2015-08-10 12:17:00,395
2015-08-10 12:27:00,428
2015-08-10 12:37:00,362
2015-08-10 12:47:00,394
2015-08-10 12:57:00,334
2015-08-10 13:06:00,345
2015-08-10 13:36:00,391
2015-08-10 13:46:00,419
2015-08-10 13:57:00,567
2015-08-10 14:07:00,684
2015-08-10 14:17:00,470
2015-08-10 14:27:00,359
2015-08-10 15:47:00,87
2015-08-10 15:55:00,79
2015-08-10 16:07:00,184
2015-08-10 16:17:00,200
2015-08-10 16:56:00,165
2015-08-10 20:32:00,137
2015-08-10 22:52:00,138
2015-08-11 01:52:00,136
2015-08-11 04:02:00,126
2015-08-11 04:22:00,144
2015-08-11 05:12:00,113
2015-08-11 05:32:00,120
2015-08-11 05:42:00,150
2015-08-11 06:52:00,148
2015-08-11 07:12:00,174
2015-08-11 07:21:00,192
2015-08-11 07:32:00,222
2015-08-11 07:42:00,241
2015-08-11 07:52:00,265
2015-08-11 08:12:00,283
2015-08-11 08:22:00,342
2015-08-11 08:31:00,485
2015-08-11 08:42:00,472
2015-08-11 08:52:00,545
2015-08-11 09:02:00,555
2015-08-11 09:12:00,421
2015-08-11 09:22:00,308
2015-08-11 10:01:00,144
2015-08-11 10:22:00,153
2015-08-11 10:32:00,159
2015-08-11 10:41:00,140
2015-08-11 10:52:00,135
2015-08-11 11:12:00,123
2015-08-11 11:22:00,136
2015-08-11 11:32:00,136
2015-08-11 12:07:00,3106
2015-08-11 13:42:00,280
2015-08-11 13:52:00,186
2015-08-11 14:12:00,176
2015-08-11 14:22:00,281
2015-08-11 14:32:00,282
2015-08-11 14:41:00,508
2015-08-11 16:12:00,1789
2015-08-11 16:52:00,1217
2015-08-11 17:00:00,121
2015-08-11 17:12:00,123
2015-08-11 17:21:00,125
2015-08-11 17:30:00,128
2015-08-11 17:41:00,113
2015-08-11 17:52:00,120
2015-08-11 18:02:00,374
2015-08-11 18:12:00,141
2015-08-11 18:22:00,644
2015-08-11 18:28:00,703
2015-08-11 18:41:00,153
2015-08-11 19:02:00,156
2015-08-11 19:12:00,491
2015-08-11 19:22:00,147
2015-08-11 19:42:00,474
2015-08-11 19:52:00,824
2015-08-11 20:02:00,1346
2015-08-11 20:12:00,758
2015-08-11 20:21:00,270
2015-08-11 20:31:00,1277
2015-08-11 20:42:00,1057
2015-08-11 20:52:00,649
2015-08-11 21:32:00,730
2015-08-11 21:41:00,1179
2015-08-11 21:51:00,1127
2015-08-11 22:01:00,1052
2015-08-11 22:09:00,1563
2015-08-11 22:22:00,1334
2015-08-11 22:32:00,1561
2015-08-11 22:42:00,1795
2015-08-11 22:52:00,2192
2015-08-11 23:01:00,1139
2015-08-11 23:12:00,711
2015-08-11 23:22:00,739
2015-08-12 00:10:00,834
2015-08-12 00:22:00,817
2015-08-12 00:32:00,801
2015-08-12 00:42:00,355
2015-08-12 01:01:00,392
2015-08-12 01:21:00,161
2015-08-12 01:42:00,2875
2015-08-12 01:52:00,2988
2015-08-12 02:01:00,2818
2015-08-12 02:12:00,1415
2015-08-12 02:22:00,2331
2015-08-12 02:32:00,909
2015-08-12 02:42:00,1218
2015-08-12 03:22:00,862
2015-08-12 03:43:00,132
2015-08-12 04:12:00,187
2015-08-12 04:22:00,211
2015-08-12 04:32:00,383
2015-08-12 04:42:00,154
2015-08-12 05:02:00,176
2015-08-12 06:12:00,119
2015-08-12 06:31:00,126
2015-08-12 07:12:00,143
2015-08-12 07:50:00,167
2015-08-12 08:02:00,150
2015-08-12 08:10:00,145
2015-08-12 08:22:00,193
2015-08-12 08:52:00,282
2015-08-12 09:02:00,226
2015-08-12 09:11:00,204
2015-08-12 09:42:00,174
2015-08-12 10:02:00,195
2015-08-12 10:12:00,253
2015-08-12 10:31:00,328
2015-08-12 10:42:00,268
2015-08-12 10:52:00,270
2015-08-12 11:02:00,358
2015-08-12 11:12:00,388
2015-08-12 11:22:00,360
2015-08-12 11:32:00,413
2015-08-12 11:50:00,407
2015-08-12 12:01:00,400
2015-08-12 12:10:00,328
2015-08-12 12:22:00,343
2015-08-12 12:32:00,354
2015-08-12 12:41:00,360
2015-08-12 12:52:00,337
2015-08-12 13:02:00,344
2015-08-12 13:12:00,274
2015-08-12 13:22:00,289
2015-08-12 13:32:00,204
2015-08-12 13:41:00,222
2015-08-12 13:52:00,202
2015-08-12 14:02:00,162
2015-08-12 14:11:00,130
2015-08-12 15:01:00,152
2015-08-12 15:12:00,157
2015-08-12 15:21:00,175
2015-08-12 15:31:00,178
2015-08-12 17:11:00,166
2015-08-12 17:21:00,161
2015-08-12 17:52:00,157
2015-08-12 18:42:00,130
2015-08-12 19:12:00,128
2015-08-12 19:52:00,1092
2015-08-12 20:01:00,1556
2015-08-12 20:12:00,1423
2015-08-12 20:27:00,911
2015-08-12 20:46:00,681
2015-08-12 20:56:00,839
2015-08-12 21:07:00,1117
2015-08-12 21:17:00,430
2015-08-12 21:23:00,683
2015-08-12 21:37:00,574
2015-08-12 21:47:00,580
2015-08-12 21:57:00,499
2015-08-12 22:07:00,646
2015-08-12 22:17:00,589
2015-08-12 22:27:00,663
2015-08-12 22:37:00,517
2015-08-12 23:27:00,1087
2015-08-12 23:37:00,1123
2015-08-12 23:47:00,763
2015-08-12 23:57:00,732
2015-08-13 00:07:00,860
2015-08-13 00:16:00,1420
2015-08-13 00:27:00,1492
2015-08-13 02:57:00,102
2015-08-13 03:12:00,101
2015-08-13 03:37:00,112
2015-08-13 04:28:00,1772
2015-08-13 04:47:00,251
2015-08-13 04:57:00,106
2015-08-13 05:12:00,103
2015-08-13 05:47:00,115
2015-08-13 07:47:00,222
2015-08-13 08:17:00,216
2015-08-13 08:27:00,243
2015-08-13 08:36:00,290
2015-08-13 08:46:00,325
2015-08-13 08:57:00,301
2015-08-13 09:07:00,298
2015-08-13 09:17:00,236
2015-08-13 09:25:00,272
2015-08-13 09:37:00,263
2015-08-13 09:57:00,201
2015-08-13 10:06:00,196
2015-08-13 10:17:00,209
2015-08-13 10:27:00,242
2015-08-13 10:37:00,289
2015-08-13 10:46:00,241
2015-08-13 10:56:00,246
2015-08-13 11:57:00,114
2015-08-13 12:06:00,109
2015-08-13 12:17:00,73
2015-08-13 12:26:00,75
2015-08-13 12:37:00,92
2015-08-13 13:05:00,150
2015-08-13 13:26:00,171
2015-08-13 14:37:00,195
2015-08-13 15:27:00,269
2015-08-13 16:16:00,442
2015-08-13 16:27:00,463
2015-08-13 16:36:00,405
2015-08-13 16:46:00,402
2015-08-13 16:57:00,370
2015-08-13 17:07:00,350
2015-08-13 17:17:00,346
2015-08-13 17:25:00,347
2015-08-13 17:37:00,235
2015-08-13 17:46:00,205
2015-08-13 17:57:00,228
2015-08-13 18:07:00,76
2015-08-13 18:15:00,79
2015-08-13 18:25:00,196
2015-08-13 18:33:00,302
2015-08-13 18:47:00,201
2015-08-13 18:56:00,183
2015-08-13 19:06:00,151
2015-08-14 07:27:00,170
2015-08-14 08:07:00,259
2015-08-14 08:27:00,331
2015-08-14 08:37:00,360
2015-08-14 08:47:00,264
2015-08-14 09:06:00,275
2015-08-14 09:27:00,322
2015-08-14 09:57:00,297
2015-08-14 10:03:00,319
2015-08-14 10:17:00,409
2015-08-14 10:37:00,404
2015-08-14 10:47:00,402
2015-08-14 10:57:00,355
2015-08-14 11:07:00,570
2015-08-14 11:16:00,572
2015-08-14 11:37:00,483
2015-08-14 11:47:00,350
2015-08-14 12:17:00,314
2015-08-14 12:37:00,393
2015-08-14 12:47:00,346
2015-08-14 12:56:00,361
2015-08-14 13:17:00,403
2015-08-14 13:27:00,424
2015-08-14 13:33:00,487
2015-08-14 13:47:00,470
2015-08-14 13:55:00,414
2015-08-14 14:16:00,180
2015-08-14 14:26:00,167
2015-08-14 14:37:00,188
2015-08-14 14:47:00,176
2015-08-14 15:07:00,194
2015-08-14 15:37:00,209
2015-08-14 15:47:00,223
2015-08-14 16:07:00,276
2015-08-14 16:24:00,327
2015-08-14 16:37:00,291
2015-08-14 16:43:00,282
2015-08-14 17:07:00,305
2015-08-14 17:47:00,275
2015-08-14 18:57:00,139
2015-08-14 23:01:00,171
2015-08-14 23:12:00,180
2015-08-14 23:32:00,214
2015-08-14 23:41:00,209
2015-08-15 04:32:00,45
2015-08-15 04:42:00,49
2015-08-15 04:52:00,52
2015-08-15 05:22:00,962
2015-08-15 05:31:00,1178
2015-08-15 06:02:00,111
2015-08-15 10:51:00,138
2015-08-15 11:02:00,197
2015-08-15 11:51:00,193
2015-08-15 22:36:00,152
2015-08-15 23:17:00,215
2015-08-15 23:27:00,265
2015-08-15 23:47:00,312
2015-08-16 05:17:00,117
2015-08-16 09:37:00,161
2015-08-16 10:46:00,116
2015-08-16 11:17:00,145
2015-08-16 15:27:00,280
2015-08-16 15:47:00,370
2015-08-16 15:57:00,352
2015-08-16 16:07:00,300
2015-08-16 16:27:00,221
2015-08-16 16:57:00,198
2015-08-16 17:07:00,262
2015-08-16 17:17:00,298
2015-08-16 17:36:00,384
2015-08-16 17:47:00,369
2015-08-16 17:57:00,336
2015-08-16 18:06:00,561
2015-08-16 18:16:00,366
2015-08-16 18:26:00,436
2015-08-16 18:37:00,472
2015-08-16 18:56:00,341
2015-08-16 19:07:00,220
2015-08-16 19:17:00,256
2015-08-16 19:27:00,225
2015-08-16 19:37:00,168
2015-08-16 19:47:00,172
2015-08-16 20:17:00,248
2015-08-16 21:30:00,185
2015-08-16 23:30:00,194
2015-08-17 03:40:00,130
2015-08-17 06:00:00,120
2015-08-17 07:30:00,196
2015-08-17 07:50:00,187
2015-08-17 08:10:00,177
2015-08-17 08:20:00,197
2015-08-17 08:30:00,252
2015-08-17 08:40:00,311
2015-08-17 08:49:00,332
2015-08-17 09:00:00,293
2015-08-17 09:10:00,254
2015-08-17 10:19:00,274
2015-08-17 10:30:00,379
2015-08-17 10:40:00,410
2015-08-17 10:50:00,331
2015-08-17 10:59:00,351
2015-08-17 11:08:00,325
2015-08-17 11:20:00,270
2015-08-17 11:30:00,313
2015-08-17 11:37:00,2409
2015-08-17 12:00:00,287
2015-08-17 12:18:00,284
2015-08-17 12:50:00,208
2015-08-17 15:50:00,74
2015-08-17 15:59:00,73
2015-08-17 16:28:00,154
2015-08-17 17:10:00,140
2015-08-18 08:23:00,197
2015-08-18 08:34:00,266
2015-08-18 08:44:00,287
2015-08-18 08:54:00,327
2015-08-18 09:12:00,250
2015-08-18 09:52:00,177
2015-08-18 10:04:00,172
2015-08-18 10:34:00,183
2015-08-18 10:44:00,219
2015-08-18 10:54:00,192
2015-08-18 11:04:00,190
2015-08-18 11:12:00,142
2015-08-18 13:53:00,137
2015-08-18 14:04:00,92
2015-08-18 14:14:00,94
2015-08-18 14:43:00,123
2015-08-18 20:47:00,140
2015-08-19 07:56:00,204
2015-08-19 08:17:00,212
2015-08-19 08:27:00,253
2015-08-19 08:57:00,281
2015-08-19 09:07:00,256
2015-08-19 09:27:00,363
2015-08-19 09:36:00,267
2015-08-19 09:47:00,369
2015-08-19 10:27:00,358
2015-08-19 10:37:00,362
2015-08-19 10:47:00,292
2015-08-19 10:57:00,317
2015-08-19 11:05:00,373
2015-08-19 11:25:00,341
2015-08-19 11:47:00,310
2015-08-19 11:57:00,298
2015-08-19 12:26:00,285
2015-08-19 12:57:00,525
2015-08-19 13:17:00,731
2015-08-19 13:44:00,688
2015-08-19 16:57:00,168
2015-08-19 17:07:00,164
2015-08-20 04:35:00,101
2015-08-20 05:05:00,114
2015-08-20 05:15:00,104
2015-08-20 05:34:00,112
2015-08-20 06:45:00,117
2015-08-20 08:25:00,260
2015-08-20 08:44:00,309
2015-08-20 09:35:00,202
2015-08-20 09:45:00,295
2015-08-20 09:55:00,395
2015-08-20 10:05:00,322
2015-08-20 10:15:00,292
2015-08-20 10:25:00,290
2015-08-20 10:35:00,273
2015-08-20 10:41:00,304
2015-08-20 10:55:00,258
2015-08-20 11:04:00,266
2015-08-20 11:34:00,332
2015-08-20 11:45:00,322
2015-08-20 11:55:00,205
2015-08-20 12:05:00,184
2015-08-20 12:25:00,150
2015-08-20 12:35:00,180
2015-08-20 12:45:00,172
2015-08-20 12:55:00,254
2015-08-20 13:45:00,187
2015-08-20 16:25:00,203
2015-08-20 16:35:00,169
2015-08-20 17:25:00,179
2015-08-20 17:35:00,159
2015-08-20 18:04:00,40
2015-08-20 18:15:00,39
2015-08-20 18:25:00,105
2015-08-20 18:33:00,144
2015-08-21 08:19:00,234
2015-08-21 08:27:00,184
2015-08-21 08:49:00,195
2015-08-21 08:59:00,213
2015-08-21 10:48:00,301
2015-08-21 10:58:00,314
2015-08-21 11:09:00,412
2015-08-21 11:29:00,390
2015-08-21 11:39:00,463
2015-08-21 11:49:00,448
2015-08-21 11:59:00,530
2015-08-21 12:19:00,432
2015-08-21 12:28:00,372
2015-08-21 12:37:00,336
2015-08-21 13:06:00,311
2015-08-21 13:29:00,318
2015-08-21 13:48:00,358
2015-08-21 14:29:00,132
2015-08-21 14:58:00,248
2015-08-21 15:09:00,279
2015-08-21 15:19:00,251
2015-08-21 15:39:00,311
2015-08-21 15:49:00,343
2015-08-21 15:59:00,377
2015-08-21 16:08:00,386
2015-08-21 16:29:00,343
2015-08-21 16:39:00,354
2015-08-21 16:49:00,355
2015-08-21 16:59:00,337
2015-08-21 17:08:00,276
2015-08-21 17:19:00,209
2015-08-21 17:28:00,203
2015-08-21 17:49:00,184
2015-08-21 20:58:00,151
2015-08-21 21:35:00,498
2015-08-21 21:49:00,1000
2015-08-21 21:59:00,1364
2015-08-21 22:12:00,1635
2015-08-22 04:50:00,57
2015-08-22 05:00:00,58
2015-08-22 05:10:00,155
2015-08-22 06:30:00,119
2015-08-22 07:10:00,110
2015-08-22 08:30:00,183
2015-08-22 09:06:00,364
2015-08-22 09:30:00,278
2015-08-22 09:50:00,221
2015-08-22 12:37:00,328
2015-08-23 15:48:00,146
2015-08-23 18:08:00,136
2015-08-23 18:46:00,121
2015-08-23 18:58:00,132
2015-08-23 19:18:00,180
2015-08-23 19:27:00,253
2015-08-23 19:58:00,229
2015-08-23 20:08:00,263
2015-08-23 20:18:00,307
2015-08-23 20:28:00,312
2015-08-23 20:37:00,313
2015-08-23 20:48:00,373
2015-08-23 21:07:00,184
2015-08-24 03:32:00,123
2015-08-24 03:43:00,129
2015-08-24 06:22:00,133
2015-08-24 07:51:00,194
2015-08-24 08:03:00,192
2015-08-24 08:13:00,178
2015-08-24 08:23:00,205
2015-08-24 08:33:00,250
2015-08-24 08:43:00,283
2015-08-24 08:53:00,296
2015-08-24 09:03:00,256
2015-08-24 09:13:00,218
2015-08-24 09:43:00,197
2015-08-24 09:53:00,226
2015-08-24 10:03:00,257
2015-08-24 10:13:00,211
2015-08-24 10:23:00,225
2015-08-24 10:43:00,262
2015-08-24 10:51:00,280
2015-08-24 11:03:00,483
2015-08-24 11:13:00,628
2015-08-24 11:23:00,1047
2015-08-24 11:33:00,1111
2015-08-24 11:42:00,764
2015-08-24 12:03:00,504
2015-08-24 12:12:00,729
2015-08-24 12:22:00,627
2015-08-24 12:33:00,288
2015-08-24 12:42:00,318
2015-08-24 12:52:00,167
2015-08-24 13:32:00,156
2015-08-24 13:43:00,161
2015-08-24 13:53:00,169
2015-08-24 14:03:00,181
2015-08-24 14:13:00,190
2015-08-24 14:23:00,154
2015-08-24 14:33:00,170
2015-08-24 15:52:00,77
2015-08-24 16:03:00,175
2015-08-24 16:13:00,190
2015-08-24 16:22:00,187
2015-08-24 16:43:00,141
2015-08-24 17:03:00,157
2015-08-24 17:13:00,173
2015-08-24 17:23:00,177
2015-08-24 17:43:00,140
2015-08-24 18:33:00,140
2015-08-24 18:41:00,141
2015-08-24 18:53:00,146
2015-08-24 19:03:00,155
2015-08-24 19:12:00,142
2015-08-25 08:12:00,155
2015-08-25 08:22:00,211
2015-08-25 08:30:00,232
2015-08-25 08:41:00,285
2015-08-25 08:50:00,324
2015-08-25 09:01:00,314
2015-08-25 09:12:00,236
2015-08-25 09:20:00,170
2015-08-25 09:32:00,161
2015-08-25 10:01:00,180
2015-08-25 10:21:00,222
2015-08-25 10:32:00,228
2015-08-25 10:42:00,240
2015-08-25 10:52:00,219
2015-08-25 11:02:00,226
2015-08-25 11:12:00,221
2015-08-25 11:32:00,204
2015-08-25 11:41:00,233
2015-08-25 12:02:00,263
2015-08-25 13:41:00,129
2015-08-25 13:52:00,114
2015-08-25 14:01:00,94
2015-08-25 14:12:00,109
2015-08-25 15:32:00,157
2015-08-25 15:41:00,171
2015-08-25 17:42:00,304
2015-08-25 17:50:00,379
2015-08-25 18:02:00,502
2015-08-25 18:11:00,608
2015-08-25 18:33:00,607
2015-08-25 18:40:00,695
2015-08-25 18:52:00,437
2015-08-25 19:02:00,260
2015-08-26 04:59:00,115
2015-08-26 05:09:00,108
2015-08-26 05:29:00,113
2015-08-26 06:09:00,111
2015-08-26 07:19:00,142
2015-08-26 08:09:00,207
2015-08-26 08:19:00,230
2015-08-26 08:30:00,305
2015-08-26 08:58:00,361
2015-08-26 09:40:00,205
2015-08-26 10:19:00,288
2015-08-26 10:30:00,351
2015-08-26 10:39:00,387
2015-08-26 10:49:00,293
2015-08-26 11:00:00,326
2015-08-26 11:08:00,405
2015-08-26 11:29:00,579
2015-08-26 11:39:00,486
2015-08-26 11:49:00,547
2015-08-26 12:00:00,710
2015-08-26 12:10:00,604
2015-08-26 12:30:00,480
2015-08-26 12:50:00,620
2015-08-26 13:00:00,494
2015-08-26 13:20:00,570
2015-08-26 13:37:00,420
2015-08-26 14:00:00,333
2015-08-26 14:09:00,272
2015-08-26 15:35:00,167
2015-08-27 00:10:00,124
2015-08-27 04:36:00,102
2015-08-27 04:46:00,114
2015-08-27 05:26:00,665
2015-08-27 05:36:00,1777
2015-08-27 05:46:00,1774
2015-08-27 06:36:00,122
2015-08-27 06:45:00,124
2015-08-27 08:06:00,171
2015-08-27 08:16:00,174
2015-08-27 08:25:00,207
2015-08-27 08:36:00,238
2015-08-27 08:44:00,265
2015-08-27 08:56:00,322
2015-08-27 09:06:00,270
2015-08-27 09:16:00,213
2015-08-27 09:25:00,205
2015-08-27 09:35:00,173
2015-08-27 09:56:00,195
2015-08-27 10:06:00,221
2015-08-27 10:14:00,272
2015-08-27 10:26:00,336
2015-08-27 10:36:00,394
2015-08-27 10:56:00,472
2015-08-27 11:06:00,519
2015-08-27 11:16:00,565
2015-08-27 11:26:00,523
2015-08-27 11:35:00,636
2015-08-27 11:46:00,345
2015-08-27 11:56:00,326
2015-08-27 12:07:00,281
2015-08-27 12:27:00,199
2015-08-27 12:37:00,238
2015-08-27 12:47:00,383
2015-08-27 12:57:00,413
2015-08-27 13:07:00,389
2015-08-27 13:17:00,364
2015-08-27 13:27:00,394
2015-08-27 13:36:00,376
2015-08-27 13:46:00,368
2015-08-27 16:17:00,193
2015-08-27 16:26:00,187
2015-08-27 17:27:00,177
2015-08-27 17:37:00,134
2015-08-27 17:46:00,110
2015-08-27 17:57:00,114
2015-08-27 18:17:00,90
2015-08-27 18:27:00,99
2015-08-27 18:35:00,187
2015-08-27 19:15:00,131
2015-08-28 04:47:00,117
2015-08-28 05:08:00,400
2015-08-28 05:18:00,114
2015-08-28 07:18:00,152
2015-08-28 07:37:00,160
2015-08-28 07:47:00,574
2015-08-28 08:19:00,218
2015-08-28 08:26:00,250
2015-08-28 08:38:00,280
2015-08-28 08:47:00,257
2015-08-28 08:58:00,246
2015-08-28 09:08:00,225
2015-08-28 09:28:00,167
2015-08-28 09:48:00,195
2015-08-28 09:57:00,247
2015-08-28 10:08:00,279
2015-08-28 10:18:00,334
2015-08-28 10:38:00,368
2015-08-28 10:48:00,334
2015-08-28 10:58:00,359
2015-08-28 11:07:00,500
2015-08-28 11:27:00,587
2015-08-28 11:34:00,612
2015-08-28 12:22:00,536
2015-08-28 12:36:00,728
2015-08-28 12:58:00,844
2015-08-28 13:07:00,566
2015-08-28 13:18:00,675
2015-08-28 13:28:00,616
2015-08-28 13:38:00,781
2015-08-28 13:56:00,702
2015-08-28 14:08:00,476
2015-08-28 14:18:00,297
2015-08-28 14:28:00,258
2015-08-28 14:48:00,223
2015-08-28 14:58:00,197
2015-08-28 15:38:00,234
2015-08-28 15:47:00,248
2015-08-28 15:58:00,260
2015-08-28 16:07:00,231
2015-08-28 16:27:00,215
2015-08-28 17:08:00,206
2015-08-28 17:38:00,177
2015-08-28 19:48:00,276
2015-08-28 19:58:00,277
2015-08-28 23:08:00,183
2015-08-28 23:48:00,299
2015-08-28 23:58:00,328
2015-08-29 10:53:00,157
2015-08-29 12:14:00,182
2015-08-29 12:25:00,167
2015-08-29 13:21:00,212
2015-08-29 13:55:00,172
2015-08-29 15:35:00,157
2015-08-29 18:45:00,133
2015-08-29 18:55:00,189
2015-08-29 19:04:00,185
2015-08-29 19:14:00,182
2015-08-29 19:34:00,172
2015-08-29 19:55:00,364
2015-08-29 20:04:00,378
2015-08-29 20:15:00,468
2015-08-29 20:23:00,761
2015-08-29 20:34:00,556
2015-08-29 20:44:00,606
2015-08-29 20:55:00,545
2015-08-29 21:03:00,286
2015-08-29 21:15:00,243
2015-08-30 04:55:00,109
2015-08-30 06:07:00,121
2015-08-30 09:37:00,166
2015-08-30 09:45:00,167
2015-08-30 10:27:00,136
2015-08-30 10:47:00,112
2015-08-30 10:56:00,119
2015-08-30 11:27:00,148
2015-08-30 12:25:00,182
2015-08-30 14:27:00,112
2015-08-30 14:46:00,331
2015-08-30 14:57:00,358
2015-08-30 15:07:00,377
2015-08-30 15:16:00,261
2015-08-30 15:25:00,319
2015-08-30 15:37:00,349
2015-08-30 15:46:00,322
2015-08-30 15:57:00,252
2015-08-30 16:07:00,215
2015-08-30 16:17:00,255
2015-08-30 16:27:00,284
2015-08-30 16:47:00,331
2015-08-30 17:05:00,569
2015-08-30 17:17:00,511
2015-08-30 17:26:00,431
2015-08-30 17:37:00,536
2015-08-30 17:47:00,520
2015-08-30 17:57:00,744
2015-08-30 18:06:00,485
2015-08-30 18:15:00,402
2015-08-30 18:26:00,351
2015-08-30 18:37:00,290
2015-08-30 18:47:00,237
2015-08-30 18:57:00,199
2015-08-30 19:16:00,211
2015-08-30 19:27:00,185
2015-08-30 19:37:00,150
2015-08-30 20:17:00,162
2015-08-30 20:27:00,163
2015-08-30 21:07:00,167
2015-08-30 22:17:00,171
2015-08-31 04:47:00,119
2015-08-31 05:26:00,114
2015-08-31 05:57:00,118
2015-08-31 07:50:00,176
2015-08-31 08:03:00,172
2015-08-31 08:11:00,168
2015-08-31 08:22:00,228
2015-08-31 08:32:00,280
2015-08-31 08:53:00,253
2015-08-31 09:03:00,189
2015-08-31 09:13:00,195
2015-08-31 10:43:00,278
2015-08-31 11:03:00,329
2015-08-31 11:13:00,292
2015-08-31 11:22:00,309
2015-08-31 11:29:00,299
2015-08-31 11:43:00,268
2015-08-31 11:53:00,263
2015-08-31 12:03:00,259
2015-08-31 14:03:00,171
2015-08-31 14:12:00,165
2015-08-31 14:33:00,127
2015-08-31 16:23:00,153
2015-08-31 17:43:00,178
2015-08-31 18:23:00,128
2015-08-31 19:11:00,177
2015-09-01 05:11:00,308
2015-09-01 05:23:00,686
2015-09-01 05:32:00,748
2015-09-01 08:05:00,164
2015-09-01 08:15:00,154
2015-09-01 08:25:00,165
2015-09-01 08:35:00,225
2015-09-01 08:44:00,243
2015-09-01 08:55:00,257
2015-09-01 09:15:00,194
2015-09-01 09:24:00,158
2015-09-01 10:35:00,124
2015-09-01 10:45:00,134
2015-09-01 10:55:00,118
2015-09-01 11:04:00,465
2015-09-01 11:14:00,114
2015-09-01 11:45:00,174
2015-09-01 13:44:00,141
2015-09-01 13:54:00,114
2015-09-01 14:11:00,91
2015-09-01 14:25:00,116
2015-09-01 14:35:00,140
2015-09-01 14:45:00,126
2015-09-01 22:01:00,147
2015-09-01 22:11:00,132
2015-09-01 23:21:00,176
2015-09-01 23:41:00,318
2015-09-01 23:59:00,460
2015-09-02 07:21:00,170
2015-09-02 07:41:00,170
2015-09-02 09:00:00,210
2015-09-02 09:11:00,175
2015-09-02 09:21:00,217
2015-09-02 09:41:00,156
2015-09-02 13:41:00,142
2015-09-02 14:11:00,66
2015-09-02 14:20:00,47
2015-09-02 17:10:00,151
2015-09-02 19:40:00,171
2015-09-02 19:49:00,174
2015-09-02 22:16:00,186
2015-09-02 22:36:00,605
2015-09-02 22:44:00,770
2015-09-02 22:56:00,991
2015-09-02 23:06:00,1190
2015-09-02 23:14:00,1150
2015-09-02 23:26:00,1033
2015-09-02 23:36:00,771
2015-09-02 23:46:00,723
2015-09-02 23:54:00,768
2015-09-03 00:06:00,639
2015-09-03 00:16:00,683
2015-09-03 00:26:00,682
2015-09-03 00:36:00,940
2015-09-03 00:46:00,908
2015-09-03 00:55:00,835
2015-09-03 01:06:00,653
2015-09-03 01:26:00,674
2015-09-03 01:36:00,954
2015-09-03 01:46:00,1028
2015-09-03 01:56:00,411
2015-09-03 02:05:00,204
2015-09-03 04:35:00,105
2015-09-03 04:46:00,116
2015-09-03 04:54:00,111
2015-09-03 05:05:00,110
2015-09-03 05:15:00,111
2015-09-03 05:25:00,110
2015-09-03 05:50:00,126
2015-09-03 06:06:00,118
2015-09-03 06:16:00,121
2015-09-03 06:46:00,127
2015-09-03 07:45:00,153
2015-09-03 08:16:00,176
2015-09-03 08:26:00,228
2015-09-03 08:35:00,296
2015-09-03 08:46:00,429
2015-09-03 08:56:00,404
2015-09-03 09:06:00,358
2015-09-03 09:15:00,351
2015-09-03 09:26:00,274
2015-09-03 09:46:00,247
2015-09-03 09:55:00,249
2015-09-03 10:06:00,298
2015-09-03 10:16:00,314
2015-09-03 10:26:00,352
2015-09-03 10:36:00,321
2015-09-03 10:55:00,211
2015-09-03 11:36:00,194
2015-09-03 11:46:00,158
2015-09-03 11:55:00,190
2015-09-03 12:05:00,251
2015-09-03 12:16:00,197
2015-09-03 12:26:00,149
2015-09-03 12:36:00,161
2015-09-03 12:45:00,108
2015-09-03 13:36:00,147
2015-09-03 16:24:00,182
2015-09-03 16:46:00,162
2015-09-03 17:14:00,215
2015-09-03 17:24:00,218
2015-09-03 17:36:00,168
2015-09-03 17:44:00,185
2015-09-03 17:56:00,126
2015-09-03 18:06:00,42
2015-09-03 18:15:00,41
2015-09-03 18:24:00,110
2015-09-03 18:35:00,152
2015-09-03 18:45:00,164
2015-09-03 19:06:00,141
2015-09-03 19:36:00,162
2015-09-03 21:52:00,153
2015-09-03 22:12:00,306
2015-09-03 22:32:00,512
2015-09-03 22:42:00,464
2015-09-03 22:52:00,665
2015-09-03 23:02:00,203
2015-09-04 05:53:00,2222
2015-09-04 07:43:00,151
2015-09-04 07:52:00,151
2015-09-04 08:01:00,162
2015-09-04 08:23:00,190
2015-09-04 08:31:00,201
2015-09-04 08:43:00,236
2015-09-04 08:53:00,243
2015-09-04 09:03:00,218
2015-09-04 09:23:00,162
2015-09-04 09:43:00,173
2015-09-04 09:53:00,206
2015-09-04 10:03:00,224
2015-09-04 10:13:00,223
2015-09-04 10:23:00,230
2015-09-04 10:43:00,269
2015-09-04 10:53:00,255
2015-09-04 11:02:00,292
2015-09-04 11:13:00,245
2015-09-04 11:23:00,212
2015-09-04 11:53:00,252
2015-09-04 12:03:00,296
2015-09-04 12:41:00,165
2015-09-04 13:39:00,335
2015-09-04 13:52:00,495
2015-09-04 14:02:00,626
2015-09-04 14:12:00,828
2015-09-04 14:22:00,627
2015-09-04 14:33:00,374
2015-09-04 14:53:00,298
2015-09-04 15:02:00,208
2015-09-04 15:23:00,200
2015-09-04 15:33:00,265
2015-09-04 15:43:00,276
2015-09-04 15:52:00,308
2015-09-04 16:03:00,255
2015-09-04 16:12:00,284
2015-09-04 16:23:00,289
2015-09-04 16:33:00,308
2015-09-04 16:42:00,347
2015-09-04 16:53:00,346
2015-09-04 16:58:00,360
2015-09-04 17:13:00,350
2015-09-04 17:30:00,255
2015-09-04 18:02:00,187
2015-09-04 18:12:00,166
2015-09-04 19:02:00,155
2015-09-05 08:39:00,163
2015-09-05 09:39:00,195
2015-09-05 09:59:00,517
2015-09-05 10:09:00,628
2015-09-05 10:28:00,391
2015-09-05 10:37:00,175
2015-09-05 10:49:00,172
2015-09-05 10:59:00,151
2015-09-05 13:27:00,198
2015-09-05 14:47:00,155
2015-09-05 19:07:00,145
2015-09-05 19:56:00,161
2015-09-05 20:17:00,189
2015-09-05 20:27:00,182
2015-09-05 22:37:00,120
2015-09-06 04:47:00,107
2015-09-06 05:27:00,1572
2015-09-06 05:37:00,1472
2015-09-06 05:47:00,1900
2015-09-06 06:07:00,118
2015-09-06 06:47:00,116
2015-09-06 06:57:00,115
2015-09-06 07:37:00,116
2015-09-06 09:37:00,160
2015-09-06 10:47:00,115
2015-09-06 10:57:00,112
2015-09-06 15:01:00,131
2015-09-06 15:51:00,137
2015-09-06 16:11:00,193
2015-09-06 19:01:00,135
2015-09-06 19:11:00,142
2015-09-06 19:21:00,167
2015-09-06 19:31:00,143
2015-09-06 19:39:00,149
2015-09-06 20:21:00,86
2015-09-06 20:30:00,339
2015-09-06 20:40:00,415
2015-09-06 20:51:00,1634
2015-09-06 21:01:00,1067
2015-09-06 21:20:00,521
2015-09-06 21:31:00,612
2015-09-06 21:41:00,101
2015-09-06 22:01:00,95
2015-09-06 22:11:00,433
2015-09-07 05:21:00,749
2015-09-07 05:31:00,1248
2015-09-07 05:41:00,1330
2015-09-07 06:00:00,116
2015-09-07 06:51:00,113
2015-09-07 07:01:00,118
2015-09-07 07:21:00,137
2015-09-07 07:31:00,131
2015-09-07 08:21:00,154
2015-09-07 08:41:00,165
2015-09-07 08:51:00,173
2015-09-07 09:01:00,147
2015-09-07 09:11:00,149
2015-09-07 11:00:00,113
2015-09-07 11:21:00,151
2015-09-07 11:39:00,151
2015-09-07 13:42:00,143
2015-09-07 14:03:00,164
2015-09-07 14:13:00,160
2015-09-07 15:54:00,71
2015-09-07 16:24:00,159
2015-09-07 17:24:00,136
2015-09-07 19:03:00,150
2015-09-07 19:13:00,141
2015-09-07 20:03:00,162
2015-09-07 20:13:00,158
2015-09-07 20:33:00,157
2015-09-07 21:33:00,156
2015-09-07 22:12:00,152
2015-09-08 04:23:00,120
2015-09-08 05:13:00,115
2015-09-08 05:23:00,1102
2015-09-08 05:32:00,1238
2015-09-08 05:41:00,1496
2015-09-08 07:53:00,172
2015-09-08 08:20:00,196
2015-09-08 08:32:00,293
2015-09-08 08:42:00,344
2015-09-08 08:53:00,344
2015-09-08 09:03:00,304
2015-09-08 09:12:00,254
2015-09-08 09:23:00,180
2015-09-08 09:43:00,120
2015-09-08 10:03:00,163
2015-09-08 10:13:00,224
2015-09-08 10:32:00,233
2015-09-08 10:36:00,256
2015-09-08 10:47:00,195
2015-09-08 10:57:00,178
2015-09-08 11:07:00,153
2015-09-08 11:45:00,169
2015-09-08 12:25:00,164
2015-09-08 13:47:00,125
2015-09-08 14:07:00,87
2015-09-08 14:17:00,126
2015-09-08 14:26:00,118
2015-09-08 14:47:00,126
2015-09-08 14:57:00,119
2015-09-08 15:45:00,173
2015-09-08 16:27:00,72
2015-09-08 16:37:00,819
2015-09-08 16:46:00,872
2015-09-08 17:06:00,42
2015-09-08 17:15:00,22
2015-09-08 17:27:00,164
2015-09-08 17:47:00,147
2015-09-08 19:57:00,165
2015-09-08 20:05:00,152
2015-09-08 20:47:00,153
2015-09-09 05:04:00,532
2015-09-09 05:37:00,123
2015-09-09 07:27:00,174
2015-09-09 07:47:00,202
2015-09-09 07:57:00,325
2015-09-09 08:07:00,386
2015-09-09 08:17:00,362
2015-09-09 08:27:00,312
2015-09-09 08:37:00,215
2015-09-09 08:46:00,166
2015-09-09 09:17:00,149
2015-09-09 09:57:00,196
2015-09-09 10:17:00,275
2015-09-09 10:19:00,272
2015-09-09 10:27:00,303
2015-09-09 10:49:00,185
2015-09-09 10:58:00,128
2015-09-09 13:30:00,148
2015-09-09 14:50:00,150
2015-09-09 15:10:00,183
2015-09-09 15:40:00,213
2015-09-09 15:48:00,189
2015-09-09 16:10:00,185
2015-09-09 16:19:00,164
2015-09-09 16:30:00,214
2015-09-09 16:39:00,215
2015-09-09 16:48:00,193
2015-09-09 17:00:00,225
2015-09-09 17:10:00,285
2015-09-09 17:20:00,289
2015-09-09 17:30:00,300
2015-09-09 17:48:00,366
2015-09-09 18:00:00,398
2015-09-09 18:10:00,428
2015-09-09 18:20:00,458
2015-09-09 18:28:00,467
2015-09-09 18:39:00,535
2015-09-09 18:50:00,506
2015-09-09 19:00:00,531
2015-09-09 19:10:00,497
2015-09-09 19:20:00,533
2015-09-09 19:30:00,448
2015-09-09 19:40:00,375
2015-09-09 19:49:00,329
2015-09-09 21:10:00,140
2015-09-09 22:20:00,133
2015-09-09 22:30:00,158
2015-09-09 22:40:00,143
2015-09-09 23:00:00,138
2015-09-09 23:40:00,134
2015-09-10 00:10:00,130
2015-09-10 00:20:00,125
2015-09-10 00:30:00,121
2015-09-10 04:20:00,135
2015-09-10 04:40:00,117
2015-09-10 04:50:00,132
2015-09-10 05:00:00,128
2015-09-10 05:10:00,115
2015-09-10 05:20:00,134
2015-09-10 05:26:00,127
2015-09-10 05:50:00,136
2015-09-10 06:00:00,137
2015-09-10 06:40:00,135
2015-09-10 06:50:00,146
2015-09-10 07:10:00,142
2015-09-10 07:30:00,227
2015-09-10 07:40:00,242
2015-09-10 08:10:00,287
2015-09-10 08:20:00,326
2015-09-10 08:30:00,328
2015-09-10 08:39:00,354
2015-09-10 08:50:00,431
2015-09-10 09:00:00,409
2015-09-10 09:10:00,555
2015-09-10 09:20:00,451
2015-09-10 09:29:00,502
2015-09-10 09:39:00,325
2015-09-10 09:50:00,348
2015-09-10 10:00:00,204
2015-09-10 10:20:00,214
2015-09-10 10:30:00,170
2015-09-10 10:40:00,177
2015-09-10 10:53:00,171
2015-09-10 11:03:00,177
2015-09-10 11:54:00,101
2015-09-10 12:04:00,90
2015-09-10 12:14:00,93
2015-09-10 12:21:00,72
2015-09-10 12:34:00,86
2015-09-10 12:44:00,89
2015-09-10 12:54:00,144
2015-09-10 13:03:00,180
2015-09-10 13:13:00,153
2015-09-10 13:34:00,159
2015-09-10 13:40:00,149
2015-09-10 13:53:00,156
2015-09-10 14:40:00,183
2015-09-10 15:04:00,192
2015-09-10 15:14:00,222
2015-09-10 15:24:00,226
2015-09-10 15:43:00,232
2015-09-10 15:53:00,210
2015-09-10 16:04:00,216
2015-09-10 16:14:00,207
2015-09-10 16:23:00,284
2015-09-10 16:33:00,205
2015-09-10 16:43:00,210
2015-09-10 16:54:00,178
2015-09-10 17:14:00,199
2015-09-10 17:23:00,244
2015-09-10 17:34:00,234
2015-09-10 17:43:00,219
2015-09-10 17:52:00,169
2015-09-10 18:04:00,68
2015-09-10 18:14:00,73
2015-09-10 18:23:00,185
2015-09-10 18:44:00,307
2015-09-10 18:54:00,342
2015-09-10 19:04:00,391
2015-09-10 19:14:00,338
2015-09-10 19:23:00,230
2015-09-10 19:32:00,179
2015-09-10 19:44:00,154
2015-09-10 20:04:00,166
2015-09-10 20:14:00,161
2015-09-11 04:58:00,371
2015-09-11 07:34:00,153
2015-09-11 07:43:00,162
2015-09-11 07:54:00,204
2015-09-11 08:04:00,342
2015-09-11 08:14:00,333
2015-09-11 08:24:00,351
2015-09-11 08:34:00,389
2015-09-11 08:44:00,422
2015-09-11 08:54:00,382
2015-09-11 09:04:00,426
2015-09-11 09:10:00,339
2015-09-11 09:24:00,326
2015-09-11 09:34:00,191
2015-09-11 10:14:00,168
2015-09-11 10:24:00,169
2015-09-11 10:34:00,181
2015-09-11 10:44:00,234
2015-09-11 10:53:00,248
2015-09-11 11:04:00,280
2015-09-11 11:14:00,270
2015-09-11 11:23:00,238
2015-09-11 11:30:00,199
2015-09-11 11:40:00,155
2015-09-11 11:59:00,217
2015-09-11 12:13:00,241
2015-09-11 12:27:00,348
2015-09-11 12:40:00,399
2015-09-11 12:49:00,290
2015-09-11 12:58:00,306
2015-09-11 13:19:00,258
2015-09-11 13:30:00,251
2015-09-11 13:40:00,291
2015-09-11 13:50:00,342
2015-09-11 14:00:00,244
2015-09-11 14:20:00,131
2015-09-11 14:50:00,147
2015-09-11 15:20:00,187
2015-09-11 15:29:00,210
2015-09-11 15:40:00,305
2015-09-11 15:50:00,319
2015-09-11 16:00:00,362
2015-09-11 16:10:00,384
2015-09-11 16:30:00,423
2015-09-11 16:40:00,439
2015-09-11 16:50:00,442
2015-09-11 17:10:00,449
2015-09-11 17:20:00,450
2015-09-11 17:30:00,403
2015-09-11 17:40:00,425
2015-09-11 17:50:00,417
2015-09-11 18:00:00,393
2015-09-11 18:10:00,378
2015-09-11 18:19:00,316
2015-09-11 18:30:00,283
2015-09-11 18:39:00,273
2015-09-11 18:50:00,265
2015-09-11 19:00:00,283
2015-09-11 19:10:00,305
2015-09-11 19:13:00,295
2015-09-11 19:23:00,250
2015-09-11 19:33:00,233
2015-09-11 19:43:00,232
2015-09-11 19:53:00,200
2015-09-11 20:02:00,189
2015-09-11 20:23:00,163
2015-09-11 21:43:00,169
2015-09-11 21:51:00,180
2015-09-11 22:03:00,170
2015-09-11 22:33:00,86
2015-09-12 03:03:00,119
2015-09-12 04:53:00,49
2015-09-12 05:13:00,118
2015-09-12 05:22:00,467
2015-09-12 05:39:00,1960
2015-09-12 06:43:00,123
2015-09-12 08:32:00,143
2015-09-12 08:43:00,171
2015-09-12 08:53:00,196
2015-09-12 09:03:00,229
2015-09-12 09:13:00,253
2015-09-12 09:23:00,269
2015-09-12 09:32:00,233
2015-09-12 09:42:00,281
2015-09-12 09:53:00,268
2015-09-12 10:03:00,234
2015-09-12 10:13:00,199
2015-09-12 10:22:00,166
2015-09-12 10:33:00,188
2015-09-12 10:43:00,206
2015-09-12 10:53:00,223
2015-09-12 11:03:00,267
2015-09-12 11:13:00,252
2015-09-12 11:14:00,254
2015-09-12 13:08:00,165
2015-09-12 13:47:00,137
2015-09-12 13:58:00,138
2015-09-12 15:07:00,138
2015-09-12 15:58:00,135
2015-09-12 17:48:00,231
2015-09-12 17:57:00,264
2015-09-12 18:08:00,280
2015-09-12 18:18:00,338
2015-09-12 18:28:00,303
2015-09-12 18:38:00,212
2015-09-12 18:48:00,174
2015-09-12 19:08:00,182
2015-09-12 19:18:00,154
2015-09-12 19:28:00,167
2015-09-12 19:38:00,161
2015-09-12 19:47:00,193
2015-09-12 19:58:00,181
2015-09-12 20:07:00,158
2015-09-12 20:18:00,211
2015-09-12 20:28:00,230
2015-09-12 20:38:00,178
2015-09-12 20:58:00,158
2015-09-12 21:28:00,152
2015-09-12 21:57:00,143
2015-09-12 22:38:00,115
2015-09-12 23:37:00,141
2015-09-13 00:58:00,157
2015-09-13 04:57:00,118
2015-09-13 05:08:00,119
2015-09-13 05:47:00,112
2015-09-13 06:48:00,116
2015-09-13 06:57:00,115
2015-09-13 07:05:00,116
2015-09-13 07:18:00,125
2015-09-13 07:28:00,118
2015-09-13 08:08:00,119
2015-09-13 08:18:00,120
2015-09-13 08:58:00,132
2015-09-13 09:28:00,128
2015-09-13 10:18:00,131
2015-09-13 10:27:00,132
2015-09-13 10:57:00,110
2015-09-13 11:28:00,139
2015-09-13 11:38:00,131
2015-09-13 11:48:00,130
2015-09-13 11:58:00,133
2015-09-13 12:08:00,136
2015-09-13 12:16:00,141
2015-09-13 12:47:00,135
2015-09-13 13:06:00,132
2015-09-13 13:48:00,119
2015-09-13 14:29:00,135
2015-09-13 14:49:00,139
2015-09-13 14:59:00,148
2015-09-13 15:19:00,139
2015-09-13 15:40:00,134
2015-09-13 15:50:00,152
2015-09-13 15:59:00,151
2015-09-13 16:10:00,175
2015-09-13 16:19:00,164
2015-09-13 16:29:00,183
2015-09-13 16:39:00,173
2015-09-13 16:49:00,192
2015-09-13 17:00:00,212
2015-09-13 17:07:00,178
2015-09-13 17:30:00,146
2015-09-13 17:40:00,142
2015-09-13 18:10:00,149
2015-09-13 18:30:00,146
2015-09-13 18:40:00,154
2015-09-13 18:59:00,145
2015-09-13 19:20:00,160
2015-09-13 19:28:00,157
2015-09-13 19:39:00,173
2015-09-13 20:08:00,127
2015-09-13 20:19:00,66
2015-09-13 20:29:00,69
2015-09-13 20:39:00,41
2015-09-13 20:49:00,42
2015-09-13 20:59:00,41
2015-09-13 21:08:00,38
2015-09-13 21:28:00,38
2015-09-13 21:39:00,74
2015-09-13 21:49:00,62
2015-09-13 21:59:00,60
2015-09-13 22:09:00,62
2015-09-13 22:29:00,129
2015-09-14 00:40:00,124
2015-09-14 01:40:00,121
2015-09-14 02:29:00,134
2015-09-14 03:09:00,126
2015-09-14 03:19:00,125
2015-09-14 03:39:00,119
2015-09-14 03:49:00,124
2015-09-14 03:59:00,126
2015-09-14 04:09:00,122
2015-09-14 04:19:00,122
2015-09-14 04:29:00,128
2015-09-14 04:39:00,123
2015-09-14 04:49:00,117
2015-09-14 05:09:00,114
2015-09-14 05:29:00,118
2015-09-14 07:19:00,162
2015-09-14 07:30:00,161
2015-09-14 07:49:00,139
2015-09-14 07:59:00,152
2015-09-14 08:09:00,156
2015-09-14 08:19:00,166
2015-09-14 08:29:00,229
2015-09-14 08:39:00,227
2015-09-14 08:47:00,274
2015-09-14 08:58:00,216
2015-09-14 09:09:00,161
2015-09-14 09:19:00,139
2015-09-14 09:49:00,136
2015-09-14 09:59:00,144
2015-09-14 10:09:00,160
2015-09-14 10:27:00,262
2015-09-14 10:39:00,347
2015-09-14 10:49:00,364
2015-09-14 10:59:00,384
2015-09-14 11:09:00,578
2015-09-14 11:19:00,626
2015-09-14 11:29:00,385
2015-09-14 11:39:00,289
2015-09-14 11:50:00,297
2015-09-14 11:59:00,337
2015-09-14 12:09:00,365
2015-09-14 12:19:00,326
2015-09-14 12:29:00,345
2015-09-14 12:39:00,271
2015-09-14 12:49:00,293
2015-09-14 12:59:00,300
2015-09-14 13:07:00,277
2015-09-14 13:29:00,159
2015-09-14 13:48:00,157
2015-09-14 13:58:00,174
2015-09-14 14:09:00,172
2015-09-14 14:16:00,175
2015-09-14 14:26:00,155
2015-09-14 14:46:00,175
2015-09-14 15:06:00,145
2015-09-14 15:56:00,67
2015-09-14 16:26:00,166
2015-09-14 16:36:00,150
2015-09-14 16:45:00,150
2015-09-14 17:06:00,144
2015-09-14 17:15:00,146
2015-09-14 17:26:00,186
2015-09-14 17:35:00,146
2015-09-14 17:46:00,144
2015-09-14 18:36:00,143
2015-09-14 18:45:00,145
2015-09-14 18:56:00,158
2015-09-14 19:16:00,160
2015-09-14 19:46:00,153
2015-09-14 22:26:00,136
2015-09-14 22:46:00,144
2015-09-15 00:16:00,134
2015-09-15 02:35:00,131
2015-09-15 03:36:00,127
2015-09-15 03:46:00,130
2015-09-15 04:16:00,121
2015-09-15 04:46:00,122
2015-09-15 04:54:00,114
2015-09-15 05:06:00,112
2015-09-15 05:36:00,116
2015-09-15 05:46:00,120
2015-09-15 06:06:00,129
2015-09-15 06:16:00,130
2015-09-15 07:36:00,179
2015-09-15 07:46:00,172
2015-09-15 07:55:00,152
2015-09-15 08:05:00,158
2015-09-15 08:15:00,169
2015-09-15 08:26:00,199
2015-09-15 08:36:00,101
2015-09-15 08:46:00,196
2015-09-15 08:56:00,124
2015-09-15 09:04:00,151
2015-09-15 09:16:00,192
2015-09-15 09:26:00,160
2015-09-15 09:36:00,146
2015-09-15 10:06:00,149
2015-09-15 11:46:00,261
2015-09-15 11:55:00,286
2015-09-15 12:04:00,257
2015-09-15 12:15:00,254
2015-09-15 12:26:00,182
2015-09-15 12:31:00,159
2015-09-15 12:46:00,163
2015-09-15 13:14:00,141
2015-09-15 13:46:00,129
2015-09-15 13:56:00,122
2015-09-15 14:05:00,94
2015-09-15 14:15:00,93
2015-09-15 14:26:00,117
2015-09-15 14:36:00,122
2015-09-15 14:45:00,119
2015-09-15 14:55:00,123
2015-09-15 15:34:00,157
2015-09-15 15:42:00,159
2015-09-15 16:34:00,138
2015-09-15 16:38:00,179
2015-09-15 17:15:00,149
2015-09-15 17:35:00,131
2015-09-15 17:53:00,148
2015-09-15 18:04:00,137
2015-09-15 18:55:00,145
2015-09-15 19:34:00,142
2015-09-15 20:15:00,148
2015-09-15 21:54:00,146
2015-09-15 22:35:00,151
2015-09-15 23:04:00,137
2015-09-16 00:45:00,124
2015-09-16 01:15:00,123
2015-09-16 01:53:00,120
2015-09-16 02:05:00,127
2015-09-16 02:15:00,137
2015-09-16 02:25:00,127
2015-09-16 03:05:00,121
2015-09-16 03:14:00,125
2015-09-16 03:35:00,125
2015-09-16 03:45:00,124
2015-09-16 03:54:00,128
2015-09-16 04:05:00,123
2015-09-16 04:15:00,126
2015-09-16 04:25:00,127
2015-09-16 04:35:00,125
2015-09-16 04:45:00,126
2015-09-16 05:03:00,422
2015-09-16 05:15:00,113
2015-09-16 05:25:00,117
2015-09-16 05:45:00,121
2015-09-16 05:55:00,122
2015-09-16 06:05:00,116
2015-09-16 06:15:00,123
2015-09-16 06:24:00,139
2015-09-16 06:55:00,140
2015-09-16 07:03:00,129
2015-09-16 07:25:00,152
2015-09-16 07:35:00,151
2015-09-16 07:44:00,157
2015-09-16 08:05:00,173
2015-09-16 08:15:00,180
2015-09-16 08:25:00,207
2015-09-16 08:35:00,294
2015-09-16 08:44:00,309
2015-09-16 08:54:00,344
2015-09-16 09:04:00,294
2015-09-16 09:15:00,302
2015-09-16 09:25:00,242
2015-09-16 09:35:00,175
2015-09-16 09:44:00,143
2015-09-16 09:54:00,140
2015-09-16 10:15:00,155
2015-09-16 10:25:00,202
2015-09-16 10:35:00,217
2015-09-16 10:45:00,186
2015-09-16 10:55:00,260
2015-09-16 11:03:00,394
2015-09-16 11:14:00,324
2015-09-16 11:25:00,168
2015-09-16 12:35:00,128
2015-09-16 12:45:00,138
2015-09-16 12:55:00,133
2015-09-16 13:03:00,132
2015-09-16 13:15:00,148
2015-09-16 13:42:00,139
2015-09-16 13:55:00,133
2015-09-16 14:05:00,142
2015-09-16 14:15:00,155
2015-09-16 14:25:00,128
2015-09-16 14:35:00,168
2015-09-16 14:43:00,156
2015-09-16 14:55:00,157
2015-09-16 15:30:00,146
2015-09-16 15:41:00,169
2015-09-16 15:51:00,147
2015-09-16 16:10:00,145
2015-09-16 16:20:00,161
2015-09-16 16:31:00,150
2015-09-16 16:41:00,156
2015-09-16 16:51:00,136
2015-09-16 17:11:00,170
2015-09-16 17:20:00,160
2015-09-16 17:50:00,159
2015-09-16 18:11:00,135
2015-09-16 18:20:00,160
2015-09-16 18:51:00,142
2015-09-16 19:00:00,144
2015-09-16 19:09:00,131
2015-09-16 19:21:00,138
2015-09-16 19:41:00,139
2015-09-16 19:51:00,154
2015-09-16 20:01:00,145
2015-09-16 20:10:00,135
2015-09-16 20:21:00,141
2015-09-16 20:29:00,153
2015-09-16 20:40:00,129
2015-09-16 20:49:00,133
2015-09-16 21:11:00,136
2015-09-16 21:21:00,129
2015-09-16 21:31:00,137
2015-09-16 21:41:00,140
2015-09-16 21:51:00,134
2015-09-16 22:01:00,144
2015-09-16 22:11:00,167
2015-09-16 22:20:00,315
2015-09-16 22:31:00,435
2015-09-16 22:50:00,809
2015-09-16 23:01:00,939
2015-09-16 23:11:00,779
2015-09-16 23:21:00,635
2015-09-16 23:31:00,581
2015-09-16 23:41:00,1107
2015-09-16 23:51:00,865
2015-09-17 00:00:00,650
2015-09-17 00:11:00,419
2015-09-17 00:21:00,291
2015-09-17 00:31:00,139
2015-09-17 00:41:00,122
2015-09-17 00:51:00,130
2015-09-17 01:11:00,122
2015-09-17 01:21:00,127
2015-09-17 01:31:00,123
2015-09-17 01:41:00,137
2015-09-17 02:01:00,126
2015-09-17 02:10:00,130
2015-09-17 06:01:00,117
2015-09-17 06:10:00,119
2015-09-17 06:21:00,132
2015-09-17 06:31:00,114
2015-09-17 06:41:00,133
2015-09-17 07:01:00,124
2015-09-17 07:11:00,134
2015-09-17 07:30:00,147
2015-09-17 07:41:00,148
2015-09-17 07:51:00,159
2015-09-17 08:00:00,156
2015-09-17 08:11:00,167
2015-09-17 08:21:00,186
2015-09-17 08:31:00,220
2015-09-17 08:40:00,251
2015-09-17 08:51:00,287
2015-09-17 09:00:00,304
2015-09-17 09:11:00,294
2015-09-17 09:20:00,244
2015-09-17 09:31:00,210
2015-09-17 09:41:00,195
2015-09-17 09:51:00,226
2015-09-17 10:01:00,196
2015-09-17 10:11:00,263
2015-09-17 10:21:00,342
2015-09-17 10:31:00,372
2015-09-17 10:41:00,432
2015-09-17 10:51:00,427
2015-09-17 11:01:00,429
2015-09-17 11:11:00,461
2015-09-17 11:21:00,349
2015-09-17 11:29:00,256
2015-09-17 11:41:00,201
2015-09-17 11:51:00,113
2015-09-17 11:59:00,102
2015-09-17 12:11:00,88
2015-09-17 12:21:00,70
2015-09-17 12:41:00,84
2015-09-17 12:51:00,154
2015-09-17 13:01:00,155
2015-09-17 13:10:00,149
2015-09-17 13:20:00,163
2015-09-17 13:28:00,158
2015-09-17 13:41:00,156
2015-09-17 13:50:00,140
2015-09-17 14:10:00,177
2015-09-17 14:21:00,160
2015-09-17 14:31:00,150
2015-09-17 14:41:00,153
2015-09-17 14:51:00,143
2015-09-17 15:00:00,151
2015-09-17 15:11:00,150
2015-09-17 15:21:00,149
2015-09-17 15:31:00,200
2015-09-17 15:34:00,218
2015-09-17 15:44:00,213
2015-09-17 15:54:00,211
2015-09-17 16:04:00,229
2015-09-17 16:13:00,235
2015-09-17 16:23:00,255
2015-09-17 16:34:00,189
2015-09-17 16:44:00,193
2015-09-17 17:00:00,216
2015-09-17 17:09:00,209