timestamp,value,anomaly_score,label,S(t)_standard,S(t)_reward_low_FP_rate,S(t)_reward_low_FN_rate
2013-10-09 16:25:00,9926554.0,0.0,0,-0.11,-0.22,-0.11
2013-10-09 16:30:00,50745578.0,0.0,0,-0.11,-0.22,-0.11
2013-10-09 16:35:00,61519397.0,0.0,0,-0.11,-0.22,-0.11
2013-10-09 16:40:00,55996401.0,0.0,0,-0.11,-0.22,-0.11
2013-10-09 16:45:00,40876988.0,0.0,0,-0.11,-0.22,-0.11
2013-10-09 16:50:00,27578939.0,0.0,0,-0.11,-0.22,-0.11
2013-10-09 16:55:00,21556437.0,0.0,0,-0.11,-0.22,-0.11
2013-10-09 17:00:00,17440444.6,0.0,0,-0.11,-0.22,-0.11
2013-10-09 17:05:00,15573374.0,0.0,0,-0.11,-0.22,-0.11
2013-10-09 17:10:00,16861197.6,0.0,0,-0.11,-0.22,-0.11
2013-10-09 17:15:00,15478144.6,0.0,0,-0.11,-0.22,-0.11
2013-10-09 17:20:00,13678676.6,0.0,0,-0.11,-0.22,-0.11
2013-10-09 17:25:00,11499313.8,0.0,0,-0.11,-0.22,-0.11
2013-10-09 17:30:00,12124202.8,0.0,0,-0.11,-0.22,-0.11
2013-10-09 17:35:00,9052782.8,0.0,0,-0.11,-0.22,-0.11
2013-10-09 17:40:00,8203117.2,0.0,0,-0.11,-0.22,-0.11
2013-10-09 17:45:00,8309003.0,0.0,0,-0.11,-0.22,-0.11
2013-10-09 17:50:00,7288143.8,0.0,0,-0.11,-0.22,-0.11
2013-10-09 17:55:00,8049176.2,0.0,0,-0.11,-0.22,-0.11
2013-10-09 18:00:00,7444835.6,0.0,0,-0.11,-0.22,-0.11
2013-10-09 18:05:00,6954155.4,0.0,0,-0.11,-0.22,-0.11
2013-10-09 18:10:00,7231045.0,0.0,0,-0.11,-0.22,-0.11
2013-10-09 18:15:00,8040165.8,0.0,0,-0.11,-0.22,-0.11
2013-10-09 18:20:00,8041010.6,0.0,0,-0.11,-0.22,-0.11
2013-10-09 18:25:00,8631127.0,0.0,0,-0.11,-0.22,-0.11
2013-10-09 18:30:00,10871151.8,0.0,0,-0.11,-0.22,-0.11
2013-10-09 18:35:00,12124409.6,0.0,0,-0.11,-0.22,-0.11
2013-10-09 18:40:00,13318374.8,0.0,0,-0.11,-0.22,-0.11
2013-10-09 18:45:00,13666994.4,0.0,0,-0.11,-0.22,-0.11
2013-10-09 18:50:00,14298954.0,0.0,0,-0.11,-0.22,-0.11
2013-10-09 18:55:00,12679300.0,0.0,0,-0.11,-0.22,-0.11
2013-10-09 19:00:00,13892004.8,0.0,0,-0.11,-0.22,-0.11
2013-10-09 19:05:00,14145179.8,0.0,0,-0.11,-0.22,-0.11
2013-10-09 19:10:00,13505345.2,0.0,0,-0.11,-0.22,-0.11
2013-10-09 19:15:00,12603028.8,0.0,0,-0.11,-0.22,-0.11
2013-10-09 19:20:00,12435453.8,0.0,0,-0.11,-0.22,-0.11
2013-10-09 19:25:00,12193640.4,0.0,0,-0.11,-0.22,-0.11
2013-10-09 19:30:00,11542288.0,0.0,0,-0.11,-0.22,-0.11
2013-10-09 19:35:00,11432968.6,0.0,0,-0.11,-0.22,-0.11
2013-10-09 19:40:00,12384512.2,0.0,0,-0.11,-0.22,-0.11
2013-10-09 19:45:00,11534099.6,0.0,0,-0.11,-0.22,-0.11
2013-10-09 19:50:00,14190782.8,0.0,0,-0.11,-0.22,-0.11
2013-10-09 19:55:00,10355034.8,0.0,0,-0.11,-0.22,-0.11
2013-10-09 20:00:00,11658785.8,0.0,0,-0.11,-0.22,-0.11
2013-10-09 20:05:00,11139206.8,0.0,0,-0.11,-0.22,-0.11
2013-10-09 20:10:00,8083117.8,0.0,0,-0.11,-0.22,-0.11
2013-10-09 20:15:00,8599227.6,0.0,0,-0.11,-0.22,-0.11
2013-10-09 20:20:00,9273135.2,0.0,0,-0.11,-0.22,-0.11
2013-10-09 20:25:00,10097324.2,0.0,0,-0.11,-0.22,-0.11
2013-10-09 20:30:00,7103913.6,0.0,0,-0.11,-0.22,-0.11
2013-10-09 20:35:00,6885343.0,0.0,0,-0.11,-0.22,-0.11
2013-10-09 20:40:00,9448017.6,0.0,0,-0.11,-0.22,-0.11
2013-10-09 20:45:00,9151835.2,0.0,0,-0.11,-0.22,-0.11
2013-10-09 20:50:00,7744279.8,0.0,0,-0.11,-0.22,-0.11
2013-10-09 20:55:00,8781789.8,0.0,0,-0.11,-0.22,-0.11
2013-10-09 21:00:00,8182947.4,0.0,0,-0.11,-0.22,-0.11
2013-10-09 21:05:00,8303328.2,0.0,0,-0.11,-0.22,-0.11
2013-10-09 21:10:00,7031833.4,0.0,0,-0.11,-0.22,-0.11
2013-10-09 21:15:00,8185888.6,0.0,0,-0.11,-0.22,-0.11
2013-10-09 21:20:00,8057902.0,0.0,0,-0.11,-0.22,-0.11
2013-10-09 21:25:00,7633338.0,0.0,0,-0.11,-0.22,-0.11
2013-10-09 21:30:00,6917495.8,0.0,0,-0.11,-0.22,-0.11
2013-10-09 21:35:00,6870317.0,0.0,0,-0.11,-0.22,-0.11
2013-10-09 21:40:00,7294645.6,0.0,0,-0.11,-0.22,-0.11
2013-10-09 21:45:00,5611490.2,0.0,0,-0.11,-0.22,-0.11
2013-10-09 21:50:00,6072482.4,0.0,0,-0.11,-0.22,-0.11
2013-10-09 21:55:00,5285099.8,0.0,0,-0.11,-0.22,-0.11
2013-10-09 22:00:00,6168137.2,0.0,0,-0.11,-0.22,-0.11
2013-10-09 22:05:00,5984117.8,0.0,0,-0.11,-0.22,-0.11
2013-10-09 22:10:00,5378818.4,0.0,0,-0.11,-0.22,-0.11
2013-10-09 22:15:00,4649463.4,0.0,0,-0.11,-0.22,-0.11
2013-10-09 22:20:00,4785452.6,0.0,0,-0.11,-0.22,-0.11
2013-10-09 22:25:00,3547037.6,0.0,0,-0.11,-0.22,-0.11
2013-10-09 22:30:00,4001507.2,0.0,0,-0.11,-0.22,-0.11
2013-10-09 22:35:00,3605455.2,0.0,0,-0.11,-0.22,-0.11
2013-10-09 22:40:00,3690194.0,0.0,0,-0.11,-0.22,-0.11
2013-10-09 22:45:00,3352156.8,0.0,0,-0.11,-0.22,-0.11
2013-10-09 22:50:00,3301986.2,0.0,0,-0.11,-0.22,-0.11
2013-10-09 22:55:00,3269069.2,0.0,0,-0.11,-0.22,-0.11
2013-10-09 23:00:00,3290852.4,0.0,0,-0.11,-0.22,-0.11
2013-10-09 23:05:00,1511772.6,0.0,0,-0.11,-0.22,-0.11
2013-10-09 23:10:00,1361081.2,0.0,0,-0.11,-0.22,-0.11
2013-10-09 23:15:00,1313713.0,0.0,0,-0.11,-0.22,-0.11
2013-10-09 23:20:00,2147718.8,0.0,0,-0.11,-0.22,-0.11
2013-10-09 23:25:00,1998864.2,0.0,0,-0.11,-0.22,-0.11
2013-10-09 23:30:00,1534170.4,0.0,0,-0.11,-0.22,-0.11
2013-10-09 23:35:00,978077.0,0.0,0,-0.11,-0.22,-0.11
2013-10-09 23:40:00,974482.6,0.0,0,-0.11,-0.22,-0.11
2013-10-09 23:45:00,1120244.0,0.0,0,-0.11,-0.22,-0.11
2013-10-09 23:50:00,1041381.4,0.0,0,-0.11,-0.22,-0.11
2013-10-09 23:55:00,1315852.8,0.0,0,-0.11,-0.22,-0.11
2013-10-10 00:00:00,1663223.0,0.0,0,-0.11,-0.22,-0.11
2013-10-10 00:05:00,881168.6,0.0,0,-0.11,-0.22,-0.11
2013-10-10 00:10:00,864271.8,0.0,0,-0.11,-0.22,-0.11
2013-10-10 00:15:00,831722.8,0.0,0,-0.11,-0.22,-0.11
2013-10-10 00:20:00,1025884.6,0.0,0,-0.11,-0.22,-0.11
2013-10-10 00:25:00,1056338.6,0.0,0,-0.11,-0.22,-0.11
2013-10-10 00:30:00,1342641.2,0.0,0,-0.11,-0.22,-0.11
2013-10-10 00:35:00,901321.4,0.0,0,-0.11,-0.22,-0.11
2013-10-10 00:40:00,994254.0,0.0,0,-0.11,-0.22,-0.11
2013-10-10 00:45:00,995340.2,0.0,0,-0.11,-0.22,-0.11
2013-10-10 00:50:00,1042389.8,0.0,0,-0.11,-0.22,-0.11
2013-10-10 00:55:00,1468524.8,0.0,0,-0.11,-0.22,-0.11
2013-10-10 01:00:00,1874774.4,0.0,0,-0.11,-0.22,-0.11
2013-10-10 01:05:00,1068452.6,0.0,0,-0.11,-0.22,-0.11
2013-10-10 01:10:00,997374.4,0.0,0,-0.11,-0.22,-0.11
2013-10-10 01:15:00,1185431.8,0.0,0,-0.11,-0.22,-0.11
2013-10-10 01:20:00,1253500.4,0.0,0,-0.11,-0.22,-0.11
2013-10-10 01:25:00,1019610.0,0.0,0,-0.11,-0.22,-0.11
2013-10-10 01:30:00,1467012.8,0.0,0,-0.11,-0.22,-0.11
2013-10-10 01:35:00,889605.0,0.0,0,-0.11,-0.22,-0.11
2013-10-10 01:40:00,825968.8,0.0,0,-0.11,-0.22,-0.11
2013-10-10 01:45:00,944624.6,0.0,0,-0.11,-0.22,-0.11
2013-10-10 01:50:00,1014397.6,0.0,0,-0.11,-0.22,-0.11
2013-10-10 01:55:00,985993.2,0.0,0,-0.11,-0.22,-0.11
2013-10-10 02:00:00,1556147.0,0.0,0,-0.11,-0.22,-0.11
2013-10-10 02:05:00,918924.2,0.0,0,-0.11,-0.22,-0.11
2013-10-10 02:10:00,946216.0,0.0,0,-0.11,-0.22,-0.11
2013-10-10 02:15:00,1203311.6,0.0,0,-0.11,-0.22,-0.11
2013-10-10 02:20:00,818717.8,0.0,0,-0.11,-0.22,-0.11
2013-10-10 02:25:00,1271861.4,0.0,0,-0.11,-0.22,-0.11
2013-10-10 02:30:00,1249426.0,0.0,0,-0.11,-0.22,-0.11
2013-10-10 02:35:00,959763.2,0.0,0,-0.11,-0.22,-0.11
2013-10-10 02:40:00,894922.6,0.0,0,-0.11,-0.22,-0.11
2013-10-10 02:45:00,1035031.6,0.0,0,-0.11,-0.22,-0.11
2013-10-10 02:50:00,1291079.8,0.0,0,-0.11,-0.22,-0.11
2013-10-10 02:55:00,1066712.6,0.0,0,-0.11,-0.22,-0.11
2013-10-10 03:00:00,2790829.8,0.0,0,-0.11,-0.22,-0.11
2013-10-10 03:05:00,2466770.6,0.0,0,-0.11,-0.22,-0.11
2013-10-10 03:10:00,3168191.8,0.0,0,-0.11,-0.22,-0.11
2013-10-10 03:15:00,1362582.2,0.0,0,-0.11,-0.22,-0.11
2013-10-10 03:20:00,1203811.0,0.0,0,-0.11,-0.22,-0.11
2013-10-10 03:25:00,892913.2,0.0,0,-0.11,-0.22,-0.11
2013-10-10 03:30:00,1422962.0,0.0,0,-0.11,-0.22,-0.11
2013-10-10 03:35:00,1272848.0,0.0,0,-0.11,-0.22,-0.11
2013-10-10 03:40:00,1383750.2,0.0,0,-0.11,-0.22,-0.11
2013-10-10 03:45:00,973746.4,0.0,0,-0.11,-0.22,-0.11
2013-10-10 03:50:00,1240975.6,0.0,0,-0.11,-0.22,-0.11
2013-10-10 03:55:00,1022294.6,0.0,0,-0.11,-0.22,-0.11
2013-10-10 04:00:00,1794335.0,0.0,0,-0.11,-0.22,-0.11
2013-10-10 04:05:00,1261058.8,0.0,0,-0.11,-0.22,-0.11
2013-10-10 04:10:00,1260534.4,0.0,0,-0.11,-0.22,-0.11
2013-10-10 04:15:00,1064257.4,0.0,0,-0.11,-0.22,-0.11
2013-10-10 04:20:00,1027933.8,0.0,0,-0.11,-0.22,-0.11
2013-10-10 04:25:00,959238.6,0.0,0,-0.11,-0.22,-0.11
2013-10-10 04:30:00,955490.2,0.0,0,-0.11,-0.22,-0.11
2013-10-10 04:35:00,1219726.6,0.0,0,-0.11,-0.22,-0.11
2013-10-10 04:40:00,944099.2,0.0,0,-0.11,-0.22,-0.11
2013-10-10 04:45:00,789781.0,0.0,0,-0.11,-0.22,-0.11
2013-10-10 04:50:00,1506217.2,0.0,0,-0.11,-0.22,-0.11
2013-10-10 04:55:00,1009633.4,0.0,0,-0.11,-0.22,-0.11
2013-10-10 05:00:00,1910032.4,0.0,0,-0.11,-0.22,-0.11
2013-10-10 05:05:00,1004299.4,0.0,0,-0.11,-0.22,-0.11
2013-10-10 05:10:00,800122.2,0.0,0,-0.11,-0.22,-0.11
2013-10-10 05:15:00,1414346.8,0.0,0,-0.11,-0.22,-0.11
2013-10-10 05:20:00,1114365.6,0.0,0,-0.11,-0.22,-0.11
2013-10-10 05:25:00,1222933.0,0.0,0,-0.11,-0.22,-0.11
2013-10-10 05:30:00,1177306.6,0.0,0,-0.11,-0.22,-0.11
2013-10-10 05:35:00,936231.0,0.0,0,-0.11,-0.22,-0.11
2013-10-10 05:40:00,1086114.8,0.0,0,-0.11,-0.22,-0.11
2013-10-10 05:45:00,865114.8,0.0,0,-0.11,-0.22,-0.11
2013-10-10 05:50:00,1058657.6,0.0,0,-0.11,-0.22,-0.11
2013-10-10 05:55:00,1002185.8,0.0,0,-0.11,-0.22,-0.11
2013-10-10 06:00:00,1487688.6,0.0,0,-0.11,-0.22,-0.11
2013-10-10 06:05:00,1031687.8,0.0,0,-0.11,-0.22,-0.11
2013-10-10 06:10:00,821456.4,0.0,0,-0.11,-0.22,-0.11
2013-10-10 06:15:00,898685.4,0.0,0,-0.11,-0.22,-0.11
2013-10-10 06:20:00,920632.8,0.0,0,-0.11,-0.22,-0.11
2013-10-10 06:25:00,1260650.8,0.0,0,-0.11,-0.22,-0.11
2013-10-10 06:30:00,1028933.8,0.0,0,-0.11,-0.22,-0.11
2013-10-10 06:35:00,792172.0,0.0,0,-0.11,-0.22,-0.11
2013-10-10 06:40:00,936512.8,0.0,0,-0.11,-0.22,-0.11
2013-10-10 06:45:00,1188596.2,0.0,0,-0.11,-0.22,-0.11
2013-10-10 06:50:00,1166070.0,0.0,0,-0.11,-0.22,-0.11
2013-10-10 06:55:00,924183.8,0.0,0,-0.11,-0.22,-0.11
2013-10-10 07:00:00,1702998.0,0.0,0,-0.11,-0.22,-0.11
2013-10-10 07:05:00,2861705.2,0.0,0,-0.11,-0.22,-0.11
2013-10-10 07:10:00,1146903.4,0.0,0,-0.11,-0.22,-0.11
2013-10-10 07:15:00,1051866.2,0.0,0,-0.11,-0.22,-0.11
2013-10-10 07:20:00,1196833.4,0.0,0,-0.11,-0.22,-0.11
2013-10-10 07:25:00,1439759.4,0.0,0,-0.11,-0.22,-0.11
2013-10-10 07:30:00,1084365.8,0.0,0,-0.11,-0.22,-0.11
2013-10-10 07:35:00,1227197.8,0.0,0,-0.11,-0.22,-0.11
2013-10-10 07:40:00,951286.8,0.0,0,-0.11,-0.22,-0.11
2013-10-10 07:45:00,909773.0,0.0,0,-0.11,-0.22,-0.11
2013-10-10 07:50:00,1673980.6,0.0,0,-0.11,-0.22,-0.11
2013-10-10 07:55:00,1239774.4,0.0,0,-0.11,-0.22,-0.11
2013-10-10 08:00:00,1623926.4,0.0,0,-0.11,-0.22,-0.11
2013-10-10 08:05:00,1899871.8,0.0,0,-0.11,-0.22,-0.11
2013-10-10 08:10:00,1061869.4,0.0,0,-0.11,-0.22,-0.11
2013-10-10 08:15:00,1169978.4,0.0,0,-0.11,-0.22,-0.11
2013-10-10 08:20:00,1309258.8,0.0,0,-0.11,-0.22,-0.11
2013-10-10 08:25:00,1400611.4,0.0,0,-0.11,-0.22,-0.11
2013-10-10 08:30:00,1478794.0,0.0,0,-0.11,-0.22,-0.11
2013-10-10 08:35:00,1154915.6,0.0,0,-0.11,-0.22,-0.11
2013-10-10 08:40:00,1119468.6,0.0,0,-0.11,-0.22,-0.11
2013-10-10 08:45:00,1315528.4,0.0,0,-0.11,-0.22,-0.11
2013-10-10 08:50:00,1316311.2,0.0,0,-0.11,-0.22,-0.11
2013-10-10 08:55:00,1252876.6,0.0,0,-0.11,-0.22,-0.11
2013-10-10 09:00:00,1611319.6,0.0,0,-0.11,-0.22,-0.11
2013-10-10 09:05:00,1874347.2,0.0,0,-0.11,-0.22,-0.11
2013-10-10 09:10:00,7734377.8,0.0,0,-0.11,-0.22,-0.11
2013-10-10 09:15:00,21326575.6,0.9662930000000001,0,-0.11,-0.22,-0.11
2013-10-10 09:20:00,34239448.6,0.0,0,-0.11,-0.22,-0.11
2013-10-10 09:25:00,39717876.0,0.0,0,-0.11,-0.22,-0.11
2013-10-10 09:30:00,41614284.6,0.0,0,-0.11,-0.22,-0.11
2013-10-10 09:35:00,46141497.6,0.0,0,-0.11,-0.22,-0.11
2013-10-10 09:40:00,36632762.0,0.0,0,-0.11,-0.22,-0.11
2013-10-10 09:45:00,22884266.2,0.0,0,-0.11,-0.22,-0.11
2013-10-10 09:50:00,18195488.2,0.0,0,-0.11,-0.22,-0.11
2013-10-10 09:55:00,14726156.8,0.0,0,-0.11,-0.22,-0.11
2013-10-10 10:00:00,13021075.2,0.0,0,-0.11,-0.22,-0.11
2013-10-10 10:05:00,12199362.0,0.0,0,-0.11,-0.22,-0.11
2013-10-10 10:10:00,10825948.6,0.0,0,-0.11,-0.22,-0.11
2013-10-10 10:15:00,9548127.6,0.0,0,-0.11,-0.22,-0.11
2013-10-10 10:20:00,8109072.2,0.0,0,-0.11,-0.22,-0.11
2013-10-10 10:25:00,8925800.4,0.0,0,-0.11,-0.22,-0.11
2013-10-10 10:30:00,7765588.0,0.0,0,-0.11,-0.22,-0.11
2013-10-10 10:35:00,6306836.6,0.0,1,1.0,1.0,1.0
2013-10-10 10:40:00,6912175.4,0.0,1,0.9988874626029411,0.9988874626029411,0.9988874626029413
2013-10-10 10:45:00,8497172.4,0.0,1,0.9976844152769112,0.9976844152769112,0.9976844152769113
2013-10-10 10:50:00,9570483.4,0.0,1,0.9963836172977596,0.9963836172977596,0.9963836172977597
2013-10-10 10:55:00,10766459.6,0.0,1,0.9949772695718712,0.9949772695718712,0.9949772695718713
2013-10-10 11:00:00,11728221.2,0.0,1,0.9934569751414049,0.9934569751414049,0.9934569751414049
2013-10-10 11:05:00,12230082.2,0.0,1,0.9918136975133393,0.9918136975133393,0.9918136975133391
2013-10-10 11:10:00,12685043.6,0.0,1,0.990037716805386,0.990037716805386,0.990037716805386
2013-10-10 11:15:00,13446408.0,0.0,1,0.9881185837274016,0.9881185837274016,0.9881185837274016
2013-10-10 11:20:00,13995080.6,0.0,1,0.9860450714481678,0.9860450714481678,0.9860450714481678
2013-10-10 11:25:00,14218029.8,0.0,1,0.9838051254352488,0.9838051254352488,0.9838051254352488
2013-10-10 11:30:00,13467919.2,0.0,1,0.9813858114009484,0.9813858114009484,0.9813858114009483
2013-10-10 11:35:00,13460836.0,0.0,1,0.9787732615413042,0.9787732615413042,0.978773261541304
2013-10-10 11:40:00,13809836.0,0.0,1,0.9759526193186012,0.9759526193186012,0.9759526193186012
2013-10-10 11:45:00,14009019.0,0.0,1,0.9729079831123338,0.9729079831123338,0.9729079831123338
2013-10-10 11:50:00,13084023.6,0.0,1,0.9696223491500444,0.9696223491500444,0.9696223491500445
2013-10-10 11:55:00,12709564.2,0.0,1,0.9660775542293956,0.9660775542293956,0.9660775542293957
2013-10-10 12:00:00,12814870.4,0.0,1,0.9622542188573336,0.9622542188573336,0.9622542188573335
2013-10-10 12:05:00,11877359.0,0.0,1,0.9581316915625562,0.9581316915625562,0.9581316915625562
2013-10-10 12:10:00,11696078.2,0.0,1,0.9536879952847572,0.9536879952847572,0.9536879952847571
2013-10-10 12:15:00,11996982.8,0.0,1,0.9488997769091174,0.9488997769091174,0.9488997769091174
2013-10-10 12:20:00,11997259.8,0.0,1,0.9437422611978667,0.9437422611978667,0.9437422611978669
2013-10-10 12:25:00,11376455.0,0.0,1,0.938189210572483,0.938189210572483,0.938189210572483
2013-10-10 12:30:00,11210009.4,0.0,1,0.9322128924197752,0.9322128924197752,0.9322128924197753
2013-10-10 12:35:00,9479133.6,0.0,1,0.9257840558314056,0.9257840558314056,0.9257840558314056
2013-10-10 12:40:00,8772188.6,0.0,1,0.9188719199369824,0.9188719199369824,0.9188719199369824
2013-10-10 12:45:00,7232056.8,0.0,1,0.9114441762521828,0.9114441762521828,0.9114441762521828
2013-10-10 12:50:00,5023842.2,0.0,1,0.9034670077302146,0.9034670077302146,0.9034670077302146
2013-10-10 12:55:00,4625737.4,0.0,1,0.894905127470338,0.894905127470338,0.894905127470338
2013-10-10 13:00:00,4001864.8,0.0,1,0.8857218402919231,0.8857218402919231,0.8857218402919231
2013-10-10 13:05:00,3590778.4,0.0,1,0.8758791306149394,0.8758791306149394,0.8758791306149394
2013-10-10 13:10:00,3459420.2,0.0,1,0.8653377802834321,0.8653377802834321,0.8653377802834321
2013-10-10 13:15:00,4111032.6,0.0,1,0.8540575201099341,0.8540575201099341,0.854057520109934
2013-10-10 13:20:00,4421097.4,0.0,1,0.8419972189854174,0.8419972189854174,0.8419972189854174
2013-10-10 13:25:00,4455026.0,0.0,1,0.8291151143676492,0.8291151143676492,0.8291151143676492
2013-10-10 13:30:00,7491621.6,0.0,1,0.8153690878042898,0.8153690878042898,0.8153690878042898
2013-10-10 13:35:00,6655292.6,0.0,1,0.8007169888371286,0.8007169888371286,0.8007169888371286
2013-10-10 13:40:00,5443550.2,0.0,1,0.7851170101404976,0.7851170101404976,0.7851170101404976
2013-10-10 13:45:00,6155358.2,0.0,1,0.7685281160402224,0.7685281160402224,0.7685281160402224
2013-10-10 13:50:00,6492683.4,0.0,1,0.7509105256113747,0.7509105256113747,0.7509105256113747
2013-10-10 13:55:00,6950044.0,0.0,1,0.732226250339838,0.732226250339838,0.732226250339838
2013-10-10 14:00:00,6841478.0,0.0,1,0.7124396848376816,0.7124396848376816,0.7124396848376816
2013-10-10 14:05:00,6484278.0,0.0,1,0.6915182473196357,0.6915182473196357,0.6915182473196357
2013-10-10 14:10:00,6224288.0,0.0,1,0.669433064486017,0.669433064486017,0.669433064486017
2013-10-10 14:15:00,6695084.8,0.0,1,0.6461596931430065,0.6461596931430065,0.6461596931430065
2013-10-10 14:20:00,6520807.0,0.0,1,0.6216788683729793,0.6216788683729793,0.6216788683729793
2013-10-10 14:25:00,4169085.8,0.0,1,0.5959772654194646,0.5959772654194646,0.5959772654194646
2013-10-10 14:30:00,3935875.6,0.0,1,0.5690482597740832,0.5690482597740832,0.5690482597740832
2013-10-10 14:35:00,3871600.0,0.0,1,0.5408926673744606,0.5408926673744606,0.5408926673744606
2013-10-10 14:40:00,4002291.2,0.0,1,0.511519444495621,0.511519444495621,0.511519444495621
2013-10-10 14:45:00,3947186.2,0.0,1,0.4809463250155622,0.4809463250155622,0.4809463250155622
2013-10-10 14:50:00,4353851.6,0.0,1,0.4492003714431167,0.4492003714431167,0.4492003714431167
2013-10-10 14:55:00,4353784.6,0.0,1,0.41631841559717375,0.41631841559717375,0.41631841559717375
2013-10-10 15:00:00,5099945.0,0.0,1,0.38234736529074304,0.38234736529074304,0.38234736529074304
2013-10-10 15:05:00,5771032.8,0.0,1,0.3473443549394635,0.3473443549394635,0.3473443549394635
2013-10-10 15:10:00,6843186.0,0.0,1,0.3113767207712836,0.3113767207712836,0.3113767207712836
2013-10-10 15:15:00,5279036.4,0.0,1,0.27452178528549,0.27452178528549,0.27452178528549
2013-10-10 15:20:00,6496034.2,0.0,1,0.23686644073872198,0.236866440738722,0.23686644073872198
2013-10-10 15:25:00,4476881.4,0.0,1,0.19850652757862364,0.19850652757862364,0.19850652757862364
2013-10-10 15:30:00,7500000.4,0.0,1,0.15954601066830212,0.15954601066830212,0.15954601066830212
2013-10-10 15:35:00,4549360.8,0.0,1,0.1200959635306232,0.1200959635306232,0.12009596353062321
2013-10-10 15:40:00,4837703.4,0.0,1,0.08027337830872802,0.08027337830872802,0.08027337830872802
2013-10-10 15:45:00,5145406.0,0.0,1,0.040199826265601785,0.040199826265601785,0.040199826265601785
2013-10-10 15:50:00,5235980.4,0.0,0,-0.004433081533402593,-0.008866163066805186,-0.004433081533402593
2013-10-10 15:55:00,4608298.0,0.0,0,-0.008851786440139548,-0.017703572880279097,-0.008851786440139548
2013-10-10 16:00:00,4648481.0,0.0,0,-0.01324192398614897,-0.02648384797229794,-0.01324192398614897
2013-10-10 16:05:00,5222922.0,0.0,0,-0.017589670138070345,-0.03517934027614069,-0.017589670138070345
2013-10-10 16:10:00,5018915.4,0.0,0,-0.021881738439621545,-0.043763476879243084,-0.02188173843962154
2013-10-10 16:15:00,6171433.4,0.0,0,-0.02610553656682004,-0.05221107313364008,-0.026105536566820037
2013-10-10 16:20:00,5202479.8,0.0,0,-0.030249304818954523,-0.06049860963790905,-0.030249304818954523
2013-10-10 16:25:00,3324062.0,0.0,0,-0.03430223359318032,-0.06860446718636064,-0.03430223359318032
2013-10-10 16:30:00,5081782.8,0.0,0,-0.03825455777443616,-0.07650911554887231,-0.038254557774436156
2013-10-10 16:35:00,4249074.6,0.0,0,-0.042097626894148116,-0.08419525378829623,-0.042097626894148116
2013-10-10 16:40:00,4199818.6,0.0,0,-0.045823950817487975,-0.09164790163497596,-0.045823950817487975
2013-10-10 16:45:00,5219494.2,0.0,0,-0.04942722156200593,-0.09885444312401186,-0.04942722156200593
2013-10-10 16:50:00,4694730.2,0.0,0,-0.05290231259127171,-0.10580462518254342,-0.05290231259127171
2013-10-10 16:55:00,6152926.2,0.0,0,-0.05624525753756866,-0.11249051507513733,-0.05624525753756866
2013-10-10 17:00:00,5550911.8,0.0,0,-0.05945321077113192,-0.11890642154226384,-0.05945321077113192
2013-10-10 17:05:00,4896396.0,0.0,0,-0.06252439254462118,-0.12504878508924233,-0.06252439254462117
2013-10-10 17:10:00,5670213.8,0.0,0,-0.06545802160519279,-0.13091604321038558,-0.06545802160519279
2013-10-10 17:15:00,4850725.4,0.0,0,-0.06825423819551853,-0.13650847639103705,-0.06825423819551853
2013-10-10 17:20:00,4571890.4,0.0,0,-0.07091402027807713,-0.14182804055615425,-0.07091402027807713
2013-10-10 17:25:00,4536476.8,0.0,0,-0.0734390956362558,-0.1468781912725116,-0.0734390956362558
2013-10-10 17:30:00,4437847.2,0.0,0,-0.07583185225487288,-0.15166370450974576,-0.07583185225487288
2013-10-10 17:35:00,5375253.2,0.0,0,-0.07809524908486573,-0.15619049816973146,-0.07809524908486572
2013-10-10 17:40:00,4312917.2,0.0,0,-0.08023272897344218,-0.16046545794688435,-0.08023272897344218
2013-10-10 17:45:00,3983407.8,0.0,0,-0.08224813521051573,-0.16449627042103146,-0.08224813521051572
2013-10-10 17:50:00,4300847.6,0.0,0,-0.08414563281993064,-0.16829126563986127,-0.08414563281993064
2013-10-10 17:55:00,4406236.0,0.0,0,-0.0859296354214985,-0.171859270842997,-0.0859296354214985
2013-10-10 18:00:00,4374796.8,0.0,0,-0.08760473821544514,-0.17520947643089027,-0.08760473821544514
2013-10-10 18:05:00,3936344.4,0.0,1,1.0,1.0,1.0
2013-10-10 18:10:00,3846504.4,0.0,1,0.9988874626029411,0.9988874626029411,0.9988874626029413
2013-10-10 18:15:00,3692155.2,0.0,1,0.9976844152769112,0.9976844152769112,0.9976844152769113
2013-10-10 18:20:00,3217057.0,0.0,1,0.9963836172977596,0.9963836172977596,0.9963836172977597
2013-10-10 18:25:00,3820828.8,0.0,1,0.9949772695718712,0.9949772695718712,0.9949772695718713
2013-10-10 18:30:00,4718348.6,0.0,1,0.9934569751414049,0.9934569751414049,0.9934569751414049
2013-10-10 18:35:00,3415757.8,0.0,1,0.9918136975133393,0.9918136975133393,0.9918136975133391
2013-10-10 18:40:00,4203280.8,0.0,1,0.990037716805386,0.990037716805386,0.990037716805386
2013-10-10 18:45:00,3655304.0,0.0,1,0.9881185837274016,0.9881185837274016,0.9881185837274016
2013-10-10 18:50:00,3335873.0,0.0,1,0.9860450714481678,0.9860450714481678,0.9860450714481678
2013-10-10 18:55:00,3137363.0,0.0,1,0.9838051254352488,0.9838051254352488,0.9838051254352488
2013-10-10 19:00:00,3636906.4,0.0,1,0.9813858114009484,0.9813858114009484,0.9813858114009483
2013-10-10 19:05:00,3469994.6,0.0,1,0.9787732615413042,0.9787732615413042,0.978773261541304
2013-10-10 19:10:00,3291118.6,0.0,1,0.9759526193186012,0.9759526193186012,0.9759526193186012
2013-10-10 19:15:00,3582063.0,0.0,1,0.9729079831123338,0.9729079831123338,0.9729079831123338
2013-10-10 19:20:00,3177593.0,0.0,1,0.9696223491500444,0.9696223491500444,0.9696223491500445
2013-10-10 19:25:00,3183260.8,0.0,1,0.9660775542293956,0.9660775542293956,0.9660775542293957
2013-10-10 19:30:00,2701991.8,0.0,1,0.9622542188573336,0.9622542188573336,0.9622542188573335
2013-10-10 19:35:00,2756069.0,0.0,1,0.9581316915625562,0.9581316915625562,0.9581316915625562
2013-10-10 19:40:00,3424595.0,0.0,1,0.9536879952847572,0.9536879952847572,0.9536879952847571
2013-10-10 19:45:00,2716830.0,0.0,1,0.9488997769091174,0.9488997769091174,0.9488997769091174
2013-10-10 19:50:00,2595576.6,0.0,1,0.9437422611978667,0.9437422611978667,0.9437422611978669
2013-10-10 19:55:00,3246679.0,0.0,1,0.938189210572483,0.938189210572483,0.938189210572483
2013-10-10 20:00:00,2800273.6,0.0,1,0.9322128924197752,0.9322128924197752,0.9322128924197753
2013-10-10 20:05:00,2484272.0,0.0,1,0.9257840558314056,0.9257840558314056,0.9257840558314056
2013-10-10 20:10:00,2227412.4,0.0,1,0.9188719199369824,0.9188719199369824,0.9188719199369824
2013-10-10 20:15:00,2684762.6,0.0,1,0.9114441762521828,0.9114441762521828,0.9114441762521828
2013-10-10 20:20:00,3560943.0,0.0,1,0.9034670077302146,0.9034670077302146,0.9034670077302146
2013-10-10 20:25:00,3986034.8,0.0,1,0.894905127470338,0.894905127470338,0.894905127470338
2013-10-10 20:30:00,4382304.2,0.0,1,0.8857218402919231,0.8857218402919231,0.8857218402919231
2013-10-10 20:35:00,6511585.2,0.0,1,0.8758791306149394,0.8758791306149394,0.8758791306149394
2013-10-10 20:40:00,13757010.4,0.0,1,0.8653377802834321,0.8653377802834321,0.8653377802834321
2013-10-10 20:45:00,9203809.4,0.0,1,0.8540575201099341,0.8540575201099341,0.854057520109934
2013-10-10 20:50:00,5384941.6,0.0,1,0.8419972189854174,0.8419972189854174,0.8419972189854174
2013-10-10 20:55:00,3715801.6,0.0,1,0.8291151143676492,0.8291151143676492,0.8291151143676492
2013-10-10 21:00:00,3076906.8,0.0,1,0.8153690878042898,0.8153690878042898,0.8153690878042898
2013-10-10 21:05:00,2981824.0,0.0,1,0.8007169888371286,0.8007169888371286,0.8007169888371286
2013-10-10 21:10:00,2508304.8,0.0,1,0.7851170101404976,0.7851170101404976,0.7851170101404976
2013-10-10 21:15:00,2873027.0,0.0,1,0.7685281160402224,0.7685281160402224,0.7685281160402224
2013-10-10 21:20:00,2736929.8,0.0,1,0.7509105256113747,0.7509105256113747,0.7509105256113747
2013-10-10 21:25:00,2852624.6,0.0,1,0.732226250339838,0.732226250339838,0.732226250339838
2013-10-10 21:30:00,2597563.6,0.0,1,0.7124396848376816,0.7124396848376816,0.7124396848376816
2013-10-10 21:35:00,2299805.4,0.0,1,0.6915182473196357,0.6915182473196357,0.6915182473196357
2013-10-10 21:40:00,2124006.6,0.0,1,0.669433064486017,0.669433064486017,0.669433064486017
2013-10-10 21:45:00,1843232.8,0.0,1,0.6461596931430065,0.6461596931430065,0.6461596931430065
2013-10-10 21:50:00,2516452.4,0.0,1,0.6216788683729793,0.6216788683729793,0.6216788683729793
2013-10-10 21:55:00,2635773.2,0.0,1,0.5959772654194646,0.5959772654194646,0.5959772654194646
2013-10-10 22:00:00,2934168.6,0.0,1,0.5690482597740832,0.5690482597740832,0.5690482597740832
2013-10-10 22:05:00,3165361.2,0.0,1,0.5408926673744606,0.5408926673744606,0.5408926673744606
2013-10-10 22:10:00,2596034.8,0.0,1,0.511519444495621,0.511519444495621,0.511519444495621
2013-10-10 22:15:00,2365396.2,0.0,1,0.4809463250155622,0.4809463250155622,0.4809463250155622
2013-10-10 22:20:00,2410592.4,0.0,1,0.4492003714431167,0.4492003714431167,0.4492003714431167
2013-10-10 22:25:00,2411177.2,0.0,1,0.41631841559717375,0.41631841559717375,0.41631841559717375
2013-10-10 22:30:00,2817637.0,0.0,1,0.38234736529074304,0.38234736529074304,0.38234736529074304
2013-10-10 22:35:00,2420126.0,0.0,1,0.3473443549394635,0.3473443549394635,0.3473443549394635
2013-10-10 22:40:00,2087740.6,0.0,1,0.3113767207712836,0.3113767207712836,0.3113767207712836
2013-10-10 22:45:00,1964231.0,0.0,1,0.27452178528549,0.27452178528549,0.27452178528549
2013-10-10 22:50:00,2010772.4,0.0,1,0.23686644073872198,0.236866440738722,0.23686644073872198
2013-10-10 22:55:00,1781298.8,0.0,1,0.19850652757862364,0.19850652757862364,0.19850652757862364
2013-10-10 23:00:00,2799522.0,0.0,1,0.15954601066830212,0.15954601066830212,0.15954601066830212
2013-10-10 23:05:00,2338843.0,0.0,1,0.1200959635306232,0.1200959635306232,0.12009596353062321
2013-10-10 23:10:00,1943066.8,0.0,1,0.08027337830872802,0.08027337830872802,0.08027337830872802
2013-10-10 23:15:00,2518236.8,0.0,1,0.040199826265601785,0.040199826265601785,0.040199826265601785
2013-10-10 23:20:00,3359710.8,0.0,0,-0.004433081533402593,-0.008866163066805186,-0.004433081533402593
2013-10-10 23:25:00,2119819.4,0.0,0,-0.008851786440139548,-0.017703572880279097,-0.008851786440139548
2013-10-10 23:30:00,2216677.4,0.0,0,-0.01324192398614897,-0.02648384797229794,-0.01324192398614897
2013-10-10 23:35:00,1922451.0,0.0,0,-0.017589670138070345,-0.03517934027614069,-0.017589670138070345
2013-10-10 23:40:00,2131340.4,0.0,0,-0.021881738439621545,-0.043763476879243084,-0.02188173843962154
2013-10-10 23:45:00,2174178.6,0.0,0,-0.02610553656682004,-0.05221107313364008,-0.026105536566820037
2013-10-10 23:50:00,2053342.8,0.0,0,-0.030249304818954523,-0.06049860963790905,-0.030249304818954523
2013-10-10 23:55:00,2500698.4,0.0,0,-0.03430223359318032,-0.06860446718636064,-0.03430223359318032
2013-10-11 00:00:00,2345290.8,0.0,0,-0.03825455777443616,-0.07650911554887231,-0.038254557774436156
2013-10-11 00:05:00,2157204.4,0.0,0,-0.042097626894148116,-0.08419525378829623,-0.042097626894148116
2013-10-11 00:10:00,2458691.2,0.0,0,-0.045823950817487975,-0.09164790163497596,-0.045823950817487975
2013-10-11 00:15:00,2451451.4,0.0,0,-0.04942722156200593,-0.09885444312401186,-0.04942722156200593
2013-10-11 00:20:00,2074059.4,0.0,0,-0.05290231259127171,-0.10580462518254342,-0.05290231259127171
2013-10-11 00:25:00,2823709.6,0.0,0,-0.05624525753756866,-0.11249051507513733,-0.05624525753756866
2013-10-11 00:30:00,3076168.6,0.0,0,-0.05945321077113192,-0.11890642154226384,-0.05945321077113192
2013-10-11 00:35:00,2733595.0,0.0,0,-0.06252439254462118,-0.12504878508924233,-0.06252439254462117
2013-10-11 00:40:00,2627582.6,0.0,0,-0.06545802160519279,-0.13091604321038558,-0.06545802160519279
2013-10-11 00:45:00,2571875.4,0.0,0,-0.06825423819551853,-0.13650847639103705,-0.06825423819551853
2013-10-11 00:50:00,2763043.4,0.0,0,-0.07091402027807713,-0.14182804055615425,-0.07091402027807713
2013-10-11 00:55:00,3373233.6,0.0,0,-0.0734390956362558,-0.1468781912725116,-0.0734390956362558
2013-10-11 01:00:00,2596747.2,0.0,0,-0.07583185225487288,-0.15166370450974576,-0.07583185225487288
2013-10-11 01:05:00,2573697.0,0.0,0,-0.07809524908486573,-0.15619049816973146,-0.07809524908486572
2013-10-11 01:10:00,2585580.8,0.0,0,-0.08023272897344218,-0.16046545794688435,-0.08023272897344218
2013-10-11 01:15:00,2926060.2,0.0,0,-0.08224813521051573,-0.16449627042103146,-0.08224813521051572
2013-10-11 01:20:00,2721994.2,0.0,0,-0.08414563281993064,-0.16829126563986127,-0.08414563281993064
2013-10-11 01:25:00,2826090.8,0.0,0,-0.0859296354214985,-0.171859270842997,-0.0859296354214985
2013-10-11 01:30:00,3175531.0,0.0,0,-0.08760473821544514,-0.17520947643089027,-0.08760473821544514
2013-10-11 01:35:00,2783067.4,0.0,0,-0.08917565739963262,-0.17835131479926525,-0.08917565739963262
2013-10-11 01:40:00,2646577.8,0.0,0,-0.09064717612432437,-0.18129435224864876,-0.09064717612432437
2013-10-11 01:45:00,2249622.8,0.0,0,-0.09202409691959056,-0.1840481938391811,-0.09202409691959056
2013-10-11 01:50:00,2380653.2,0.0,0,-0.09331120039532642,-0.18662240079065284,-0.09331120039532642
2013-10-11 01:55:00,3353167.8,0.0,0,-0.09451320991072697,-0.18902641982145396,-0.09451320991072697
2013-10-11 02:00:00,2691037.4,0.0,0,-0.09563476183561308,-0.19126952367122613,-0.09563476183561308
2013-10-11 02:05:00,2815953.6,0.0,0,-0.0966803809765224,-0.19336076195304486,-0.09668038097652241
2013-10-11 02:10:00,2388228.8,0.0,0,-0.0976544607121253,-0.1953089214242506,-0.0976544607121253
2013-10-11 02:15:00,2607510.2,0.0,0,-0.09856124737155167,-0.1971224947431033,-0.09856124737155166
2013-10-11 02:20:00,2258206.2,0.0,0,-0.09940482839211118,-0.19880965678422235,-0.09940482839211118
2013-10-11 02:25:00,2119898.0,0.0,0,-0.10018912380647324,-0.20037824761294648,-0.10018912380647324
2013-10-11 02:30:00,2234826.6,0.0,0,-0.10091788063085523,-0.20183576126171046,-0.10091788063085523
2013-10-11 02:35:00,2029213.0,0.0,0,-0.10159466975274974,-0.20318933950549947,-0.10159466975274974
2013-10-11 02:40:00,2022639.2,0.0,0,-0.10222288494721067,-0.20444576989442134,-0.10222288494721068
2013-10-11 02:45:00,2477133.0,0.0,0,-0.10280574368308272,-0.20561148736616547,-0.10280574368308273
2013-10-11 02:50:00,2322718.8,0.0,0,-0.10334628941351336,-0.2066925788270268,-0.10334628941351338
2013-10-11 02:55:00,2451926.6,0.0,0,-0.10384739507763782,-0.20769479015527564,-0.10384739507763782
2013-10-11 03:00:00,3751994.8,0.0,0,-0.1043117675717375,-0.208623535143475,-0.1043117675717375
2013-10-11 03:05:00,3835848.4,0.0,0,-0.10474195297792427,-0.20948390595584854,-0.10474195297792428
2013-10-11 03:10:00,4605135.8,0.0,0,-0.10514034236614628,-0.21028068473229256,-0.10514034236614628
2013-10-11 03:15:00,2598200.0,0.0,0,-0.10550917801084984,-0.2110183560216997,-0.10550917801084984
2013-10-11 03:20:00,2721577.4,0.0,0,-0.10585055988686937,-0.21170111977373876,-0.10585055988686937
2013-10-11 03:25:00,2402112.2,0.0,0,-0.10616645233005106,-0.21233290466010213,-0.10616645233005106
2013-10-11 03:30:00,2573645.6,0.0,0,-0.1064586907668018,-0.2129173815336036,-0.1064586907668018
2013-10-11 03:35:00,1869702.6,0.0,0,-0.10672898843329404,-0.2134579768665881,-0.10672898843329405
2013-10-11 03:40:00,2195341.8,0.0,0,-0.10697894301958306,-0.21395788603916613,-0.10697894301958306
2013-10-11 03:45:00,2179106.2,0.0,0,-0.10721004318655324,-0.2144200863731065,-0.10721004318655325
2013-10-11 03:50:00,2224773.8,0.0,0,-0.10742367491456684,-0.21484734982913367,-0.10742367491456684
2013-10-11 03:55:00,2051167.2,0.0,0,-0.10762112765209972,-0.21524225530419944,-0.10762112765209973
2013-10-11 04:00:00,2076078.6,0.0,0,-0.10780360024067727,-0.2156072004813545,-0.10780360024067726
2013-10-11 04:05:00,2338487.0,0.0,0,-0.10797220659921694,-0.21594441319843388,-0.10797220659921694
2013-10-11 04:10:00,2322368.6,0.0,0,-0.10812798115659204,-0.21625596231318406,-0.10812798115659202
2013-10-11 04:15:00,2213996.4,0.0,0,-0.10827188402597973,-0.2165437680519595,-0.10827188402597974
2013-10-11 04:20:00,1960851.4,0.0,0,-0.10840480591847652,-0.21680961183695305,-0.10840480591847652
2013-10-11 04:25:00,2122598.6,0.0,0,-0.10852757279665734,-0.21705514559331468,-0.10852757279665734
2013-10-11 04:30:00,2050746.2,0.0,0,-0.10864095027133124,-0.21728190054266247,-0.10864095027133124
2013-10-11 04:35:00,1663046.4,0.0,0,-0.10874564774678556,-0.21749129549357116,-0.10874564774678556
2013-10-11 04:40:00,1939977.0,0.0,0,-0.10884232232139952,-0.21768464464279905,-0.10884232232139951
2013-10-11 04:45:00,1737724.6,0.0,0,-0.1089315824517113,-0.2178631649034226,-0.1089315824517113
2013-10-11 04:50:00,2021960.8,0.0,0,-0.1090139913889047,-0.2180279827778094,-0.1090139913889047
2013-10-11 04:55:00,2004803.6,0.0,0,-0.1090900703972919,-0.2181801407945838,-0.1090900703972919
2013-10-11 05:00:00,2166114.6,0.0,0,-0.10916030176475792,-0.21832060352951585,-0.10916030176475791
2013-10-11 05:05:00,1853609.6,0.0,0,-0.109225131615336,-0.218450263230672,-0.109225131615336
2013-10-11 05:10:00,1976750.8,0.0,0,-0.10928497253413813,-0.2185699450682763,-0.10928497253413814
2013-10-11 05:15:00,2105559.2,0.0,0,-0.10934020601479866,-0.2186804120295973,-0.10934020601479866
2013-10-11 05:20:00,1761453.0,0.0,0,-0.10939118473942712,-0.21878236947885424,-0.10939118473942712
2013-10-11 05:25:00,2153253.4,0.0,0,-0.1094382347008306,-0.2188764694016612,-0.10943823470083061
2013-10-11 05:30:00,1780847.8,0.0,0,-0.10948165717647083,-0.2189633143529417,-0.10948165717647085
2013-10-11 05:35:00,2041699.2,0.0,0,-0.10952173056328564,-0.21904346112657128,-0.10952173056328564
2013-10-11 05:40:00,1819123.4,0.0,0,-0.10955871208213773,-0.21911742416427546,-0.10955871208213772
2013-10-11 05:45:00,1892495.8,0.0,0,-0.10959283936026663,-0.2191856787205333,-0.10959283936026665
2013-10-11 05:50:00,2131994.0,0.0,0,-0.10962433189972164,-0.21924866379944327,-0.10962433189972164
2013-10-11 05:55:00,2037706.0,0.0,0,-0.10965339243934892,-0.21930678487869787,-0.10965339243934893
2013-10-11 06:00:00,2019189.0,0.0,0,-0.10968020821750488,-0.21936041643500975,-0.10968020821750489
2013-10-11 06:05:00,1799215.4,0.0,0,-0.1097049521422666,-0.2194099042845332,-0.1097049521422666
2013-10-11 06:10:00,1805860.4,0.0,0,-0.1097277838755226,-0.2194555677510452,-0.10972778387552261
2013-10-11 06:15:00,1768089.2,0.0,0,-0.10974885083694602,-0.21949770167389204,-0.10974885083694602
2013-10-11 06:20:00,2498414.8,0.0,0,-0.10976828913348564,-0.2195365782669713,-0.10976828913348564
2013-10-11 06:25:00,2238022.2,0.0,0,-0.10978622441965827,-0.21957244883931654,-0.10978622441965827
2013-10-11 06:30:00,2159250.6,0.0,0,-0.1098027726935874,-0.2196055453871748,-0.1098027726935874
2013-10-11 06:35:00,2639714.6,0.0,0,-0.10981804103341196,-0.2196360820668239,-0.10981804103341195
2013-10-11 06:40:00,2171903.2,0.0,0,-0.10983212827838224,-0.2196642565567645,-0.10983212827838225
2013-10-11 06:45:00,2519590.8,0.0,0,-0.10984512565867097,-0.2196902513173419,-0.10984512565867095
2013-10-11 06:50:00,2841035.4,0.0,0,-0.10985711737765258,-0.2197142347553052,-0.10985711737765258
2013-10-11 06:55:00,2955063.4,0.0,0,-0.10986818115014664,-0.21973636230029325,-0.10986818115014663
2013-10-11 07:00:00,2999436.2,0.0,0,-0.1098783886998768,-0.2197567773997536,-0.1098783886998768
2013-10-11 07:05:00,3614117.4,0.0,0,-0.1098878062191696,-0.2197756124383392,-0.1098878062191696
2013-10-11 07:10:00,3138828.0,0.0,0,-0.10989649479370228,-0.21979298958740454,-0.10989649479370227
2013-10-11 07:15:00,2943885.2,0.0,0,-0.10990451079490923,-0.2198090215898185,-0.10990451079490925
2013-10-11 07:20:00,3058868.2,0.0,0,-0.10991190624246833,-0.21982381248493665,-0.10991190624246831
2013-10-11 07:25:00,3485896.2,0.0,0,-0.1099187291391134,-0.2198374582782268,-0.1099187291391134
2013-10-11 07:30:00,3034602.4,0.0,0,-0.1099250237798566,-0.2198500475597132,-0.1099250237798566
2013-10-11 07:35:00,3229994.2,0.0,0,-0.10993083103755057,-0.2198616620751011,-0.10993083103755055
2013-10-11 07:40:00,3210041.0,0.0,0,-0.10993618862657954,-0.21987237725315908,-0.10993618862657954
2013-10-11 07:45:00,3268730.4,0.0,0,-0.10994113134633653,-0.21988226269267305,-0.10994113134633651
2013-10-11 07:50:00,4081030.8,0.0,0,-0.10994569130601976,-0.21989138261203955,-0.10994569130601976
2013-10-11 07:55:00,4146895.2,0.0,0,-0.10994989813216947,-0.21989979626433892,-0.10994989813216947
2013-10-11 08:00:00,3599528.0,0.0,0,-0.10995377916025792,-0.21990755832051584,-0.10995377916025792
2013-10-11 08:05:00,3779623.6,0.0,0,-0.10995735961154912,-0.21991471922309824,-0.10995735961154912
2013-10-11 08:10:00,3734695.8,0.0,0,-0.10996066275635223,-0.2199213255127045,-0.10996066275635225
2013-10-11 08:15:00,3843868.2,0.0,0,-0.10996371006470876,-0.21992742012941752,-0.10996371006470876
2013-10-11 08:20:00,3627613.4,0.0,0,-0.10996652134547437,-0.2199330426909488,-0.10996652134547438
2013-10-11 08:25:00,3246938.2,0.0,0,-0.109969114874685,-0.21993822974937,-0.10996911487468501
2013-10-11 08:30:00,3139698.4,0.0,0,-0.1099715075140276,-0.2199430150280552,-0.10997150751402761
2013-10-11 08:35:00,3022623.2,0.0,0,-0.10997371482017533,-0.21994742964035066,-0.10997371482017532
2013-10-11 08:40:00,3175430.4,0.0,0,-0.10997575114568832,-0.21995150229137664,-0.10997575114568832
2013-10-11 08:45:00,2937446.6,0.0,0,-0.10997762973212816,-0.21995525946425634,-0.10997762973212817
2013-10-11 08:50:00,2705773.0,0.0,0,-0.10997936279598444,-0.21995872559196888,-0.10997936279598444
2013-10-11 08:55:00,2281336.2,0.0,0,-0.10998096160796664,-0.2199619232159333,-0.10998096160796665
2013-10-11 09:00:00,2721626.8,0.0,0,-0.10998243656617183,-0.2199648731323437,-0.10998243656617185
2013-10-11 09:05:00,2526060.2,0.0,0,-0.10998379726359987,-0.21996759452719972,-0.10998379726359987
2013-10-11 09:10:00,1943263.0,0.0,0,-0.10998505255045142,-0.21997010510090284,-0.10998505255045142
2013-10-11 09:15:00,2115264.8,0.0,0,-0.10998621059161144,-0.21997242118322288,-0.10998621059161144
2013-10-11 09:20:00,1716114.6,0.0,0,-0.10998727891968868,-0.21997455783937733,-0.10998727891968867
2013-10-11 09:25:00,1689399.4,0.0,0,-0.10998826448395453,-0.21997652896790906,-0.10998826448395453
2013-10-11 09:30:00,1614255.4,0.0,0,-0.10998917369549753,-0.21997834739099506,-0.10998917369549753
2013-10-11 09:35:00,1586300.6,0.0,0,-0.10999001246888546,-0.2199800249377709,-0.10999001246888546
2013-10-11 09:40:00,1945050.0,0.0,0,-0.1099907862606049,-0.2199815725212098,-0.1099907862606049
2013-10-11 09:45:00,1419494.6,0.0,0,-0.10999150010452707,-0.21998300020905412,-0.10999150010452707
2013-10-11 09:50:00,2052665.4,0.0,0,-0.10999215864462956,-0.2199843172892591,-0.10999215864462955
2013-10-11 09:55:00,1503766.4,0.0,0,-0.10999276616518623,-0.2199855323303725,-0.10999276616518625
2013-10-11 10:00:00,1425593.8,0.0,0,-0.10999332661862082,-0.21998665323724165,-0.10999332661862082
2013-10-11 10:05:00,1564241.2,0.0,0,-0.10999384365120456,-0.21998768730240914,-0.10999384365120457
2013-10-11 10:10:00,1445060.2,0.0,0,-0.10999432062676533,-0.21998864125353065,-0.10999432062676533
2013-10-11 10:15:00,1402325.6,0.0,0,-0.10999476064856097,-0.21998952129712196,-0.10999476064856097
2013-10-11 10:20:00,1630047.2,0.0,0,-0.10999516657945983,-0.2199903331589197,-0.10999516657945985
2013-10-11 10:25:00,1315837.2,0.0,0,-0.10999554106055873,-0.21999108212111745,-0.10999554106055873
2013-10-11 10:30:00,1399811.8,0.0,0,-0.10999588652835944,-0.21999177305671888,-0.10999588652835944
2013-10-11 10:35:00,1653111.4,0.0,0,-0.10999620523061553,-0.21999241046123105,-0.10999620523061551
2013-10-11 10:40:00,1317575.4,0.0,0,-0.10999649924095184,-0.21999299848190365,-0.10999649924095183
2013-10-11 10:45:00,1333332.8,0.0,0,-0.10999677047235214,-0.21999354094470427,-0.10999677047235214
2013-10-11 10:50:00,1646857.6,0.0,0,-0.1099970206896023,-0.2199940413792046,-0.1099970206896023
2013-10-11 10:55:00,1436422.6,0.0,0,-0.10999725152076976,-0.21999450304153956,-0.10999725152076976
2013-10-11 11:00:00,1447339.2,0.0,0,-0.10999746446779404,-0.21999492893558809,-0.10999746446779404
2013-10-11 11:05:00,1613220.4,0.0,0,-0.10999766091625704,-0.21999532183251405,-0.10999766091625703
2013-10-11 11:10:00,1662310.2,0.0,0,-0.10999784214439666,-0.21999568428879326,-0.10999784214439666
2013-10-11 11:15:00,1545840.2,0.0,0,-0.10999800933142233,-0.21999601866284466,-0.10999800933142233
2013-10-11 11:20:00,2411798.8,0.0,0,-0.10999816356518634,-0.21999632713037268,-0.10999816356518634
2013-10-11 11:25:00,2392206.4,0.0,0,-0.10999830584926117,-0.21999661169852236,-0.10999830584926117
2013-10-11 11:30:00,2101047.4,0.0,0,-0.10999843710946848,-0.21999687421893693,-0.10999843710946847
2013-10-11 11:35:00,1488686.2,0.0,0,-0.10999855819990237,-0.2199971163998047,-0.10999855819990235
2013-10-11 11:40:00,2004115.6,0.0,0,-0.10999866990848628,-0.21999733981697253,-0.10999866990848627
2013-10-11 11:45:00,1691222.6,0.0,0,-0.1099987729620991,-0.2199975459241982,-0.1099987729620991
2013-10-11 11:50:00,2059449.4,0.0,0,-0.10999886803130456,-0.2199977360626092,-0.10999886803130458
2013-10-11 11:55:00,2161052.6,0.0,0,-0.10999895573471401,-0.219997911469428,-0.10999895573471401
2013-10-11 12:00:00,2587023.0,0.0,0,-0.1099990366430112,-0.2199980732860224,-0.1099990366430112
2013-10-11 12:05:00,3038556.8,0.0,0,-0.10999911128266554,-0.21999822256533108,-0.10999911128266554
2013-10-11 12:10:00,3019801.6,0.0,0,-0.10999918013935747,-0.21999836027871494,-0.10999918013935749
2013-10-11 12:15:00,3016383.4,0.0,0,-0.1099992436611386,-0.2199984873222772,-0.1099992436611386
2013-10-11 12:20:00,3488911.0,0.0,0,-0.10999930226134688,-0.21999860452269376,-0.10999930226134688
2013-10-11 12:25:00,3639406.4,0.0,0,-0.1099993563212961,-0.2199987126425922,-0.1099993563212961
2013-10-11 12:30:00,4288769.2,0.0,0,-0.10999940619275696,-0.21999881238551391,-0.10999940619275696
2013-10-11 12:35:00,4508238.6,0.0,0,-0.10999945220024594,-0.21999890440049188,-0.10999945220024594
2013-10-11 12:40:00,3876246.2,0.0,0,-0.1099994946431368,-0.2199989892862736,-0.10999949464313681
2013-10-11 12:45:00,3620962.8,0.0,0,-0.1099995337976086,-0.2199990675952172,-0.10999953379760859
2013-10-11 12:50:00,4616707.2,0.0,0,-0.1099995699184426,-0.2199991398368852,-0.1099995699184426
2013-10-11 12:55:00,4108598.8,0.0,0,-0.1099996032406803,-0.2199992064813606,-0.1099996032406803
2013-10-11 13:00:00,4354785.6,0.0,0,-0.1099996339811526,-0.2199992679623052,-0.1099996339811526
2013-10-11 13:05:00,4086370.4,0.0,0,-0.10999966233989084,-0.2199993246797817,-0.10999966233989085
2013-10-11 13:10:00,4152349.6,0.0,0,-0.10999968850142833,-0.21999937700285666,-0.10999968850142831
2013-10-11 13:15:00,4059468.6,0.0,0,-0.109999712636001,-0.219999425272002,-0.109999712636001
2013-10-11 13:20:00,4503811.6,0.0,0,-0.10999973490065533,-0.21999946980131066,-0.10999973490065533
2013-10-11 13:25:00,4255971.6,0.0,0,-0.10999975544027006,-0.21999951088054007,-0.10999975544027006
2013-10-11 13:30:00,4555081.6,0.0,0,-0.10999977438849896,-0.2199995487769979,-0.10999977438849895
2013-10-11 13:35:00,3962572.6,0.0,0,-0.10999979186864052,-0.21999958373728104,-0.10999979186864052
2013-10-11 13:40:00,4546405.8,0.0,0,-0.1099998079944403,-0.2199996159888806,-0.1099998079944403
2013-10-11 13:45:00,4112242.4,0.0,0,-0.10999982287083104,-0.21999964574166206,-0.10999982287083102
2013-10-11 13:50:00,3963009.4,0.0,0,-0.10999983659461532,-0.21999967318923067,-0.10999983659461533
2013-10-11 13:55:00,4264964.2,0.0,0,-0.10999984925509584,-0.21999969851019166,-0.10999984925509582
2013-10-11 14:00:00,4711787.0,0.0,0,-0.10999986093465594,-0.21999972186931188,-0.10999986093465594
2013-10-11 14:05:00,4008551.6,0.0,0,-0.10999987170929627,-0.21999974341859255,-0.10999987170929629
2013-10-11 14:10:00,3886748.4,0.0,0,-0.109999881649129,-0.219999763298258,-0.10999988164912901
2013-10-11 14:15:00,4360407.8,0.0,0,-0.109999890818834,-0.219999781637668,-0.109999890818834
2013-10-11 14:20:00,3777113.6,0.0,0,-0.10999989927807992,-0.21999979855615984,-0.10999989927807993
2013-10-11 14:25:00,4448038.4,0.0,0,-0.10999990708191236,-0.2199998141638247,-0.10999990708191235
2013-10-11 14:30:00,4350720.0,0.0,0,-0.10999991428111196,-0.21999982856222391,-0.10999991428111196
2013-10-11 14:35:00,4000456.4,0.0,0,-0.10999992092252504,-0.2199998418450501,-0.10999992092252504
2013-10-11 14:40:00,3757759.0,0.0,0,-0.10999992704936833,-0.21999985409873665,-0.10999992704936831
2013-10-11 14:45:00,3714593.2,0.0,0,-0.10999993270151008,-0.21999986540302016,-0.10999993270151008
2013-10-11 14:50:00,3802077.8,0.0,0,-0.11,-0.22,-0.11
2013-10-11 14:55:00,4170299.8,0.0,0,-0.11,-0.22,-0.11
2013-10-11 15:00:00,5127343.2,0.0,0,-0.11,-0.22,-0.11
2013-10-11 15:05:00,5878506.0,0.0,0,-0.11,-0.22,-0.11
2013-10-11 15:10:00,7135374.6,0.0,0,-0.11,-0.22,-0.11
2013-10-11 15:15:00,5958465.2,0.0,0,-0.11,-0.22,-0.11
2013-10-11 15:20:00,5198396.6,0.0,0,-0.11,-0.22,-0.11
2013-10-11 15:25:00,4433295.4,0.0,0,-0.11,-0.22,-0.11
2013-10-11 15:30:00,4855605.8,0.0,0,-0.11,-0.22,-0.11
2013-10-11 15:35:00,4924891.2,0.0,0,-0.11,-0.22,-0.11
2013-10-11 15:40:00,4788996.0,0.0,0,-0.11,-0.22,-0.11
2013-10-11 15:45:00,4697164.6,0.0,0,-0.11,-0.22,-0.11
2013-10-11 15:50:00,4682754.0,0.0,0,-0.11,-0.22,-0.11
2013-10-11 15:55:00,4119163.4,0.0,0,-0.11,-0.22,-0.11
2013-10-11 16:00:00,5152299.2,0.0,0,-0.11,-0.22,-0.11
2013-10-11 16:05:00,5840876.0,0.0,0,-0.11,-0.22,-0.11
2013-10-11 16:10:00,4851767.2,0.0,0,-0.11,-0.22,-0.11
2013-10-11 16:15:00,5146560.4,0.0,0,-0.11,-0.22,-0.11
2013-10-11 16:20:00,4523770.8,0.0,0,-0.11,-0.22,-0.11
2013-10-11 16:25:00,5435023.6,0.0,0,-0.11,-0.22,-0.11
2013-10-11 16:30:00,4971937.8,0.0,0,-0.11,-0.22,-0.11
2013-10-11 16:35:00,5635966.8,0.0,0,-0.11,-0.22,-0.11
2013-10-11 16:40:00,5122805.8,0.0,0,-0.11,-0.22,-0.11
2013-10-11 16:45:00,5066339.0,0.0,0,-0.11,-0.22,-0.11
2013-10-11 16:50:00,5091821.0,0.0,0,-0.11,-0.22,-0.11
2013-10-11 16:55:00,5286978.0,0.0,0,-0.11,-0.22,-0.11
2013-10-11 17:00:00,4617354.2,0.0,0,-0.11,-0.22,-0.11
2013-10-11 17:05:00,5074936.2,0.0,0,-0.11,-0.22,-0.11
2013-10-11 17:10:00,4946120.0,0.0,0,-0.11,-0.22,-0.11
2013-10-11 17:15:00,6072816.0,0.0,0,-0.11,-0.22,-0.11
2013-10-11 17:20:00,5499821.0,0.0,0,-0.11,-0.22,-0.11
2013-10-11 17:25:00,5616319.6,0.0,0,-0.11,-0.22,-0.11
2013-10-11 17:30:00,6105407.6,0.0,0,-0.11,-0.22,-0.11
2013-10-11 17:35:00,5154501.0,0.0,0,-0.11,-0.22,-0.11
2013-10-11 17:40:00,4878282.2,0.0,0,-0.11,-0.22,-0.11
2013-10-11 17:45:00,5460952.2,0.0,0,-0.11,-0.22,-0.11
2013-10-11 17:50:00,5431154.6,0.0,0,-0.11,-0.22,-0.11
2013-10-11 17:55:00,6670608.0,0.0,0,-0.11,-0.22,-0.11
2013-10-11 18:00:00,6095858.6,0.0,0,-0.11,-0.22,-0.11
2013-10-11 18:05:00,6956541.4,0.0,0,-0.11,-0.22,-0.11
2013-10-11 18:10:00,6199730.6,0.0,0,-0.11,-0.22,-0.11
2013-10-11 18:15:00,5714497.8,0.0,0,-0.11,-0.22,-0.11
2013-10-11 18:20:00,6457977.6,0.0,0,-0.11,-0.22,-0.11
2013-10-11 18:25:00,5753349.2,0.0,0,-0.11,-0.22,-0.11
2013-10-11 18:30:00,6047827.2,0.0,0,-0.11,-0.22,-0.11
2013-10-11 18:35:00,6658760.6,0.0,0,-0.11,-0.22,-0.11
2013-10-11 18:40:00,5845224.0,0.0,0,-0.11,-0.22,-0.11
2013-10-11 18:45:00,6342895.4,0.0,0,-0.11,-0.22,-0.11
2013-10-11 18:50:00,6092819.0,0.0,0,-0.11,-0.22,-0.11
2013-10-11 18:55:00,6495620.4,0.0,0,-0.11,-0.22,-0.11
2013-10-11 19:00:00,6848253.4,0.0,0,-0.11,-0.22,-0.11
2013-10-11 19:05:00,7022389.4,0.0,0,-0.11,-0.22,-0.11
2013-10-11 19:10:00,6095139.6,0.0,0,-0.11,-0.22,-0.11
2013-10-11 19:15:00,5196470.0,0.0,0,-0.11,-0.22,-0.11
2013-10-11 19:20:00,6245523.6,0.0,0,-0.11,-0.22,-0.11
2013-10-11 19:25:00,6063450.0,0.0,0,-0.11,-0.22,-0.11
2013-10-11 19:30:00,5752171.4,0.0,0,-0.11,-0.22,-0.11
2013-10-11 19:35:00,6961971.2,0.0,0,-0.11,-0.22,-0.11
2013-10-11 19:40:00,5756761.6,0.0,0,-0.11,-0.22,-0.11
2013-10-11 19:45:00,6439968.0,0.0,0,-0.11,-0.22,-0.11
2013-10-11 19:50:00,6029420.4,0.0,0,-0.11,-0.22,-0.11
2013-10-11 19:55:00,5526105.2,0.0,0,-0.11,-0.22,-0.11
2013-10-11 20:00:00,5683547.4,0.0,0,-0.11,-0.22,-0.11
2013-10-11 20:05:00,5640075.6,0.0,0,-0.11,-0.22,-0.11
2013-10-11 20:10:00,5640589.8,0.0,0,-0.11,-0.22,-0.11
2013-10-11 20:15:00,5567824.0,0.0,0,-0.11,-0.22,-0.11
2013-10-11 20:20:00,5077413.0,0.0,0,-0.11,-0.22,-0.11
2013-10-11 20:25:00,5764415.0,0.0,0,-0.11,-0.22,-0.11
2013-10-11 20:30:00,6909404.8,0.0,0,-0.11,-0.22,-0.11
2013-10-11 20:35:00,7339086.6,0.0,0,-0.11,-0.22,-0.11
2013-10-11 20:40:00,10412561.6,0.0,0,-0.11,-0.22,-0.11
2013-10-11 20:45:00,7364122.0,0.0,0,-0.11,-0.22,-0.11
2013-10-11 20:50:00,5189782.4,0.0,0,-0.11,-0.22,-0.11
2013-10-11 20:55:00,3723893.6,0.0,0,-0.11,-0.22,-0.11
2013-10-11 21:00:00,6623585.8,0.0,0,-0.11,-0.22,-0.11
2013-10-11 21:05:00,4414673.2,0.0,0,-0.11,-0.22,-0.11
2013-10-11 21:10:00,9307313.4,0.0,0,-0.11,-0.22,-0.11
2013-10-11 21:15:00,3958717.2,0.0,0,-0.11,-0.22,-0.11
2013-10-11 21:20:00,4500197.4,0.0,0,-0.11,-0.22,-0.11
2013-10-11 21:25:00,4809785.2,0.0,0,-0.11,-0.22,-0.11
2013-10-11 21:30:00,4220875.4,0.4606560000000001,0,-0.11,-0.22,-0.11
2013-10-11 21:35:00,4678269.8,0.0,0,-0.11,-0.22,-0.11
2013-10-11 21:40:00,4023287.8,0.0,0,-0.11,-0.22,-0.11
2013-10-11 21:45:00,4025726.2,0.0,0,-0.11,-0.22,-0.11
2013-10-11 21:50:00,4899668.2,0.0,0,-0.11,-0.22,-0.11
2013-10-11 21:55:00,4500448.2,0.0,0,-0.11,-0.22,-0.11
2013-10-11 22:00:00,5425124.2,0.0,0,-0.11,-0.22,-0.11
2013-10-11 22:05:00,4736342.6,0.0,0,-0.11,-0.22,-0.11
2013-10-11 22:10:00,3897116.4,0.0,0,-0.11,-0.22,-0.11
2013-10-11 22:15:00,4175719.2,0.0,0,-0.11,-0.22,-0.11
2013-10-11 22:20:00,3768877.4,0.0,0,-0.11,-0.22,-0.11
2013-10-11 22:25:00,3633691.4,0.0,0,-0.11,-0.22,-0.11
2013-10-11 22:30:00,3136307.2,0.0,0,-0.11,-0.22,-0.11
2013-10-11 22:35:00,3600642.0,0.0,0,-0.11,-0.22,-0.11
2013-10-11 22:40:00,3480859.4,0.0,0,-0.11,-0.22,-0.11
2013-10-11 22:45:00,3182200.6,0.0,0,-0.11,-0.22,-0.11
2013-10-11 22:50:00,3398359.6,0.0,0,-0.11,-0.22,-0.11
2013-10-11 22:55:00,3428305.6,0.0,0,-0.11,-0.22,-0.11
2013-10-11 23:00:00,3942081.2,0.0,0,-0.11,-0.22,-0.11
2013-10-11 23:05:00,3610477.8,0.0,0,-0.11,-0.22,-0.11
2013-10-11 23:10:00,2606589.8,0.0,0,-0.11,-0.22,-0.11
2013-10-11 23:15:00,2532067.6,0.0,0,-0.11,-0.22,-0.11
2013-10-11 23:20:00,3795175.8,0.0,0,-0.11,-0.22,-0.11
2013-10-11 23:25:00,4031016.2,0.0,0,-0.11,-0.22,-0.11
2013-10-11 23:30:00,3087124.6,0.0,0,-0.11,-0.22,-0.11
2013-10-11 23:35:00,2645886.2,0.0,0,-0.11,-0.22,-0.11
2013-10-11 23:40:00,2921061.8,0.0,0,-0.11,-0.22,-0.11
2013-10-11 23:45:00,2868193.8,0.0,0,-0.11,-0.22,-0.11
2013-10-11 23:50:00,3678312.0,0.0,0,-0.11,-0.22,-0.11
2013-10-11 23:55:00,3993569.2,0.0,0,-0.11,-0.22,-0.11
2013-10-12 00:00:00,3155317.8,0.0,0,-0.11,-0.22,-0.11
2013-10-12 00:05:00,2577275.4,0.0,0,-0.11,-0.22,-0.11
2013-10-12 00:10:00,2030924.2,0.0,0,-0.11,-0.22,-0.11
2013-10-12 00:15:00,2691552.8,0.0,0,-0.11,-0.22,-0.11
2013-10-12 00:20:00,2108746.2,0.0,0,-0.11,-0.22,-0.11
2013-10-12 00:25:00,2602548.4,0.0,0,-0.11,-0.22,-0.11
2013-10-12 00:30:00,2468735.6,0.0,0,-0.11,-0.22,-0.11
2013-10-12 00:35:00,2507354.4,0.0,0,-0.11,-0.22,-0.11
2013-10-12 00:40:00,2261713.8,0.0,0,-0.11,-0.22,-0.11
2013-10-12 00:45:00,2457518.2,0.0,0,-0.11,-0.22,-0.11
2013-10-12 00:50:00,2418719.6,0.0,0,-0.11,-0.22,-0.11
2013-10-12 00:55:00,3111028.0,0.0,0,-0.11,-0.22,-0.11
2013-10-12 01:00:00,3591372.8,0.0,0,-0.11,-0.22,-0.11
2013-10-12 01:05:00,3041616.4,0.0,0,-0.11,-0.22,-0.11
2013-10-12 01:10:00,2416064.8,0.0,0,-0.11,-0.22,-0.11
2013-10-12 01:15:00,2395888.0,0.0,0,-0.11,-0.22,-0.11
2013-10-12 01:20:00,2708144.6,0.0,0,-0.11,-0.22,-0.11
2013-10-12 01:25:00,2907673.0,0.0,0,-0.11,-0.22,-0.11
2013-10-12 01:30:00,2969344.6,0.0,0,-0.11,-0.22,-0.11
2013-10-12 01:35:00,2668099.4,0.0,0,-0.11,-0.22,-0.11
2013-10-12 01:40:00,3015050.0,0.0,0,-0.11,-0.22,-0.11
2013-10-12 01:45:00,2737246.2,0.0,0,-0.11,-0.22,-0.11
2013-10-12 01:50:00,3323086.0,0.0,0,-0.11,-0.22,-0.11
2013-10-12 01:55:00,3542606.4,0.0,0,-0.11,-0.22,-0.11
2013-10-12 02:00:00,3537503.4,0.0,0,-0.11,-0.22,-0.11
2013-10-12 02:05:00,3174286.2,0.0,0,-0.11,-0.22,-0.11
2013-10-12 02:10:00,3053158.4,0.0,0,-0.11,-0.22,-0.11
2013-10-12 02:15:00,2712443.2,0.0,0,-0.11,-0.22,-0.11
2013-10-12 02:20:00,3243322.6,0.0,0,-0.11,-0.22,-0.11
2013-10-12 02:25:00,2970901.6,0.0,0,-0.11,-0.22,-0.11
2013-10-12 02:30:00,3602252.0,0.0,0,-0.11,-0.22,-0.11
2013-10-12 02:35:00,3767764.6,0.0,0,-0.11,-0.22,-0.11
2013-10-12 02:40:00,3217024.8,0.0,0,-0.11,-0.22,-0.11
2013-10-12 02:45:00,3623309.2,0.0,0,-0.11,-0.22,-0.11
2013-10-12 02:50:00,3463932.6,0.0,0,-0.11,-0.22,-0.11
2013-10-12 02:55:00,3473942.8,0.0,0,-0.11,-0.22,-0.11
2013-10-12 03:00:00,4327528.2,0.0,0,-0.11,-0.22,-0.11
2013-10-12 03:05:00,4953168.0,0.0,0,-0.11,-0.22,-0.11
2013-10-12 03:10:00,6010022.0,0.0,0,-0.11,-0.22,-0.11
2013-10-12 03:15:00,3792235.2,0.0,0,-0.11,-0.22,-0.11
2013-10-12 03:20:00,5067495.2,0.0,0,-0.11,-0.22,-0.11
2013-10-12 03:25:00,4178473.4,0.0,0,-0.11,-0.22,-0.11
2013-10-12 03:30:00,3722183.4,0.0,0,-0.11,-0.22,-0.11
2013-10-12 03:35:00,6000974.2,0.0,0,-0.11,-0.22,-0.11
2013-10-12 03:40:00,3656226.2,0.0,0,-0.11,-0.22,-0.11
2013-10-12 03:45:00,3946900.8,0.0,0,-0.11,-0.22,-0.11
2013-10-12 03:50:00,3872716.2,0.0,0,-0.11,-0.22,-0.11
2013-10-12 03:55:00,3954127.4,0.0,0,-0.11,-0.22,-0.11
2013-10-12 04:00:00,3870564.8,0.0,0,-0.11,-0.22,-0.11
2013-10-12 04:05:00,3812299.2,0.0,0,-0.11,-0.22,-0.11
2013-10-12 04:10:00,3793134.4,0.0,0,-0.11,-0.22,-0.11
2013-10-12 04:15:00,3610520.8,0.0,0,-0.11,-0.22,-0.11
2013-10-12 04:20:00,4167550.6,0.0,0,-0.11,-0.22,-0.11
2013-10-12 04:25:00,3844542.6,0.0,0,-0.11,-0.22,-0.11
2013-10-12 04:30:00,4094993.0,0.0,0,-0.11,-0.22,-0.11
2013-10-12 04:35:00,4207063.8,0.0,0,-0.11,-0.22,-0.11
2013-10-12 04:40:00,4017962.2,0.0,0,-0.11,-0.22,-0.11
2013-10-12 04:45:00,4211817.8,0.0,0,-0.11,-0.22,-0.11
2013-10-12 04:50:00,4397386.8,0.0,0,-0.11,-0.22,-0.11
2013-10-12 04:55:00,3821873.6,0.0,0,-0.11,-0.22,-0.11
2013-10-12 05:00:00,3433559.8,0.0,0,-0.11,-0.22,-0.11
2013-10-12 05:05:00,3552335.0,0.0,0,-0.11,-0.22,-0.11
2013-10-12 05:10:00,2997523.4,0.0,0,-0.11,-0.22,-0.11
2013-10-12 05:15:00,4158629.4,0.0,0,-0.11,-0.22,-0.11
2013-10-12 05:20:00,3505453.6,0.0,0,-0.11,-0.22,-0.11
2013-10-12 05:25:00,3596603.0,0.0,0,-0.11,-0.22,-0.11
2013-10-12 05:30:00,3458603.8,0.0,0,-0.11,-0.22,-0.11
2013-10-12 05:35:00,4103340.4,0.0,0,-0.11,-0.22,-0.11
2013-10-12 05:40:00,3722259.6,0.0,0,-0.11,-0.22,-0.11
2013-10-12 05:45:00,3310317.8,0.0,0,-0.11,-0.22,-0.11
2013-10-12 05:50:00,3180112.2,0.0,0,-0.11,-0.22,-0.11
2013-10-12 05:55:00,2763020.2,0.0,0,-0.11,-0.22,-0.11
2013-10-12 06:00:00,3481835.8,0.0,0,-0.11,-0.22,-0.11
2013-10-12 06:05:00,3115962.0,0.0,0,-0.11,-0.22,-0.11
2013-10-12 06:10:00,3758110.6,0.0,0,-0.11,-0.22,-0.11
2013-10-12 06:15:00,3146130.6,0.0,0,-0.11,-0.22,-0.11
2013-10-12 06:20:00,3678237.8,0.0,0,-0.11,-0.22,-0.11
2013-10-12 06:25:00,3332586.2,0.0,0,-0.11,-0.22,-0.11
2013-10-12 06:30:00,3376556.8,0.0,0,-0.11,-0.22,-0.11
2013-10-12 06:35:00,2932539.4,0.0,0,-0.11,-0.22,-0.11
2013-10-12 06:40:00,3868952.0,0.0,0,-0.11,-0.22,-0.11
2013-10-12 06:45:00,4180022.4,0.0,0,-0.11,-0.22,-0.11
2013-10-12 06:50:00,2911885.2,0.0,0,-0.11,-0.22,-0.11
2013-10-12 06:55:00,3045753.4,0.0,0,-0.11,-0.22,-0.11
2013-10-12 07:00:00,3893686.2,0.0,0,-0.11,-0.22,-0.11
2013-10-12 07:05:00,3498895.4,0.0,0,-0.11,-0.22,-0.11
2013-10-12 07:10:00,2484609.8,0.0,0,-0.11,-0.22,-0.11
2013-10-12 07:15:00,3153370.4,0.0,0,-0.11,-0.22,-0.11
2013-10-12 07:20:00,2963782.0,0.0,0,-0.11,-0.22,-0.11
2013-10-12 07:25:00,3208165.8,0.0,0,-0.11,-0.22,-0.11
2013-10-12 07:30:00,3842270.6,0.0,0,-0.11,-0.22,-0.11
2013-10-12 07:35:00,2712457.0,0.0,0,-0.11,-0.22,-0.11
2013-10-12 07:40:00,2525058.4,0.0,0,-0.11,-0.22,-0.11
2013-10-12 07:45:00,2654476.6,0.0,0,-0.11,-0.22,-0.11
2013-10-12 07:50:00,2774432.8,0.0,0,-0.11,-0.22,-0.11
2013-10-12 07:55:00,3125988.4,0.0,0,-0.11,-0.22,-0.11
2013-10-12 08:00:00,2628484.4,0.0,0,-0.11,-0.22,-0.11
2013-10-12 08:05:00,2750668.8,0.0,0,-0.11,-0.22,-0.11
2013-10-12 08:10:00,2121267.8,0.0,0,-0.11,-0.22,-0.11
2013-10-12 08:15:00,2423121.0,0.0,0,-0.11,-0.22,-0.11
2013-10-12 08:20:00,2492465.2,0.0,0,-0.11,-0.22,-0.11
2013-10-12 08:25:00,2205542.4,0.0,0,-0.11,-0.22,-0.11
2013-10-12 08:30:00,2244046.4,0.0,0,-0.11,-0.22,-0.11
2013-10-12 08:35:00,2289428.2,0.0,0,-0.11,-0.22,-0.11
2013-10-12 08:40:00,2335671.2,0.0,0,-0.11,-0.22,-0.11
2013-10-12 08:45:00,1986150.4,0.0,0,-0.11,-0.22,-0.11
2013-10-12 08:50:00,1974910.2,0.0,0,-0.11,-0.22,-0.11
2013-10-12 08:55:00,1931628.8,0.0,0,-0.11,-0.22,-0.11
2013-10-12 09:00:00,2256923.0,0.0,0,-0.11,-0.22,-0.11
2013-10-12 09:05:00,1563206.2,0.0,0,-0.11,-0.22,-0.11
2013-10-12 09:10:00,1680554.4,0.0,0,-0.11,-0.22,-0.11
2013-10-12 09:15:00,1435048.2,0.0,0,-0.11,-0.22,-0.11
2013-10-12 09:20:00,1445570.2,0.0,0,-0.11,-0.22,-0.11
2013-10-12 09:25:00,1230529.0,0.0,0,-0.11,-0.22,-0.11
2013-10-12 09:30:00,1292470.8,0.0,0,-0.11,-0.22,-0.11
2013-10-12 09:35:00,1377636.6,0.0,0,-0.11,-0.22,-0.11
2013-10-12 09:40:00,1814704.4,0.0,0,-0.11,-0.22,-0.11
2013-10-12 09:45:00,1646375.8,0.0,0,-0.11,-0.22,-0.11
2013-10-12 09:50:00,1589812.0,0.0,0,-0.11,-0.22,-0.11
2013-10-12 09:55:00,2908752.2,0.0,0,-0.11,-0.22,-0.11
2013-10-12 10:00:00,2209294.8,0.0,0,-0.11,-0.22,-0.11
2013-10-12 10:05:00,2293599.8,0.0,0,-0.11,-0.22,-0.11
2013-10-12 10:10:00,2518515.2,0.0,0,-0.11,-0.22,-0.11
2013-10-12 10:15:00,2368925.2,0.0,0,-0.11,-0.22,-0.11
2013-10-12 10:20:00,2418048.6,0.0,0,-0.11,-0.22,-0.11
2013-10-12 10:25:00,2574732.0,0.0,0,-0.11,-0.22,-0.11
2013-10-12 10:30:00,2560719.6,0.0,0,-0.11,-0.22,-0.11
2013-10-12 10:35:00,2998595.0,0.0,0,-0.11,-0.22,-0.11
2013-10-12 10:40:00,2464394.8,0.0,0,-0.11,-0.22,-0.11
2013-10-12 10:45:00,2695531.6,0.0,0,-0.11,-0.22,-0.11
2013-10-12 10:50:00,2881381.6,0.0,0,-0.11,-0.22,-0.11
2013-10-12 10:55:00,2912230.4,0.0,0,-0.11,-0.22,-0.11
2013-10-12 11:00:00,3149090.6,0.0,0,-0.11,-0.22,-0.11
2013-10-12 11:05:00,3296592.0,0.0,0,-0.11,-0.22,-0.11
2013-10-12 11:10:00,3696286.2,0.0,0,-0.11,-0.22,-0.11
2013-10-12 11:15:00,2925279.8,0.0,0,-0.11,-0.22,-0.11
2013-10-12 11:20:00,3628548.8,0.0,0,-0.11,-0.22,-0.11
2013-10-12 11:25:00,3048131.8,0.0,0,-0.11,-0.22,-0.11
2013-10-12 11:30:00,2474744.6,0.0,0,-0.11,-0.22,-0.11
2013-10-12 11:35:00,2733783.8,0.0,0,-0.11,-0.22,-0.11
2013-10-12 11:40:00,2876619.2,0.0,0,-0.11,-0.22,-0.11
2013-10-12 11:45:00,2426435.2,0.0,0,-0.11,-0.22,-0.11
2013-10-12 11:50:00,2877881.2,0.0,0,-0.11,-0.22,-0.11
2013-10-12 11:55:00,2236777.4,0.0,0,-0.11,-0.22,-0.11
2013-10-12 12:00:00,2424895.6,0.0,0,-0.11,-0.22,-0.11
2013-10-12 12:05:00,2036357.0,0.0,0,-0.11,-0.22,-0.11
2013-10-12 12:10:00,3273247.8,0.0,0,-0.11,-0.22,-0.11
2013-10-12 12:15:00,2225564.4,0.0,0,-0.11,-0.22,-0.11
2013-10-12 12:20:00,2773553.4,0.0,0,-0.11,-0.22,-0.11
2013-10-12 12:25:00,3272074.8,0.0,0,-0.11,-0.22,-0.11
2013-10-12 12:30:00,2563503.8,0.0,0,-0.11,-0.22,-0.11
2013-10-12 12:35:00,3315340.6,0.0,0,-0.11,-0.22,-0.11
2013-10-12 12:40:00,2490231.6,0.0,0,-0.11,-0.22,-0.11
2013-10-12 12:45:00,2685661.4,0.0,0,-0.11,-0.22,-0.11
2013-10-12 12:50:00,2783047.8,0.0,0,-0.11,-0.22,-0.11
2013-10-12 12:55:00,2494818.8,0.0,0,-0.11,-0.22,-0.11
2013-10-12 13:00:00,2915377.0,0.0,0,-0.11,-0.22,-0.11
2013-10-12 13:05:00,2100844.8,0.0,0,-0.11,-0.22,-0.11
2013-10-12 13:10:00,2932784.4,0.0,0,-0.11,-0.22,-0.11
2013-10-12 13:15:00,3113921.8,0.0,0,-0.11,-0.22,-0.11
2013-10-12 13:20:00,2679085.2,0.0,0,-0.11,-0.22,-0.11
2013-10-12 13:25:00,2981291.6,0.0,0,-0.11,-0.22,-0.11
2013-10-12 13:30:00,3528916.2,0.0,0,-0.11,-0.22,-0.11
2013-10-12 13:35:00,3714299.6,0.0,0,-0.11,-0.22,-0.11
2013-10-12 13:40:00,2506308.4,0.0,0,-0.11,-0.22,-0.11
2013-10-12 13:45:00,2977082.8,0.0,0,-0.11,-0.22,-0.11
2013-10-12 13:50:00,2654474.0,0.0,0,-0.11,-0.22,-0.11
2013-10-12 13:55:00,2747757.6,0.0,0,-0.11,-0.22,-0.11
2013-10-12 14:00:00,3425450.2,0.0,0,-0.11,-0.22,-0.11
2013-10-12 14:05:00,2860588.4,0.0,0,-0.11,-0.22,-0.11
2013-10-12 14:10:00,2602600.6,0.0,0,-0.11,-0.22,-0.11
2013-10-12 14:15:00,3064562.4,0.0,0,-0.11,-0.22,-0.11
2013-10-12 14:20:00,2678636.4,0.0,0,-0.11,-0.22,-0.11
2013-10-12 14:25:00,2811047.4,0.0,0,-0.11,-0.22,-0.11
2013-10-12 14:30:00,2986170.0,0.0,0,-0.11,-0.22,-0.11
2013-10-12 14:35:00,3030498.2,0.0,0,-0.11,-0.22,-0.11
2013-10-12 14:40:00,1992914.2,0.0,0,-0.11,-0.22,-0.11
2013-10-12 14:45:00,2307638.6,0.0,0,-0.11,-0.22,-0.11
2013-10-12 14:50:00,2916463.0,0.0,0,-0.11,-0.22,-0.11
2013-10-12 14:55:00,3218693.2,0.0,0,-0.11,-0.22,-0.11
2013-10-12 15:00:00,4232165.4,0.0,0,-0.11,-0.22,-0.11
2013-10-12 15:05:00,4293438.2,0.0,0,-0.11,-0.22,-0.11
2013-10-12 15:10:00,5731243.0,0.0,0,-0.11,-0.22,-0.11
2013-10-12 15:15:00,3331719.8,0.0,0,-0.11,-0.22,-0.11
2013-10-12 15:20:00,3883587.8,0.0,0,-0.11,-0.22,-0.11
2013-10-12 15:25:00,3271342.2,0.0,0,-0.11,-0.22,-0.11
2013-10-12 15:30:00,2942843.2,0.0,0,-0.11,-0.22,-0.11
2013-10-12 15:35:00,3694746.0,0.0,0,-0.11,-0.22,-0.11
2013-10-12 15:40:00,3642126.4,0.0,0,-0.11,-0.22,-0.11
2013-10-12 15:45:00,3734729.0,0.0,0,-0.11,-0.22,-0.11
2013-10-12 15:50:00,3394430.6,0.0,0,-0.11,-0.22,-0.11
2013-10-12 15:55:00,3529268.4,0.0,0,-0.11,-0.22,-0.11
2013-10-12 16:00:00,3715568.8,0.0,0,-0.11,-0.22,-0.11
2013-10-12 16:05:00,3746838.6,0.0,0,-0.11,-0.22,-0.11
2013-10-12 16:10:00,4208361.2,0.0,0,-0.11,-0.22,-0.11
2013-10-12 16:15:00,4003901.8,0.0,0,-0.11,-0.22,-0.11
2013-10-12 16:20:00,3824163.8,0.0,0,-0.11,-0.22,-0.11
2013-10-12 16:25:00,3375125.8,0.0,0,-0.11,-0.22,-0.11
2013-10-12 16:30:00,3540937.0,0.0,0,-0.11,-0.22,-0.11
2013-10-12 16:35:00,3146923.2,0.0,0,-0.11,-0.22,-0.11
2013-10-12 16:40:00,4168467.0,0.0,0,-0.11,-0.22,-0.11
2013-10-12 16:45:00,3349810.2,0.0,0,-0.11,-0.22,-0.11
2013-10-12 16:50:00,3187740.8,0.0,0,-0.11,-0.22,-0.11
2013-10-12 16:55:00,3217855.6,0.0,0,-0.11,-0.22,-0.11
2013-10-12 17:00:00,3205658.2,0.0,0,-0.11,-0.22,-0.11
2013-10-12 17:05:00,2214341.8,0.0,0,-0.11,-0.22,-0.11
2013-10-12 17:10:00,2062268.8,0.0,0,-0.11,-0.22,-0.11
2013-10-12 17:15:00,2550043.2,0.0,0,-0.11,-0.22,-0.11
2013-10-12 17:20:00,2092985.2,0.0,0,-0.11,-0.22,-0.11
2013-10-12 17:25:00,3150399.8,0.0,0,-0.11,-0.22,-0.11
2013-10-12 17:30:00,2122509.2,0.0,0,-0.11,-0.22,-0.11
2013-10-12 17:35:00,2788856.2,0.0,0,-0.11,-0.22,-0.11
2013-10-12 17:40:00,2321360.2,0.0,0,-0.11,-0.22,-0.11
2013-10-12 17:45:00,2890855.4,0.0,0,-0.11,-0.22,-0.11
2013-10-12 17:50:00,4035097.6,0.0,0,-0.11,-0.22,-0.11
2013-10-12 17:55:00,3497103.6,0.0,0,-0.11,-0.22,-0.11
2013-10-12 18:00:00,3170049.2,0.0,0,-0.11,-0.22,-0.11
2013-10-12 18:05:00,3004455.6,0.0,0,-0.11,-0.22,-0.11
2013-10-12 18:10:00,3466245.8,0.0,0,-0.11,-0.22,-0.11
2013-10-12 18:15:00,3331877.8,0.0,0,-0.11,-0.22,-0.11
2013-10-12 18:20:00,2944188.8,0.0,0,-0.11,-0.22,-0.11
2013-10-12 18:25:00,3491523.4,0.0,0,-0.11,-0.22,-0.11
2013-10-12 18:30:00,4161306.2,0.0,0,-0.11,-0.22,-0.11
2013-10-12 18:35:00,2824246.4,0.0,0,-0.11,-0.22,-0.11
2013-10-12 18:40:00,3238769.0,0.0,0,-0.11,-0.22,-0.11
2013-10-12 18:45:00,3347327.8,0.0,0,-0.11,-0.22,-0.11
2013-10-12 18:50:00,3104582.8,0.0,0,-0.11,-0.22,-0.11
2013-10-12 18:55:00,3044250.2,0.0,0,-0.11,-0.22,-0.11
2013-10-12 19:00:00,3441568.0,0.0,0,-0.11,-0.22,-0.11
2013-10-12 19:05:00,3898819.6,0.0,0,-0.11,-0.22,-0.11
2013-10-12 19:10:00,3327445.8,0.0,0,-0.11,-0.22,-0.11
2013-10-12 19:15:00,3769617.8,0.0,0,-0.11,-0.22,-0.11
2013-10-12 19:20:00,4145610.0,0.0,0,-0.11,-0.22,-0.11
2013-10-12 19:25:00,4461434.6,0.0,0,-0.11,-0.22,-0.11
2013-10-12 19:30:00,3386405.4,0.0,0,-0.11,-0.22,-0.11
2013-10-12 19:35:00,7170114.6,0.0,0,-0.11,-0.22,-0.11
2013-10-12 19:40:00,3835937.6,0.0,0,-0.11,-0.22,-0.11
2013-10-12 19:45:00,3849577.0,0.0,0,-0.11,-0.22,-0.11
2013-10-12 19:50:00,4728437.0,0.0,0,-0.11,-0.22,-0.11
2013-10-12 19:55:00,3653101.4,0.0,0,-0.11,-0.22,-0.11
2013-10-12 20:00:00,3423475.4,0.0,0,-0.11,-0.22,-0.11
2013-10-12 20:05:00,3319426.2,0.0,0,-0.11,-0.22,-0.11
2013-10-12 20:10:00,3426644.4,0.0,0,-0.11,-0.22,-0.11
2013-10-12 20:15:00,3285794.4,0.0,0,-0.11,-0.22,-0.11
2013-10-12 20:20:00,3850047.6,0.0,0,-0.11,-0.22,-0.11
2013-10-12 20:25:00,3685854.4,0.0,0,-0.11,-0.22,-0.11
2013-10-12 20:30:00,3379478.6,0.0,0,-0.11,-0.22,-0.11
2013-10-12 20:35:00,3566683.4,0.0,0,-0.11,-0.22,-0.11
2013-10-12 20:40:00,3590507.8,0.0,0,-0.11,-0.22,-0.11
2013-10-12 20:45:00,3402758.4,0.0,0,-0.11,-0.22,-0.11
2013-10-12 20:50:00,3548430.0,0.0,0,-0.11,-0.22,-0.11
2013-10-12 20:55:00,3619610.4,0.0,0,-0.11,-0.22,-0.11
2013-10-12 21:00:00,3748961.4,0.0,0,-0.11,-0.22,-0.11
2013-10-12 21:05:00,3559610.4,0.0,0,-0.11,-0.22,-0.11
2013-10-12 21:10:00,5178590.8,0.0,0,-0.11,-0.22,-0.11
2013-10-12 21:15:00,6822890.4,0.0,0,-0.11,-0.22,-0.11
2013-10-12 21:20:00,3652706.2,0.0,0,-0.11,-0.22,-0.11
2013-10-12 21:25:00,3923214.0,0.0,0,-0.11,-0.22,-0.11
2013-10-12 21:30:00,3458745.6,0.0,0,-0.11,-0.22,-0.11
2013-10-12 21:35:00,4955067.8,0.0,0,-0.11,-0.22,-0.11
2013-10-12 21:40:00,4262822.6,0.0,0,-0.11,-0.22,-0.11
2013-10-12 21:45:00,3248786.2,0.0,0,-0.11,-0.22,-0.11
2013-10-12 21:50:00,2712873.6,0.0,0,-0.11,-0.22,-0.11
2013-10-12 21:55:00,4488676.8,0.0,0,-0.11,-0.22,-0.11
2013-10-12 22:00:00,3780386.6,0.0,0,-0.11,-0.22,-0.11
2013-10-12 22:05:00,3801917.8,0.0,0,-0.11,-0.22,-0.11
2013-10-12 22:10:00,3410020.4,0.0,0,-0.11,-0.22,-0.11
2013-10-12 22:15:00,4013800.2,0.0,0,-0.11,-0.22,-0.11
2013-10-12 22:20:00,3837695.0,0.0,0,-0.11,-0.22,-0.11
2013-10-12 22:25:00,3715738.8,0.0,0,-0.11,-0.22,-0.11
2013-10-12 22:30:00,3156862.4,0.0,0,-0.11,-0.22,-0.11
2013-10-12 22:35:00,3447375.0,0.0,0,-0.11,-0.22,-0.11
2013-10-12 22:40:00,3909523.0,0.0,0,-0.11,-0.22,-0.11
2013-10-12 22:45:00,4083487.2,0.0,0,-0.11,-0.22,-0.11
2013-10-12 22:50:00,3410969.8,0.0,0,-0.11,-0.22,-0.11
2013-10-12 22:55:00,3630547.6,0.0,0,-0.11,-0.22,-0.11
2013-10-12 23:00:00,3579646.0,0.0,0,-0.11,-0.22,-0.11
2013-10-12 23:05:00,3518559.0,0.0,0,-0.11,-0.22,-0.11
2013-10-12 23:10:00,3615376.2,0.0,0,-0.11,-0.22,-0.11
2013-10-12 23:15:00,3579870.0,0.0,0,-0.11,-0.22,-0.11
2013-10-12 23:20:00,3914775.4,0.0,0,-0.11,-0.22,-0.11
2013-10-12 23:25:00,3026430.0,0.0,0,-0.11,-0.22,-0.11
2013-10-12 23:30:00,3681278.0,0.0,0,-0.11,-0.22,-0.11
2013-10-12 23:35:00,3655270.0,0.0,0,-0.11,-0.22,-0.11
2013-10-12 23:40:00,3117778.6,0.0,0,-0.11,-0.22,-0.11
2013-10-12 23:45:00,3464887.8,0.0,0,-0.11,-0.22,-0.11
2013-10-12 23:50:00,3490145.6,0.0,0,-0.11,-0.22,-0.11
2013-10-12 23:55:00,3530907.4,0.0,0,-0.11,-0.22,-0.11
2013-10-13 00:00:00,3536547.4,0.0,0,-0.11,-0.22,-0.11
2013-10-13 00:05:00,3438769.8,0.0,0,-0.11,-0.22,-0.11
2013-10-13 00:10:00,2592687.8,0.0,0,-0.11,-0.22,-0.11
2013-10-13 00:15:00,1960360.2,0.0,0,-0.11,-0.22,-0.11
2013-10-13 00:20:00,2025196.8,0.0,0,-0.11,-0.22,-0.11
2013-10-13 00:25:00,1716619.8,0.0,0,-0.11,-0.22,-0.11
2013-10-13 00:30:00,1789308.0,0.0,0,-0.11,-0.22,-0.11
2013-10-13 00:35:00,1892481.0,0.0,0,-0.11,-0.22,-0.11
2013-10-13 00:40:00,1726840.4,0.0,0,-0.11,-0.22,-0.11
2013-10-13 00:45:00,1878791.8,0.0,0,-0.11,-0.22,-0.11
2013-10-13 00:50:00,1792245.2,0.0,0,-0.11,-0.22,-0.11
2013-10-13 00:55:00,1458174.2,0.0,0,-0.11,-0.22,-0.11
2013-10-13 01:00:00,1740755.8,0.0,0,-0.11,-0.22,-0.11
2013-10-13 01:05:00,1807006.8,0.0,0,-0.11,-0.22,-0.11
2013-10-13 01:10:00,2307076.8,0.0,0,-0.11,-0.22,-0.11
2013-10-13 01:15:00,3108940.6,0.0,0,-0.11,-0.22,-0.11
2013-10-13 01:20:00,3450633.2,0.0,0,-0.11,-0.22,-0.11
2013-10-13 01:25:00,3664786.4,0.0,0,-0.11,-0.22,-0.11
2013-10-13 01:30:00,4118068.8,0.0,0,-0.11,-0.22,-0.11
2013-10-13 01:35:00,4053222.6,0.0,0,-0.11,-0.22,-0.11
2013-10-13 01:40:00,4201796.4,0.0,0,-0.11,-0.22,-0.11
2013-10-13 01:45:00,4304214.2,0.0,0,-0.11,-0.22,-0.11
2013-10-13 01:50:00,4524176.6,0.0,0,-0.11,-0.22,-0.11
2013-10-13 01:55:00,4352175.4,0.0,0,-0.11,-0.22,-0.11
2013-10-13 02:00:00,4193209.2,0.0,0,-0.11,-0.22,-0.11
2013-10-13 02:05:00,4482098.2,0.0,0,-0.11,-0.22,-0.11
2013-10-13 02:10:00,4644432.8,0.0,0,-0.11,-0.22,-0.11
2013-10-13 02:15:00,4435991.6,0.0,0,-0.11,-0.22,-0.11
2013-10-13 02:20:00,4417648.0,0.0,0,-0.11,-0.22,-0.11
2013-10-13 02:25:00,4486779.6,0.0,0,-0.11,-0.22,-0.11
2013-10-13 02:30:00,4538636.0,0.0,0,-0.11,-0.22,-0.11
2013-10-13 02:35:00,4461462.4,0.0,0,-0.11,-0.22,-0.11
2013-10-13 02:40:00,4468985.0,0.0,0,-0.11,-0.22,-0.11
2013-10-13 02:45:00,4612245.8,0.0,0,-0.11,-0.22,-0.11
2013-10-13 02:50:00,4484731.4,0.0,0,-0.11,-0.22,-0.11
2013-10-13 02:55:00,4642155.2,0.0,0,-0.11,-0.22,-0.11
2013-10-13 03:00:00,4893176.2,0.0,0,-0.11,-0.22,-0.11
2013-10-13 03:05:00,5549813.8,0.0,0,-0.11,-0.22,-0.11
2013-10-13 03:10:00,6179932.6,0.0,0,-0.11,-0.22,-0.11
2013-10-13 03:15:00,5105403.4,0.0,0,-0.11,-0.22,-0.11
2013-10-13 03:20:00,4451766.6,0.0,0,-0.11,-0.22,-0.11
2013-10-13 03:25:00,4481147.0,0.0,0,-0.11,-0.22,-0.11
2013-10-13 03:30:00,4694028.6,0.0,0,-0.11,-0.22,-0.11
2013-10-13 03:35:00,4430812.4,0.0,0,-0.11,-0.22,-0.11
2013-10-13 03:40:00,4501812.4,0.0,0,-0.11,-0.22,-0.11
2013-10-13 03:45:00,4637840.2,0.0,0,-0.11,-0.22,-0.11
2013-10-13 03:50:00,4893904.4,0.0,0,-0.11,-0.22,-0.11
2013-10-13 03:55:00,4580558.0,0.0,0,-0.11,-0.22,-0.11
2013-10-13 04:00:00,4631284.0,0.0,0,-0.11,-0.22,-0.11
2013-10-13 04:05:00,4510029.8,0.0,0,-0.11,-0.22,-0.11
2013-10-13 04:10:00,4531931.8,0.0,0,-0.11,-0.22,-0.11
2013-10-13 04:15:00,4951073.2,0.0,0,-0.11,-0.22,-0.11
2013-10-13 04:20:00,4744324.6,0.0,0,-0.11,-0.22,-0.11
2013-10-13 04:25:00,4864875.0,0.0,0,-0.11,-0.22,-0.11
2013-10-13 04:30:00,4681125.8,0.0,0,-0.11,-0.22,-0.11
2013-10-13 04:35:00,4368098.8,0.0,0,-0.11,-0.22,-0.11
2013-10-13 04:40:00,4687881.2,0.0,0,-0.11,-0.22,-0.11
2013-10-13 04:45:00,5001344.0,0.0,0,-0.11,-0.22,-0.11
2013-10-13 04:50:00,4618461.8,0.0,0,-0.11,-0.22,-0.11
2013-10-13 04:55:00,4584497.4,0.0,0,-0.11,-0.22,-0.11
2013-10-13 05:00:00,4755072.8,0.0,0,-0.11,-0.22,-0.11
2013-10-13 05:05:00,4852368.4,0.0,0,-0.11,-0.22,-0.11
2013-10-13 05:10:00,4795987.8,0.0,0,-0.11,-0.22,-0.11
2013-10-13 05:15:00,4832927.0,0.0,0,-0.11,-0.22,-0.11
2013-10-13 05:20:00,4690033.4,0.0,0,-0.11,-0.22,-0.11
2013-10-13 05:25:00,4729095.2,0.0,0,-0.11,-0.22,-0.11
2013-10-13 05:30:00,4726369.6,0.0,0,-0.11,-0.22,-0.11
2013-10-13 05:35:00,4429855.8,0.0,0,-0.11,-0.22,-0.11
2013-10-13 05:40:00,4617503.6,0.0,0,-0.11,-0.22,-0.11
2013-10-13 05:45:00,4952628.8,0.0,0,-0.11,-0.22,-0.11
2013-10-13 05:50:00,4256910.4,0.0,0,-0.11,-0.22,-0.11
2013-10-13 05:55:00,4674205.4,0.0,0,-0.11,-0.22,-0.11
2013-10-13 06:00:00,4440490.8,0.0,0,-0.11,-0.22,-0.11
2013-10-13 06:05:00,4634800.4,0.0,0,-0.11,-0.22,-0.11
2013-10-13 06:10:00,4207472.8,0.0,0,-0.11,-0.22,-0.11
2013-10-13 06:15:00,4063905.4,0.0,0,-0.11,-0.22,-0.11
2013-10-13 06:20:00,4231708.6,0.0,0,-0.11,-0.22,-0.11
2013-10-13 06:25:00,4443433.0,0.0,0,-0.11,-0.22,-0.11
2013-10-13 06:30:00,4569577.8,0.0,0,-0.11,-0.22,-0.11
2013-10-13 06:35:00,4232463.6,0.0,0,-0.11,-0.22,-0.11
2013-10-13 06:40:00,4530729.6,0.0,0,-0.11,-0.22,-0.11
2013-10-13 06:45:00,5188727.4,0.0,0,-0.11,-0.22,-0.11
2013-10-13 06:50:00,3816894.8,0.0,0,-0.11,-0.22,-0.11
2013-10-13 06:55:00,4050048.6,0.0,0,-0.11,-0.22,-0.11
2013-10-13 07:00:00,4632655.0,0.0,0,-0.11,-0.22,-0.11
2013-10-13 07:05:00,4331165.4,0.0,0,-0.11,-0.22,-0.11
2013-10-13 07:10:00,4256816.4,0.0,0,-0.11,-0.22,-0.11
2013-10-13 07:15:00,4514565.0,0.0,0,-0.11,-0.22,-0.11
2013-10-13 07:20:00,4231642.8,0.0,0,-0.11,-0.22,-0.11
2013-10-13 07:25:00,3996057.0,0.0,0,-0.11,-0.22,-0.11
2013-10-13 07:30:00,3821746.8,0.0,0,-0.11,-0.22,-0.11
2013-10-13 07:35:00,3693434.8,0.0,0,-0.11,-0.22,-0.11
2013-10-13 07:40:00,4069099.2,0.0,0,-0.11,-0.22,-0.11
2013-10-13 07:45:00,4101726.8,0.0,0,-0.11,-0.22,-0.11
2013-10-13 07:50:00,4205671.8,0.0,0,-0.11,-0.22,-0.11
2013-10-13 07:55:00,3989263.6,0.0,0,-0.11,-0.22,-0.11
2013-10-13 08:00:00,3828862.0,0.0,0,-0.11,-0.22,-0.11
2013-10-13 08:05:00,3641686.6,0.0,0,-0.11,-0.22,-0.11
2013-10-13 08:10:00,3324261.6,0.0,0,-0.11,-0.22,-0.11
2013-10-13 08:15:00,3584599.2,0.0,0,-0.11,-0.22,-0.11
2013-10-13 08:20:00,3401789.8,0.0,0,-0.11,-0.22,-0.11
2013-10-13 08:25:00,3171775.2,0.0,0,-0.11,-0.22,-0.11
2013-10-13 08:30:00,2938971.8,0.0,0,-0.11,-0.22,-0.11
2013-10-13 08:35:00,2675676.2,0.0,0,-0.11,-0.22,-0.11
2013-10-13 08:40:00,2022947.8,0.0,0,-0.11,-0.22,-0.11
2013-10-13 08:45:00,2613405.8,0.0,0,-0.11,-0.22,-0.11
2013-10-13 08:50:00,3074915.6,0.0,0,-0.11,-0.22,-0.11
2013-10-13 08:55:00,3454406.6,0.0,0,-0.11,-0.22,-0.11
2013-10-13 09:00:00,3953057.8,0.0,0,-0.11,-0.22,-0.11
2013-10-13 09:05:00,4346876.8,0.0,0,-0.11,-0.22,-0.11
2013-10-13 09:10:00,4690494.2,0.0,0,-0.11,-0.22,-0.11
2013-10-13 09:15:00,4601621.2,0.0,0,-0.11,-0.22,-0.11
2013-10-13 09:20:00,1482509.2,0.0,0,-0.11,-0.22,-0.11
2013-10-13 09:25:00,4149789.2,0.0,0,-0.11,-0.22,-0.11
2013-10-13 09:30:00,5092226.4,0.0,0,-0.11,-0.22,-0.11
2013-10-13 09:35:00,4921400.8,0.0,0,-0.11,-0.22,-0.11
2013-10-13 09:40:00,4510003.6,0.0,0,-0.11,-0.22,-0.11
2013-10-13 09:45:00,4857760.2,0.0,0,-0.11,-0.22,-0.11
2013-10-13 09:50:00,4635341.4,0.0,0,-0.11,-0.22,-0.11
2013-10-13 09:55:00,4752849.6,0.0,0,-0.11,-0.22,-0.11
2013-10-13 10:00:00,4600516.4,0.0,0,-0.11,-0.22,-0.11
2013-10-13 10:05:00,4467507.0,0.0,0,-0.11,-0.22,-0.11
2013-10-13 10:10:00,4600820.2,0.0,0,-0.11,-0.22,-0.11
2013-10-13 10:15:00,4466740.6,0.0,0,-0.11,-0.22,-0.11
2013-10-13 10:20:00,4816356.0,0.0,0,-0.11,-0.22,-0.11
2013-10-13 10:25:00,4412821.2,0.0,0,-0.11,-0.22,-0.11
2013-10-13 10:30:00,4289461.2,0.0,0,-0.11,-0.22,-0.11
2013-10-13 10:35:00,4806912.6,0.0,0,-0.11,-0.22,-0.11
2013-10-13 10:40:00,4540884.6,0.0,0,-0.11,-0.22,-0.11
2013-10-13 10:45:00,3973230.6,0.0,0,-0.11,-0.22,-0.11
2013-10-13 10:50:00,4151312.0,0.0,0,-0.11,-0.22,-0.11
2013-10-13 10:55:00,4408599.0,0.0,0,-0.11,-0.22,-0.11
2013-10-13 11:00:00,4412467.0,0.0,0,-0.11,-0.22,-0.11
2013-10-13 11:05:00,4014711.6,0.0,0,-0.11,-0.22,-0.11
2013-10-13 11:10:00,4455661.4,0.0,0,-0.11,-0.22,-0.11
2013-10-13 11:15:00,4518165.4,0.0,0,-0.11,-0.22,-0.11
2013-10-13 11:20:00,5219553.4,0.0,0,-0.11,-0.22,-0.11
2013-10-13 11:25:00,4529007.2,0.0,0,-0.11,-0.22,-0.11
2013-10-13 11:30:00,5014467.6,0.0,0,-0.11,-0.22,-0.11
2013-10-13 11:35:00,5091716.8,0.0,0,-0.11,-0.22,-0.11
2013-10-13 11:40:00,4955261.0,0.0,0,-0.11,-0.22,-0.11
2013-10-13 11:45:00,5129745.6,0.0,0,-0.11,-0.22,-0.11
2013-10-13 11:50:00,5522536.0,0.0,0,-0.11,-0.22,-0.11
2013-10-13 11:55:00,5466070.0,0.0,0,-0.11,-0.22,-0.11
2013-10-13 12:00:00,5181228.2,0.0,0,-0.11,-0.22,-0.11
2013-10-13 12:05:00,4971070.0,0.0,0,-0.11,-0.22,-0.11
2013-10-13 12:10:00,5417314.4,0.0,0,-0.11,-0.22,-0.11
2013-10-13 12:15:00,5381120.2,0.0,0,-0.11,-0.22,-0.11
2013-10-13 12:20:00,5648711.4,0.0,0,-0.11,-0.22,-0.11
2013-10-13 12:25:00,5237271.0,0.0,0,-0.11,-0.22,-0.11
2013-10-13 12:30:00,4567196.6,0.0,0,-0.11,-0.22,-0.11
2013-10-13 12:35:00,5010997.6,0.0,0,-0.11,-0.22,-0.11
2013-10-13 12:40:00,4802090.8,0.0,0,-0.11,-0.22,-0.11
2013-10-13 12:45:00,5512044.2,0.0,0,-0.11,-0.22,-0.11
2013-10-13 12:50:00,5365367.0,0.0,0,-0.11,-0.22,-0.11
2013-10-13 12:55:00,5359112.8,0.0,0,-0.11,-0.22,-0.11
2013-10-13 13:00:00,5206969.0,0.0,0,-0.11,-0.22,-0.11
2013-10-13 13:05:00,5441836.6,0.0,0,-0.11,-0.22,-0.11
2013-10-13 13:10:00,5013968.8,0.0,0,-0.11,-0.22,-0.11
2013-10-13 13:15:00,5087288.8,0.0,0,-0.11,-0.22,-0.11
2013-10-13 13:20:00,4889297.0,0.0,0,-0.11,-0.22,-0.11
2013-10-13 13:25:00,5113966.2,0.0,0,-0.11,-0.22,-0.11
2013-10-13 13:30:00,5380729.2,0.0,0,-0.11,-0.22,-0.11
2013-10-13 13:35:00,5135762.4,0.0,0,-0.11,-0.22,-0.11
2013-10-13 13:40:00,5726463.8,0.0,0,-0.11,-0.22,-0.11
2013-10-13 13:45:00,5152678.4,0.0,0,-0.11,-0.22,-0.11
2013-10-13 13:50:00,5179141.4,0.0,0,-0.11,-0.22,-0.11
2013-10-13 13:55:00,5313273.6,0.0,0,-0.11,-0.22,-0.11
2013-10-13 14:00:00,4990068.0,0.0,0,-0.11,-0.22,-0.11
2013-10-13 14:05:00,5135694.0,0.0,0,-0.11,-0.22,-0.11
2013-10-13 14:10:00,4809917.0,0.0,0,-0.11,-0.22,-0.11
2013-10-13 14:15:00,4837499.4,0.0,0,-0.11,-0.22,-0.11
2013-10-13 14:20:00,5081224.0,0.0,0,-0.11,-0.22,-0.11
2013-10-13 14:25:00,4846339.2,0.0,0,-0.11,-0.22,-0.11
2013-10-13 14:30:00,4988007.0,0.0,0,-0.11,-0.22,-0.11
2013-10-13 14:35:00,4598591.4,0.0,0,-0.11,-0.22,-0.11
2013-10-13 14:40:00,4467228.2,0.0,0,-0.11,-0.22,-0.11
2013-10-13 14:45:00,4261252.8,0.0,0,-0.11,-0.22,-0.11
2013-10-13 14:50:00,5263430.8,0.0,0,-0.11,-0.22,-0.11
2013-10-13 14:55:00,4741242.8,0.0,0,-0.11,-0.22,-0.11
2013-10-13 15:00:00,5268673.4,0.0,0,-0.11,-0.22,-0.11
2013-10-13 15:05:00,6355621.0,0.0,0,-0.11,-0.22,-0.11
2013-10-13 15:10:00,6548625.4,0.0,0,-0.11,-0.22,-0.11
2013-10-13 15:15:00,5110530.8,0.0,0,-0.11,-0.22,-0.11
2013-10-13 15:20:00,5345068.8,0.0,0,-0.11,-0.22,-0.11
2013-10-13 15:25:00,4738408.8,0.0,0,-0.11,-0.22,-0.11
2013-10-13 15:30:00,5107021.4,0.0,0,-0.11,-0.22,-0.11
2013-10-13 15:35:00,5235458.4,0.0,0,-0.11,-0.22,-0.11
2013-10-13 15:40:00,5233619.6,0.0,0,-0.11,-0.22,-0.11
2013-10-13 15:45:00,5029582.0,0.0,0,-0.11,-0.22,-0.11
2013-10-13 15:50:00,4514236.8,0.0,0,-0.11,-0.22,-0.11
2013-10-13 15:55:00,4910708.8,0.0,0,-0.11,-0.22,-0.11
2013-10-13 16:00:00,4712074.4,0.0,0,-0.11,-0.22,-0.11
2013-10-13 16:05:00,5420857.4,0.0,0,-0.11,-0.22,-0.11
2013-10-13 16:10:00,5476916.2,0.0,0,-0.11,-0.22,-0.11
2013-10-13 16:15:00,5125320.0,0.0,0,-0.11,-0.22,-0.11
2013-10-13 16:20:00,5001679.4,0.0,0,-0.11,-0.22,-0.11
2013-10-13 16:25:00,4980771.6,0.0,0,-0.11,-0.22,-0.11
2013-10-13 16:30:00,5543129.2,0.0,0,-0.11,-0.22,-0.11
2013-10-13 16:35:00,5178798.4,0.0,0,-0.11,-0.22,-0.11
2013-10-13 16:40:00,5374906.8,0.0,0,-0.11,-0.22,-0.11
2013-10-13 16:45:00,4965761.2,0.0,0,-0.11,-0.22,-0.11
2013-10-13 16:50:00,4625607.6,0.0,0,-0.11,-0.22,-0.11
2013-10-13 16:55:00,5155595.2,0.0,0,-0.11,-0.22,-0.11
2013-10-13 17:00:00,4758968.4,0.0,0,-0.11,-0.22,-0.11
2013-10-13 17:05:00,4846633.6,0.0,0,-0.11,-0.22,-0.11
2013-10-13 17:10:00,4966854.2,0.0,0,-0.11,-0.22,-0.11
2013-10-13 17:15:00,4799362.0,0.0,0,-0.11,-0.22,-0.11
2013-10-13 17:20:00,5217818.2,0.0,0,-0.11,-0.22,-0.11
2013-10-13 17:25:00,4846504.6,0.0,0,-0.11,-0.22,-0.11
2013-10-13 17:30:00,4857580.0,0.0,0,-0.11,-0.22,-0.11
2013-10-13 17:35:00,5305944.2,0.0,0,-0.11,-0.22,-0.11
2013-10-13 17:40:00,5216126.8,0.0,0,-0.11,-0.22,-0.11
2013-10-13 17:45:00,5126791.6,0.0,0,-0.11,-0.22,-0.11
2013-10-13 17:50:00,4716540.8,0.0,0,-0.11,-0.22,-0.11
2013-10-13 17:55:00,5194275.2,0.0,0,-0.11,-0.22,-0.11
2013-10-13 18:00:00,4594784.4,0.0,0,-0.11,-0.22,-0.11
2013-10-13 18:05:00,5313192.6,0.0,0,-0.11,-0.22,-0.11
2013-10-13 18:10:00,5349453.4,0.0,0,-0.11,-0.22,-0.11
2013-10-13 18:15:00,5664016.0,0.0,0,-0.11,-0.22,-0.11
2013-10-13 18:20:00,5165652.4,0.0,0,-0.11,-0.22,-0.11
2013-10-13 18:25:00,5806009.2,0.0,0,-0.11,-0.22,-0.11
2013-10-13 18:30:00,5725820.2,0.0,0,-0.11,-0.22,-0.11
2013-10-13 18:35:00,5818352.0,0.0,0,-0.11,-0.22,-0.11
2013-10-13 18:40:00,6039204.0,0.0,0,-0.11,-0.22,-0.11
2013-10-13 18:45:00,6146104.8,0.0,0,-0.11,-0.22,-0.11
2013-10-13 18:50:00,6520842.0,0.0,0,-0.11,-0.22,-0.11
2013-10-13 18:55:00,6414160.0,0.0,0,-0.11,-0.22,-0.11
2013-10-13 19:00:00,7121288.0,0.0,0,-0.11,-0.22,-0.11
2013-10-13 19:05:00,7733993.2,0.0,0,-0.11,-0.22,-0.11
2013-10-13 19:10:00,7171976.0,0.0,0,-0.11,-0.22,-0.11
2013-10-13 19:15:00,6572442.0,0.0,0,-0.11,-0.22,-0.11
2013-10-13 19:20:00,6669027.2,0.0,0,-0.11,-0.22,-0.11
2013-10-13 19:25:00,6541002.6,0.0,0,-0.11,-0.22,-0.11
2013-10-13 19:30:00,8036983.2,0.0,0,-0.11,-0.22,-0.11
2013-10-13 19:35:00,6780480.0,0.0,0,-0.11,-0.22,-0.11
2013-10-13 19:40:00,7105309.2,0.0,0,-0.11,-0.22,-0.11
2013-10-13 19:45:00,6645670.6,0.0,0,-0.11,-0.22,-0.11
2013-10-13 19:50:00,7129069.2,0.0,0,-0.11,-0.22,-0.11
2013-10-13 19:55:00,6886046.6,0.0,0,-0.11,-0.22,-0.11
2013-10-13 20:00:00,7070269.8,0.0,0,-0.11,-0.22,-0.11
2013-10-13 20:05:00,7112211.8,0.0,0,-0.11,-0.22,-0.11
2013-10-13 20:10:00,6736356.8,0.0,0,-0.11,-0.22,-0.11
2013-10-13 20:15:00,6885695.2,0.0,0,-0.11,-0.22,-0.11
2013-10-13 20:20:00,6829566.2,0.0,0,-0.11,-0.22,-0.11
2013-10-13 20:25:00,6670142.6,0.0,0,-0.11,-0.22,-0.11
2013-10-13 20:30:00,6989347.8,0.0,0,-0.11,-0.22,-0.11
2013-10-13 20:35:00,7089460.2,0.0,0,-0.11,-0.22,-0.11
2013-10-13 20:40:00,7126232.4,0.0,0,-0.11,-0.22,-0.11
2013-10-13 20:45:00,7180348.2,0.0,0,-0.11,-0.22,-0.11
2013-10-13 20:50:00,7251597.4,0.0,0,-0.11,-0.22,-0.11
2013-10-13 20:55:00,7138828.0,0.0,0,-0.11,-0.22,-0.11
2013-10-13 21:00:00,7358757.6,0.0,0,-0.11,-0.22,-0.11
2013-10-13 21:05:00,6691074.8,0.0,0,-0.11,-0.22,-0.11
2013-10-13 21:10:00,7419464.2,0.0,0,-0.11,-0.22,-0.11
2013-10-13 21:15:00,7345692.4,0.0,0,-0.11,-0.22,-0.11
2013-10-13 21:20:00,7106381.2,0.0,0,-0.11,-0.22,-0.11
2013-10-13 21:25:00,7439340.8,0.0,0,-0.11,-0.22,-0.11
2013-10-13 21:30:00,7148265.0,0.0,0,-0.11,-0.22,-0.11
2013-10-13 21:35:00,7079349.4,0.0,0,-0.11,-0.22,-0.11
2013-10-13 21:40:00,7313239.2,0.0,0,-0.11,-0.22,-0.11
2013-10-13 21:45:00,7370054.2,0.0,0,-0.11,-0.22,-0.11
2013-10-13 21:50:00,7146604.0,0.0,0,-0.11,-0.22,-0.11
2013-10-13 21:55:00,7380294.8,0.0,0,-0.11,-0.22,-0.11
2013-10-13 22:00:00,7444886.2,0.0,0,-0.11,-0.22,-0.11
2013-10-13 22:05:00,6960113.0,0.0,0,-0.11,-0.22,-0.11
2013-10-13 22:10:00,7776972.4,0.0,0,-0.11,-0.22,-0.11
2013-10-13 22:15:00,7458856.0,0.0,0,-0.11,-0.22,-0.11
2013-10-13 22:20:00,7193220.0,0.0,0,-0.11,-0.22,-0.11
2013-10-13 22:25:00,7221732.4,0.0,0,-0.11,-0.22,-0.11
2013-10-13 22:30:00,7683360.0,0.0,0,-0.11,-0.22,-0.11
2013-10-13 22:35:00,7346899.6,0.0,0,-0.11,-0.22,-0.11
2013-10-13 22:40:00,7728333.2,0.0,0,-0.11,-0.22,-0.11
2013-10-13 22:45:00,6895594.8,0.0,0,-0.11,-0.22,-0.11
2013-10-13 22:50:00,6637198.0,0.0,0,-0.11,-0.22,-0.11
2013-10-13 22:55:00,7011225.4,0.0,0,-0.11,-0.22,-0.11
2013-10-13 23:00:00,6560515.6,0.0,0,-0.11,-0.22,-0.11
2013-10-13 23:05:00,6638822.6,0.0,0,-0.11,-0.22,-0.11
2013-10-13 23:10:00,7921025.0,0.0,0,-0.11,-0.22,-0.11
2013-10-13 23:15:00,8124689.4,0.0,0,-0.11,-0.22,-0.11
2013-10-13 23:20:00,7346551.8,0.0,0,-0.11,-0.22,-0.11
2013-10-13 23:25:00,8111561.6,0.0,0,-0.11,-0.22,-0.11
2013-10-13 23:30:00,7575658.4,0.0,0,-0.11,-0.22,-0.11
2013-10-13 23:35:00,7198625.2,0.692805,0,-0.11,-0.22,-0.11
2013-10-13 23:40:00,7964260.4,0.0,0,-0.11,-0.22,-0.11
2013-10-13 23:45:00,7547664.0,0.0,0,-0.11,-0.22,-0.11
2013-10-13 23:50:00,7988676.2,0.0,0,-0.11,-0.22,-0.11
2013-10-13 23:55:00,7788122.6,0.0,0,-0.11,-0.22,-0.11
