timestamp,value,anomaly_score,raw_score,label,S(t)_reward_low_FP_rate,S(t)_reward_low_FN_rate,S(t)_standard
2015-09-08 11:39:00,73,0.0301029996659,1.0,0,0.0,0.0,0.0
2015-09-08 11:44:00,62,0.0301029996659,1.0,0,0.0,0.0,0.0
2015-09-08 11:59:00,66,0.0301029996659,1.0,0,0.0,0.0,0.0
2015-09-08 12:19:00,69,0.0301029996659,1.0,0,0.0,0.0,0.0
2015-09-08 12:24:00,65,0.0301029996659,1.0,0,0.0,0.0,0.0
2015-09-08 12:27:00,76,1.0,1.0,0,0.0,0.0,0.0
2015-09-08 12:32:00,65,0.0301029996659,1.0,0,0.0,0.0,0.0
2015-09-08 12:46:00,62,0.0301029996659,1.0,0,0.0,0.0,0.0
2015-09-08 12:51:00,61,1.0,1.0,0,0.0,0.0,0.0
2015-09-08 13:01:00,65,0.0301029996659,1.0,0,0.0,0.0,0.0
2015-09-08 13:21:00,68,0.0301029996659,1.0,0,0.0,0.0,0.0
2015-09-08 13:26:00,66,0.0301029996659,1.0,0,0.0,0.0,0.0
2015-09-08 13:31:00,67,0.0301029996659,1.0,0,0.0,0.0,0.0
2015-09-08 13:36:00,65,0.0301029996659,1.0,0,0.0,0.0,0.0
2015-09-08 13:41:00,67,0.0301029996659,0.949999988079,0,0.0,0.0,0.0
2015-09-08 13:46:00,67,0.0301029996659,0.675000011921,0,0.0,0.0,0.0
2015-09-08 13:56:00,69,0.0301029996659,0.675000011921,0,0.0,0.0,0.0
2015-09-08 14:11:00,68,0.0301029996659,0.899999976158,0,0.0,0.0,0.0
2015-09-08 14:16:00,68,0.0301029996659,0.324999988079,0,0.0,0.0,0.0
2015-09-08 14:21:00,67,0.0301029996659,0.449999988079,0,0.0,0.0,0.0
2015-09-08 14:46:00,66,0.0301029996659,0.17499999702,0,0.0,0.0,0.0
2015-09-08 14:51:00,68,0.0301029996659,0.425000011921,0,0.0,0.0,0.0
2015-09-08 15:16:00,69,0.0301029996659,0.27500000596,0,0.0,0.0,0.0
2015-09-08 15:21:00,65,0.0301029996659,0.449999988079,0,0.0,0.0,0.0
2015-09-08 15:26:00,70,0.0301029996659,0.27500000596,0,0.0,0.0,0.0
2015-09-08 15:29:00,66,0.0301029996659,0.22499999404,0,0.0,0.0,0.0
2015-09-08 15:41:00,65,0.0301029996659,0.20000000298,0,0.0,0.0,0.0
2015-09-08 16:15:00,64,0.0301029996659,0.27500000596,0,0.0,0.0,0.0
2015-09-08 16:31:00,66,0.0301029996659,0.300000011921,0,0.0,0.0,0.0
2015-09-08 16:36:00,69,0.0301029996659,0.25,0,0.0,0.0,0.0
2015-09-08 16:41:00,64,0.0301029996659,0.25,0,0.0,0.0,0.0
2015-09-08 16:56:00,69,0.0301029996659,0.25,0,0.0,0.0,0.0
2015-09-08 17:11:00,65,0.0301029996659,0.20000000298,0,0.0,0.0,0.0
2015-09-08 17:16:00,68,0.0301029996659,0.17499999702,0,0.0,0.0,0.0
2015-09-08 17:21:00,67,0.0301029996659,0.17499999702,0,0.0,0.0,0.0
2015-09-08 17:26:00,69,0.0301029996659,0.15000000596,0,0.0,0.0,0.0
2015-09-08 17:31:00,66,0.0301029996659,0.15000000596,0,0.0,0.0,0.0
2015-09-08 17:36:00,69,0.0301029996659,0.10000000149,0,0.0,0.0,0.0
2015-09-08 17:41:00,66,0.0301029996659,0.0750000029802,0,0.0,0.0,0.0
2015-09-08 17:46:00,65,0.0301029996659,0.0750000029802,0,0.0,0.0,0.0
2015-09-08 17:51:00,66,0.0301029996659,0.125,0,0.0,0.0,0.0
2015-09-08 17:56:00,65,0.0301029996659,0.0500000007451,0,0.0,0.0,0.0
2015-09-08 17:57:00,64,0.0301029996659,0.0500000007451,0,0.0,0.0,0.0
2015-09-08 18:36:00,70,0.0301029996659,0.10000000149,0,0.0,0.0,0.0
2015-09-08 18:46:00,69,0.0301029996659,0.125,0,0.0,0.0,0.0
2015-09-08 18:51:00,66,0.0301029996659,0.10000000149,0,0.0,0.0,0.0
2015-09-08 18:56:00,68,0.0301029996659,0.0750000029802,0,0.0,0.0,0.0
2015-09-08 19:06:00,71,0.0301029996659,0.15000000596,0,0.0,0.0,0.0
2015-09-08 20:11:00,63,0.0301029996659,0.22499999404,0,0.0,0.0,0.0
2015-09-08 20:31:00,67,0.0301029996659,0.20000000298,0,0.0,0.0,0.0
2015-09-08 20:41:00,62,0.0301029996659,0.25,0,0.0,0.0,0.0
2015-09-08 20:51:00,64,0.0301029996659,0.15000000596,0,0.0,0.0,0.0
2015-09-08 21:01:00,59,1.0,0.425000011921,0,0.0,0.0,0.0
2015-09-08 21:06:00,65,0.0301029996659,0.949999988079,0,0.0,0.0,0.0
2015-09-08 21:31:00,58,1.0,0.449999988079,0,0.0,0.0,0.0
2015-09-08 21:41:00,64,0.0301029996659,0.975000023842,0,0.0,0.0,0.0
2015-09-08 22:31:00,63,0.0301029996659,0.34999999404,0,0.0,0.0,0.0
2015-09-08 22:41:00,66,0.0301029996659,0.34999999404,0,0.0,0.0,0.0
2015-09-08 23:16:00,66,0.0301029996659,0.324999988079,0,0.0,0.0,0.0
2015-09-08 23:31:00,60,0.0301029996659,0.425000011921,0,0.0,0.0,0.0
2015-09-09 00:06:00,57,1.0,0.824999988079,0,0.0,0.0,0.0
2015-09-09 01:16:00,58,0.0301029996659,1.0,0,0.0,0.0,0.0
2015-09-09 07:34:00,69,0.0301029996659,1.0,0,0.0,0.0,0.0
2015-09-09 09:20:00,70,0.0301029996659,0.324999988079,0,0.0,0.0,0.0
2015-09-09 09:58:00,66,0.0301029996659,0.300000011921,0,0.0,0.0,0.0
2015-09-09 10:23:00,68,0.0301029996659,0.20000000298,0,0.0,0.0,0.0
2015-09-09 10:33:00,65,0.0301029996659,0.22499999404,0,0.0,0.0,0.0
2015-09-09 10:38:00,68,0.0301029996659,0.20000000298,0,0.0,0.0,0.0
2015-09-09 10:43:00,68,0.0301029996659,0.15000000596,0,0.0,0.0,0.0
2015-09-09 10:48:00,70,0.0301029996659,0.25,0,0.0,0.0,0.0
2015-09-09 10:53:00,67,0.0301029996659,0.15000000596,0,0.0,0.0,0.0
2015-09-09 11:03:00,73,0.0301029996659,0.20000000298,0,0.0,0.0,0.0
2015-09-09 11:08:00,77,1.0,0.34999999404,0,0.0,0.0,0.0
2015-09-09 11:13:00,75,0.0301029996659,0.27500000596,0,0.0,0.0,0.0
2015-09-09 11:18:00,71,0.0301029996659,0.125,0,0.0,0.0,0.0
2015-09-09 11:23:00,73,0.0301029996659,0.20000000298,0,0.0,0.0,0.0
2015-09-09 11:43:00,68,0.0301029996659,0.0750000029802,0,0.0,0.0,0.0
2015-09-09 11:48:00,58,0.0301029996659,0.27500000596,0,0.0,0.0,0.0
2015-09-09 12:03:00,65,0.0301029996659,0.0750000029802,0,0.0,0.0,0.0
2015-09-09 12:13:00,65,0.0301029996659,0.0250000003725,0,0.0,0.0,0.0
2015-09-09 12:33:00,65,0.0301029996659,0.0500000007451,0,0.0,0.0,0.0
2015-09-09 12:48:00,66,0.0301029996659,0.0250000003725,0,0.0,0.0,0.0
2015-09-09 13:08:00,74,0.0301029996659,0.0750000029802,0,0.0,0.0,0.0
2015-09-09 13:33:00,64,0.0301029996659,0.0,0,0.0,0.0,0.0
2015-09-09 13:38:00,68,0.0301029996659,0.0,0,0.0,0.0,0.0
2015-09-09 13:43:00,65,0.0301029996659,0.0,0,0.0,0.0,0.0
2015-09-09 13:48:00,69,0.0301029996659,0.0,0,0.0,0.0,0.0
2015-09-09 13:53:00,70,0.0301029996659,0.0,0,0.0,0.0,0.0
2015-09-09 13:58:00,64,0.0301029996659,0.0250000003725,0,0.0,0.0,0.0
2015-09-09 14:08:00,65,0.0301029996659,0.0,0,0.0,0.0,0.0
2015-09-09 14:13:00,67,0.0301029996659,0.0,0,0.0,0.0,0.0
2015-09-09 14:38:00,68,0.0301029996659,0.0,0,0.0,0.0,0.0
2015-09-09 14:48:00,66,0.0301029996659,0.0,0,0.0,0.0,0.0
2015-09-09 14:53:00,63,0.0301029996659,0.0,0,0.0,0.0,0.0
2015-09-09 15:03:00,68,0.0301029996659,0.0,0,0.0,0.0,0.0
2015-09-09 15:08:00,68,0.0301029996659,0.0,0,0.0,0.0,0.0
2015-09-09 15:13:00,73,0.0301029996659,0.0250000003725,0,0.0,0.0,0.0
2015-09-09 15:18:00,79,1.0,0.0750000029802,0,0.0,0.0,0.0
2015-09-09 15:23:00,64,0.0301029996659,0.0,0,0.0,0.0,0.0
2015-09-09 15:28:00,67,0.0301029996659,0.0,0,0.0,0.0,0.0
2015-09-09 15:38:00,62,0.0301029996659,0.0250000003725,0,0.0,0.0,0.0
2015-09-09 15:43:00,68,0.0301029996659,0.0,0,0.0,0.0,0.0
2015-09-09 15:48:00,70,0.0301029996659,0.0,0,0.0,0.0,0.0
2015-09-09 16:08:00,67,0.0301029996659,0.0,0,0.0,0.0,0.0
2015-09-09 16:13:00,70,0.0301029996659,0.0,0,0.0,0.0,0.0
2015-09-09 16:23:00,65,0.0301029996659,0.0,0,0.0,0.0,0.0
2015-09-09 16:33:00,67,0.0301029996659,0.0,0,0.0,0.0,0.0
2015-09-09 16:43:00,71,0.0301029996659,0.0,0,0.0,0.0,0.0
2015-09-09 16:48:00,69,0.0301029996659,0.0,0,0.0,0.0,0.0
2015-09-09 16:53:00,64,0.0301029996659,0.0,0,0.0,0.0,0.0
2015-09-09 16:58:00,63,0.0301029996659,0.0,0,0.0,0.0,0.0
2015-09-09 17:03:00,62,0.0301029996659,0.0,0,0.0,0.0,0.0
2015-09-09 17:08:00,55,1.0,0.15000000596,0,0.0,0.0,0.0
2015-09-09 17:13:00,48,1.0,0.40000000596,0,0.0,0.0,0.0
2015-09-09 17:18:00,56,0.0301029996659,0.17499999702,0,0.0,0.0,0.0
2015-09-09 17:23:00,51,0.0301029996659,0.324999988079,0,0.0,0.0,0.0
2015-09-09 17:28:00,60,0.0301029996659,0.10000000149,0,0.0,0.0,0.0
2015-09-09 17:33:00,43,1.0,0.449999988079,0,0.0,0.0,0.0
2015-09-09 17:38:00,62,0.0301029996659,1.0,0,0.0,0.0,0.0
2015-09-09 17:43:00,70,0.0301029996659,0.0,0,0.0,0.0,0.0
2015-09-09 17:48:00,65,0.0301029996659,0.0,0,0.0,0.0,0.0
2015-09-09 17:58:00,70,0.0301029996659,0.0,0,0.0,0.0,0.0
2015-09-09 18:03:00,67,0.0301029996659,0.0,0,0.0,0.0,0.0
2015-09-09 18:13:00,70,0.0301029996659,0.0,0,0.0,0.0,0.0
2015-09-09 18:18:00,67,0.0301029996659,0.0,0,0.0,0.0,0.0
2015-09-09 18:23:00,69,0.0301029996659,0.0,0,0.0,0.0,0.0
2015-09-09 18:28:00,69,0.0301029996659,0.0,0,0.0,0.0,0.0
2015-09-09 18:38:00,68,0.0301029996659,0.0,0,0.0,0.0,0.0
2015-09-09 18:43:00,67,0.0301029996659,0.0,0,0.0,0.0,0.0
2015-09-09 19:03:00,66,0.0301029996659,0.0,0,0.0,0.0,0.0
2015-09-09 19:38:00,63,0.0301029996659,0.0,0,0.0,0.0,0.0
2015-09-09 19:48:00,68,0.0301029996659,0.0,0,0.0,0.0,0.0
2015-09-09 20:03:00,68,0.0301029996659,0.0,0,0.0,0.0,0.0
2015-09-09 20:13:00,65,0.0301029996659,0.0250000003725,0,0.0,0.0,0.0
2015-09-09 20:18:00,60,0.0301029996659,0.0500000007451,0,0.0,0.0,0.0
2015-09-09 20:23:00,65,0.0301029996659,0.0250000003725,0,0.0,0.0,0.0
2015-09-09 20:38:00,64,0.0301029996659,0.0500000007451,0,0.0,0.0,0.0
2015-09-09 20:58:00,57,0.0301029996659,0.27500000596,0,0.0,0.0,0.0
2015-09-09 21:13:00,57,0.0301029996659,0.300000011921,0,0.0,0.0,0.0
2015-09-09 21:28:00,62,0.0301029996659,0.10000000149,0,0.0,0.0,0.0
2015-09-09 21:33:00,55,0.0301029996659,0.27500000596,0,0.0,0.0,0.0
2015-09-09 21:48:00,61,0.0301029996659,0.10000000149,0,0.0,0.0,0.0
2015-09-09 21:53:00,61,0.0301029996659,0.0750000029802,0,0.0,0.0,0.0
2015-09-09 22:33:00,58,0.0301029996659,0.15000000596,0,0.0,0.0,0.0
2015-09-09 22:41:00,65,0.0301029996659,0.125,0,0.0,0.0,0.0
2015-09-09 23:38:00,65,0.0301029996659,0.10000000149,0,0.0,0.0,0.0
2015-09-09 23:53:00,62,0.0301029996659,0.10000000149,0,0.0,0.0,0.0
2015-09-10 05:33:00,68,0.0301029996659,0.22499999404,0,0.0,0.0,0.0
2015-09-10 05:45:00,61,0.0301029996659,0.34999999404,0,0.0,0.0,0.0
2015-09-10 08:00:00,62,0.0301029996659,0.17499999702,0,0.0,0.0,0.0
2015-09-10 08:18:00,73,0.0301029996659,0.20000000298,0,0.0,0.0,0.0
2015-09-10 08:33:00,70,0.0301029996659,0.0750000029802,0,0.0,0.0,0.0
2015-09-10 08:43:00,65,0.0301029996659,0.0,0,0.0,0.0,0.0
2015-09-10 08:53:00,65,0.0301029996659,0.0,0,0.0,0.0,0.0
2015-09-10 09:13:00,61,0.0301029996659,0.10000000149,0,0.0,0.0,0.0
2015-09-10 09:23:00,64,0.0301029996659,0.0250000003725,0,0.0,0.0,0.0
2015-09-10 09:28:00,62,0.0301029996659,0.0500000007451,0,0.0,0.0,0.0
2015-09-10 09:48:00,75,0.0301029996659,0.125,0,0.0,0.0,0.0
2015-09-10 09:52:00,66,0.0301029996659,0.0250000003725,0,0.0,0.0,0.0
2015-09-10 10:02:00,71,0.0301029996659,0.0250000003725,0,0.0,0.0,0.0
2015-09-10 10:07:00,66,0.0301029996659,0.0250000003725,0,0.0,0.0,0.0
2015-09-10 10:22:00,67,0.0301029996659,0.0,0,0.0,0.0,0.0
2015-09-10 10:27:00,65,0.0301029996659,0.0,0,0.0,0.0,0.0
2015-09-10 10:32:00,67,0.0301029996659,0.0,0,0.0,0.0,0.0
2015-09-10 10:42:00,67,0.0301029996659,0.0,0,0.0,0.0,0.0
2015-09-10 10:47:00,65,0.0301029996659,0.0,0,0.0,0.0,0.0
2015-09-10 10:52:00,68,0.0301029996659,0.0,0,0.0,0.0,0.0
2015-09-10 11:27:00,64,0.0301029996659,0.0,0,0.0,0.0,0.0
2015-09-10 11:37:00,72,0.0301029996659,0.0,0,0.0,0.0,0.0
2015-09-10 11:42:00,62,0.00844607843213,0.0,0,0.0,0.0,0.0
2015-09-10 11:47:00,72,0.0080020680403,0.0,0,0.0,0.0,0.0
2015-09-10 11:52:00,72,0.0080020680403,0.0,0,0.0,0.0,0.0
2015-09-10 11:57:00,68,0.0080020680403,0.0,0,0.0,0.0,0.0
2015-09-10 12:07:00,64,0.0080020680403,0.0,0,0.0,0.0,0.0
2015-09-10 12:12:00,63,0.0080020680403,0.0,0,0.0,0.0,0.0
2015-09-10 12:37:00,65,0.0080020680403,0.0,0,0.0,0.0,0.0
2015-09-10 12:42:00,72,0.0080020680403,0.0,0,0.0,0.0,0.0
2015-09-10 12:57:00,67,0.0080020680403,0.0,0,0.0,0.0,0.0
2015-09-10 13:07:00,66,0.0080020680403,0.0,0,0.0,0.0,0.0
2015-09-10 13:17:00,71,0.0080020680403,0.0,0,0.0,0.0,0.0
2015-09-10 13:32:00,71,0.0080020680403,0.0,0,0.0,0.0,0.0
2015-09-10 13:42:00,67,0.0080020680403,0.0,0,0.0,0.0,0.0
2015-09-10 13:47:00,68,0.0080020680403,0.0,0,0.0,0.0,0.0
2015-09-10 14:02:00,65,0.0080020680403,0.0,0,0.0,0.0,0.0
2015-09-10 14:07:00,70,0.0080020680403,0.0,0,0.0,0.0,0.0
2015-09-10 14:17:00,71,0.0080020680403,0.0,0,0.0,0.0,0.0
2015-09-10 14:32:00,65,0.0080020680403,0.0,0,0.0,0.0,0.0
2015-09-10 14:37:00,69,0.0080020680403,0.0,0,0.0,0.0,0.0
2015-09-10 14:42:00,69,0.0080020680403,0.0,0,0.0,0.0,0.0
2015-09-10 14:47:00,69,0.0080020680403,0.0,0,0.0,0.0,0.0
2015-09-10 14:57:00,69,0.0080020680403,0.0,0,0.0,0.0,0.0
2015-09-10 15:02:00,71,0.0080020680403,0.0,0,0.0,0.0,0.0
2015-09-10 15:07:00,64,0.0080020680403,0.0,0,0.0,0.0,0.0
2015-09-10 15:12:00,64,0.0080020680403,0.0,0,0.0,0.0,0.0
2015-09-10 15:17:00,66,0.0080020680403,0.0,0,0.0,0.0,0.0
2015-09-10 15:22:00,76,0.0080020680403,0.0,0,0.0,0.0,0.0
2015-09-10 15:27:00,64,0.0080020680403,0.0,0,0.0,0.0,0.0
2015-09-10 15:32:00,67,0.0080020680403,0.0,0,0.0,0.0,0.0
2015-09-10 15:37:00,64,0.0080020680403,0.0,0,0.0,0.0,0.0
2015-09-10 15:42:00,70,0.0080020680403,0.0,0,0.0,0.0,0.0
2015-09-10 15:47:00,70,0.0113794424669,0.0,0,0.0,0.0,0.0
2015-09-10 15:52:00,68,0.0113794424669,0.0,0,0.0,0.0,0.0
2015-09-10 15:57:00,69,0.0113794424669,0.0,0,0.0,0.0,0.0
2015-09-10 16:02:00,68,0.0113794424669,0.0,0,0.0,0.0,0.0
2015-09-10 16:12:00,68,0.0113794424669,0.0,0,0.0,0.0,0.0
2015-09-10 16:17:00,69,0.0113794424669,0.0,0,0.0,0.0,0.0
2015-09-10 16:22:00,63,0.0113794424669,0.0,0,0.0,0.0,0.0
2015-09-10 16:27:00,67,0.0113794424669,0.0,0,0.0,0.0,0.0
2015-09-10 16:32:00,66,0.0113794424669,0.0,0,0.0,0.0,0.0
2015-09-10 16:37:00,68,0.0113794424669,0.0,0,0.0,0.0,0.0
2015-09-10 16:42:00,66,0.0113794424669,0.0,0,0.0,0.0,0.0
2015-09-10 16:47:00,67,0.0113794424669,0.0,0,0.0,0.0,0.0
2015-09-10 16:52:00,67,0.0113794424669,0.0,0,0.0,0.0,0.0
2015-09-10 16:57:00,68,0.0113794424669,0.0,0,0.0,0.0,0.0
2015-09-10 17:02:00,64,0.0113794424669,0.0,0,0.0,0.0,0.0
2015-09-10 17:07:00,67,0.0113794424669,0.0,0,0.0,0.0,0.0
2015-09-10 17:12:00,62,0.0113794424669,0.0,0,0.0,0.0,0.0
2015-09-10 17:17:00,67,0.0113794424669,0.0,0,0.0,0.0,0.0
2015-09-10 17:22:00,66,0.0113794424669,0.0,0,0.0,0.0,0.0
2015-09-10 17:32:00,66,0.0113794424669,0.0,0,0.0,0.0,0.0
2015-09-10 17:37:00,67,0.0113794424669,0.0,0,0.0,0.0,0.0
2015-09-10 17:42:00,62,0.0113794424669,0.0,0,0.0,0.0,0.0
2015-09-10 17:47:00,63,0.0113794424669,0.0,0,0.0,0.0,0.0
2015-09-10 17:52:00,66,0.0113794424669,0.0,0,0.0,0.0,0.0
2015-09-10 18:07:00,69,0.0113794424669,0.0,0,0.0,0.0,0.0
2015-09-10 18:12:00,70,0.0113794424669,0.0,0,0.0,0.0,0.0
2015-09-10 18:17:00,70,0.0113794424669,0.0,0,0.0,0.0,0.0
2015-09-10 18:22:00,67,0.0113794424669,0.0,0,0.0,0.0,0.0
2015-09-10 18:37:00,66,0.0113794424669,0.0,0,0.0,0.0,0.0
2015-09-10 18:42:00,68,0.0113794424669,0.0,0,0.0,0.0,0.0
2015-09-10 18:47:00,71,0.0113794424669,0.0,0,0.0,0.0,0.0
2015-09-10 18:52:00,62,0.0113794424669,0.0,0,0.0,0.0,0.0
2015-09-10 18:57:00,68,0.0113794424669,0.0,0,0.0,0.0,0.0
2015-09-10 19:32:00,62,0.0113794424669,0.0,0,0.0,0.0,0.0
2015-09-10 19:37:00,64,0.0113794424669,0.0,0,0.0,0.0,0.0
2015-09-10 19:47:00,69,0.0113794424669,0.0,0,0.0,0.0,0.0
2015-09-10 19:57:00,63,0.0113794424669,0.0,0,0.0,0.0,0.0
2015-09-10 20:02:00,64,0.0113794424669,0.0,0,0.0,0.0,0.0
2015-09-10 21:02:00,62,0.0113794424669,0.0,0,0.0,0.0,0.0
2015-09-10 21:12:00,69,0.0113794424669,0.0,0,0.0,0.0,0.0
2015-09-10 21:27:00,65,0.0119859678492,0.0250000003725,0,0.0,0.0,0.0
2015-09-10 21:57:00,56,0.0161441311281,0.15000000596,0,0.0,0.0,0.0
2015-09-10 22:12:00,64,0.0161441311281,0.0,0,0.0,0.0,0.0
2015-09-10 23:42:00,70,0.016928368225,0.0250000003725,0,0.0,0.0,0.0
2015-09-10 23:47:00,61,0.0194472461097,0.0750000029802,0,0.0,0.0,0.0
2015-09-11 05:27:00,64,0.0252747499249,0.15000000596,0,0.0,0.0,0.0
2015-09-11 05:47:00,68,0.027464363008,0.0500000007451,0,0.0,0.0,0.0
2015-09-11 06:17:00,65,0.0286074220875,0.0250000003725,0,0.0,0.0,0.0
2015-09-11 06:37:00,70,0.0309920803813,0.0500000007451,0,0.0,0.0,0.0
2015-09-11 06:42:00,65,0.0322344720968,0.0250000003725,0,0.0,0.0,0.0
2015-09-11 06:57:00,65,0.0322344720968,0.0250000003725,0,0.0,0.0,0.0
2015-09-11 07:07:00,70,0.0263536101769,0.0250000003725,0,0.0,0.0,0.0
2015-09-11 07:12:00,73,0.0309920801987,0.10000000149,0,0.0,0.0,0.0
2015-09-11 07:32:00,69,0.0309920801987,0.0250000003725,0,0.0,0.0,0.0
2015-09-11 07:42:00,68,0.0286074218284,0.0250000003725,0,0.0,0.0,0.0
2015-09-11 08:12:00,65,0.022225274163,0.0,0,0.0,0.0,0.0
2015-09-11 08:42:00,68,0.0203438426501,0.0,0,0.0,0.0,0.0
2015-09-11 08:47:00,69,0.0194472459126,0.0,0,0.0,0.0,0.0
2015-09-11 09:12:00,71,0.0177399801895,0.0,0,0.0,0.0,0.0
2015-09-11 09:17:00,70,0.0169283681061,0.0,0,0.0,0.0,0.0
2015-09-11 09:27:00,64,0.0161441310133,0.0,0,0.0,0.0,0.0
2015-09-11 09:32:00,68,0.0153867824728,0.0,0,0.0,0.0,0.0
2015-09-11 09:37:00,70,0.0126163557541,0.0,0,0.0,0.0,0.0
2015-09-11 09:52:00,66,0.0119859678492,0.0,0,0.0,0.0,0.0
2015-09-11 09:57:00,71,0.0113794424669,0.0,0,0.0,0.0,0.0
2015-09-11 10:07:00,68,0.0113794424669,0.0,0,0.0,0.0,0.0
2015-09-11 10:27:00,63,0.0113794424669,0.0,0,0.0,0.0,0.0
2015-09-11 10:39:00,66,0.0113794424669,0.0,0,0.0,0.0,0.0
2015-09-11 10:49:00,65,0.0113794424669,0.0,0,0.0,0.0,0.0
2015-09-11 11:19:00,69,0.0113794424669,0.0,0,0.0,0.0,0.0
2015-09-11 11:29:00,70,0.0113794424669,0.0,0,0.0,0.0,0.0
2015-09-11 11:34:00,67,0.0113794424669,0.0,0,0.0,0.0,0.0
2015-09-11 11:39:00,63,0.0113794424669,0.0,0,0.0,0.0,0.0
2015-09-11 11:44:00,68,0.0113794424669,0.0,0,0.0,0.0,0.0
2015-09-11 11:54:00,71,0.0113794424669,0.0,0,0.0,0.0,0.0
2015-09-11 12:04:00,60,0.0113794424669,0.0,0,0.0,0.0,0.0
2015-09-11 12:14:00,81,1.0,0.0750000029802,0,-0.22,-0.11,-0.11
2015-09-11 12:39:00,69,0.0132711219113,0.0,0,0.0,0.0,0.0
2015-09-11 12:44:00,71,0.0132711219113,0.0,0,0.0,0.0,0.0
2015-09-11 12:49:00,64,0.0132711219113,0.0,0,0.0,0.0,0.0
2015-09-11 12:54:00,65,0.0132711219113,0.0,0,0.0,0.0,0.0
2015-09-11 12:59:00,69,0.0132711219113,0.0,0,0.0,0.0,0.0
2015-09-11 13:09:00,66,0.0132711219113,0.0,0,0.0,0.0,0.0
2015-09-11 13:24:00,65,0.0132711219113,0.0,0,0.0,0.0,0.0
2015-09-11 13:29:00,67,0.0132711219113,0.0,0,0.0,0.0,0.0
2015-09-11 13:39:00,67,0.0132711219113,0.0,0,0.0,0.0,0.0
2015-09-11 13:44:00,66,0.0113794424669,0.0,0,0.0,0.0,0.0
2015-09-11 13:49:00,69,0.0113794424669,0.0,0,0.0,0.0,0.0
2015-09-11 13:54:00,70,0.0113794424669,0.0,0,0.0,0.0,0.0
2015-09-11 14:04:00,65,0.0113794424669,0.0,0,0.0,0.0,0.0
2015-09-11 14:14:00,68,0.0113794424669,0.0,0,0.0,0.0,0.0
2015-09-11 14:19:00,68,0.0113794424669,0.0,0,0.0,0.0,0.0
2015-09-11 14:24:00,66,0.0113794424669,0.0,0,0.0,0.0,0.0
2015-09-11 14:29:00,67,0.0113794424669,0.0,0,0.0,0.0,0.0
2015-09-11 14:39:00,66,0.0113794424669,0.0,0,0.0,0.0,0.0
2015-09-11 14:44:00,67,0.0113794424669,0.0,0,0.0,0.0,0.0
2015-09-11 14:54:00,66,0.0113794424669,0.0,0,0.0,0.0,0.0
2015-09-11 14:59:00,65,0.0113794424669,0.0,0,0.0,0.0,0.0
2015-09-11 15:09:00,69,0.0113794424669,0.0,0,0.0,0.0,0.0
2015-09-11 15:14:00,69,0.0113794424669,0.0,0,0.0,0.0,0.0
2015-09-11 15:19:00,70,0.0148139116165,0.0,0,0.0,0.0,0.0
2015-09-11 15:24:00,67,0.0148139116165,0.0,0,0.0,0.0,0.0
2015-09-11 15:29:00,68,0.0148139116165,0.0,0,0.0,0.0,0.0
2015-09-11 15:34:00,64,0.0148139116165,0.0,1,0.871604206333,0.871604206333,0.871604206333
2015-09-11 15:39:00,66,0.0148139116165,0.0,1,0.0,0.0,0.0
2015-09-11 15:44:00,66,0.0148139116165,0.0,1,0.0,0.0,0.0
2015-09-11 15:49:00,62,0.0148139116165,0.0,1,0.0,0.0,0.0
2015-09-11 15:54:00,66,0.0148139116165,0.0,1,0.0,0.0,0.0
2015-09-11 15:59:00,60,0.0148139116165,0.0,1,0.0,0.0,0.0
2015-09-11 16:04:00,66,0.0148139116165,0.0,1,0.0,0.0,0.0
2015-09-11 16:09:00,68,0.0148139116165,0.0,1,0.0,0.0,0.0
2015-09-11 16:14:00,64,0.0148139116165,0.0,1,0.0,0.0,0.0
2015-09-11 16:19:00,66,0.0148139116165,0.0,1,0.0,0.0,0.0
2015-09-11 16:24:00,60,0.0148139116165,0.0,1,0.0,0.0,0.0
2015-09-11 16:29:00,70,0.0148139116165,0.0,1,0.0,0.0,0.0
2015-09-11 16:34:00,65,0.0148139116165,0.0,1,0.0,0.0,0.0
2015-09-11 16:39:00,59,0.0148139116165,0.0,1,0.0,0.0,0.0
2015-09-11 16:44:00,23,1.0,0.425000011921,1,0.0,0.0,0.0
2015-09-11 16:49:00,52,0.0632005964361,0.324999988079,1,0.0,0.0,0.0
2015-09-11 16:54:00,56,0.068200404737,0.0500000007451,1,0.0,0.0,0.0
2015-09-11 16:59:00,67,0.068200404737,0.0,1,0.0,0.0,0.0
2015-09-11 17:04:00,63,0.068200404737,0.0,1,0.0,0.0,0.0
2015-09-11 17:09:00,61,0.068200404737,0.0,1,0.0,0.0,0.0
2015-09-11 17:14:00,65,0.068200404737,0.0,1,0.0,0.0,0.0
2015-09-11 17:19:00,63,0.068200404737,0.0,1,0.0,0.0,0.0
2015-09-11 17:24:00,62,0.068200404737,0.0,1,0.0,0.0,0.0
2015-09-11 17:29:00,66,0.068200404737,0.0,1,0.0,0.0,0.0
2015-09-11 17:34:00,62,0.033179168548,0.0,1,0.0,0.0,0.0
2015-09-11 17:39:00,70,0.0166816504173,0.0,1,0.0,0.0,0.0
2015-09-11 17:44:00,68,0.0148139116165,0.0,1,0.0,0.0,0.0
2015-09-11 17:49:00,69,0.0148139116165,0.0,1,0.0,0.0,0.0
2015-09-11 17:54:00,69,0.0148139116165,0.0,1,0.0,0.0,0.0
2015-09-11 17:59:00,69,0.0148139116165,0.0,0,0.0,0.0,0.0
2015-09-11 18:04:00,64,0.0148139116165,0.0,0,0.0,0.0,0.0
2015-09-11 18:09:00,68,0.0148139116165,0.0,0,0.0,0.0,0.0
2015-09-11 18:11:00,70,0.0148139116165,0.0,0,0.0,0.0,0.0
2015-09-11 18:16:00,65,0.0148139116165,0.0,0,0.0,0.0,0.0
2015-09-11 18:21:00,70,0.0148139116165,0.0,0,0.0,0.0,0.0
2015-09-11 18:26:00,67,0.0148139116165,0.0,0,0.0,0.0,0.0
2015-09-11 18:31:00,64,0.0148139116165,0.0,0,0.0,0.0,0.0
2015-09-11 18:36:00,67,0.0148139116165,0.0,0,0.0,0.0,0.0
2015-09-11 18:41:00,67,0.0148139116165,0.0,0,0.0,0.0,0.0
2015-09-11 18:51:00,68,0.0148139116165,0.0,0,0.0,0.0,0.0
2015-09-11 18:56:00,68,0.0148139116165,0.0,0,0.0,0.0,0.0
2015-09-11 19:01:00,68,0.0148139116165,0.0,0,0.0,0.0,0.0
2015-09-11 19:26:00,63,0.0148139116165,0.0,0,0.0,0.0,0.0
2015-09-11 19:41:00,62,0.0148139116165,0.0,0,0.0,0.0,0.0
2015-09-11 19:46:00,69,0.0148139116165,0.0,0,0.0,0.0,0.0
2015-09-11 20:01:00,61,0.0148139116165,0.0,0,0.0,0.0,0.0
2015-09-11 20:06:00,58,0.0157274833729,0.0250000003725,0,0.0,0.0,0.0
2015-09-11 20:16:00,61,0.0157274833729,0.0,0,0.0,0.0,0.0
2015-09-11 20:26:00,63,0.0157274833729,0.0,0,0.0,0.0,0.0
2015-09-11 20:36:00,62,0.0157274833729,0.0,0,0.0,0.0,0.0
2015-09-11 20:46:00,66,0.0157274833729,0.0,0,0.0,0.0,0.0
2015-09-11 20:51:00,65,0.0157274833729,0.0,0,0.0,0.0,0.0
2015-09-11 21:01:00,60,0.0166816504173,0.0250000003725,0,0.0,0.0,0.0
2015-09-11 21:21:00,64,0.0166816504173,0.0,0,0.0,0.0,0.0
2015-09-11 21:51:00,59,0.019796861821,0.0750000029802,0,0.0,0.0,0.0
2015-09-11 21:56:00,56,0.02457306689,0.10000000149,0,0.0,0.0,0.0
2015-09-11 21:59:00,47,0.0584445823656,0.5,0,0.0,0.0,0.0
2015-09-11 22:16:00,60,0.203270930876,1.0,0,0.0,0.0,0.0
2015-09-11 22:41:00,56,0.229183237823,0.125,0,0.0,0.0,0.0
2015-09-11 23:41:00,57,0.262679087332,0.15000000596,0,0.0,0.0,0.0
2015-09-12 00:16:00,79,0.351165293354,0.34999999404,0,0.0,0.0,0.0
2015-09-12 00:46:00,62,0.386312007814,0.125,0,0.0,0.0,0.0
2015-09-12 02:56:00,64,0.400897203504,0.0750000029802,0,0.0,0.0,0.0
2015-09-12 03:41:00,58,0.503079223999,0.324999988079,0,0.0,0.0,0.0
2015-09-12 05:06:00,78,0.299999996735,0.975000023842,0,0.0,0.0,0.0
2015-09-12 06:51:00,75,0.299999996735,0.824999988079,0,0.0,0.0,0.0
2015-09-12 07:11:00,71,0.299999996735,0.0500000007451,0,0.0,0.0,0.0
2015-09-12 07:41:00,70,0.299999996735,0.0500000007451,0,0.0,0.0,0.0
2015-09-12 07:51:00,73,0.299999996735,0.0750000029802,0,0.0,0.0,0.0
2015-09-12 08:01:00,70,0.299999996735,0.0250000003725,0,0.0,0.0,0.0
2015-09-12 08:16:00,70,0.415784142786,0.0250000003725,0,0.0,0.0,0.0
2015-09-12 08:46:00,80,0.446465422862,0.22499999404,0,0.0,0.0,0.0
2015-09-12 08:56:00,66,0.423340936399,0.0,0,0.0,0.0,0.0
2015-09-12 09:16:00,68,0.330976689959,0.0,0,0.0,0.0,0.0
2015-09-12 09:21:00,76,0.140216977659,0.0750000029802,0,0.0,0.0,0.0
2015-09-12 09:26:00,66,0.0436595613411,0.0,0,0.0,0.0,0.0
2015-09-12 09:56:00,69,0.0399486094425,0.0,0,0.0,0.0,0.0
2015-09-12 10:06:00,69,0.0364569036675,0.0,0,0.0,0.0,0.0
2015-09-12 10:16:00,70,0.0316188206026,0.0,0,0.0,0.0,0.0
2015-09-12 10:46:00,72,0.0301098668643,0.0,0,0.0,0.0,0.0
2015-09-12 10:51:00,67,0.0286515737785,0.0,0,0.0,0.0,0.0
2015-09-12 10:56:00,71,0.0176773333848,0.0,0,0.0,0.0,0.0
2015-09-12 11:06:00,64,0.0176773333848,0.0,0,0.0,0.0,0.0
2015-09-12 11:31:00,67,0.0176773333848,0.0,0,0.0,0.0,0.0
2015-09-12 11:41:00,75,0.0157274833729,0.0250000003725,0,0.0,0.0,0.0
2015-09-12 11:46:00,68,0.0157274833729,0.0,0,0.0,0.0,0.0
2015-09-12 12:06:00,67,0.0157274833729,0.0,0,0.0,0.0,0.0
2015-09-12 12:11:00,71,0.0157274833729,0.0,0,0.0,0.0,0.0
2015-09-12 12:16:00,65,0.0157274833729,0.0,0,0.0,0.0,0.0
2015-09-12 12:26:00,67,0.0157274833729,0.0,0,0.0,0.0,0.0
2015-09-12 12:31:00,77,0.017677333309,0.0500000007451,0,0.0,0.0,0.0
2015-09-12 12:36:00,67,0.017677333309,0.0,0,0.0,0.0,0.0
2015-09-12 12:46:00,67,0.017677333309,0.0,0,0.0,0.0,0.0
2015-09-12 12:51:00,68,0.017677333309,0.0,0,0.0,0.0,0.0
2015-09-12 13:06:00,70,0.0166816504173,0.0,0,0.0,0.0,0.0
2015-09-12 13:11:00,67,0.0166816504173,0.0,0,0.0,0.0,0.0
2015-09-12 13:16:00,62,0.0166816504173,0.0,0,0.0,0.0,0.0
2015-09-12 13:21:00,67,0.0166866543705,0.0,0,0.0,0.0,0.0
2015-09-12 13:36:00,67,0.0166866543705,0.0,0,0.0,0.0,0.0
2015-09-12 13:41:00,65,0.0166866543705,0.0,0,0.0,0.0,0.0
2015-09-12 14:16:00,73,0.0152609691996,0.0,0,0.0,0.0,0.0
2015-09-12 14:21:00,69,0.0152609691996,0.0,0,0.0,0.0,0.0
2015-09-12 14:31:00,70,0.0152609691996,0.0,0,0.0,0.0,0.0
2015-09-12 14:41:00,70,0.0152609691996,0.0,0,0.0,0.0,0.0
2015-09-12 14:56:00,69,0.0152609691996,0.0,0,0.0,0.0,0.0
2015-09-12 15:01:00,72,0.0152609691996,0.0,0,0.0,0.0,0.0
2015-09-12 15:11:00,70,0.0152609691996,0.0,0,0.0,0.0,0.0
2015-09-12 15:16:00,64,0.0152609691996,0.0,0,0.0,0.0,0.0
2015-09-12 15:21:00,68,0.0152609691996,0.0,0,0.0,0.0,0.0
2015-09-12 15:31:00,66,0.0152609691996,0.0,0,0.0,0.0,0.0
2015-09-12 15:36:00,72,0.0152609691996,0.0,0,0.0,0.0,0.0
2015-09-12 15:41:00,71,0.0152609691996,0.0,0,0.0,0.0,0.0
2015-09-12 15:46:00,68,0.0152609691996,0.0,0,0.0,0.0,0.0
2015-09-12 15:51:00,66,0.0152609691996,0.0,0,0.0,0.0,0.0
2015-09-12 15:56:00,70,0.0152609691996,0.0,0,0.0,0.0,0.0
2015-09-12 16:01:00,68,0.0152609691996,0.0,0,0.0,0.0,0.0
2015-09-12 16:11:00,65,0.0152609691996,0.0,0,0.0,0.0,0.0
2015-09-12 16:16:00,72,0.0152609691996,0.0,0,0.0,0.0,0.0
2015-09-12 16:21:00,65,0.0152609691996,0.0,0,0.0,0.0,0.0
2015-09-12 16:31:00,71,0.0152609691996,0.0,0,0.0,0.0,0.0
2015-09-12 16:36:00,65,0.0152609691996,0.0,0,0.0,0.0,0.0
2015-09-12 16:41:00,64,0.0152609691996,0.0,0,0.0,0.0,0.0
2015-09-12 16:46:00,69,0.0152609691996,0.0,0,0.0,0.0,0.0
2015-09-12 16:51:00,68,0.0152609691996,0.0,0,0.0,0.0,0.0
2015-09-12 16:56:00,72,0.0152609691996,0.0,0,0.0,0.0,0.0
2015-09-12 17:01:00,71,0.0152609691996,0.0,0,0.0,0.0,0.0
2015-09-12 17:06:00,69,0.0152609691996,0.0,0,0.0,0.0,0.0
2015-09-12 17:21:00,71,0.0152609691996,0.0,0,0.0,0.0,0.0
2015-09-12 17:46:00,69,0.0152609691996,0.0,0,0.0,0.0,0.0
2015-09-12 18:21:00,73,0.0152609691996,0.0,0,0.0,0.0,0.0
2015-09-12 18:41:00,70,0.0152609691996,0.0,0,0.0,0.0,0.0
2015-09-12 19:01:00,68,0.0152609691996,0.0,0,0.0,0.0,0.0
2015-09-12 19:21:00,62,0.0152609691996,0.0,0,0.0,0.0,0.0
2015-09-12 19:26:00,69,0.0152609691996,0.0,0,0.0,0.0,0.0
2015-09-12 19:46:00,72,0.0152609691996,0.0,0,0.0,0.0,0.0
2015-09-12 19:51:00,65,0.0152609691996,0.0,0,0.0,0.0,0.0
2015-09-12 20:06:00,60,0.0152609691996,0.0,0,0.0,0.0,0.0
2015-09-12 20:31:00,62,0.0152609691996,0.0,0,0.0,0.0,0.0
2015-09-12 20:51:00,66,0.0152609691996,0.0,0,0.0,0.0,0.0
2015-09-12 21:21:00,68,0.0152609691996,0.0,0,0.0,0.0,0.0
2015-09-12 21:36:00,63,0.0152609691996,0.0,0,0.0,0.0,0.0
2015-09-12 21:51:00,70,0.0152609691996,0.0,0,0.0,0.0,0.0
2015-09-12 22:46:00,74,0.0152609691996,0.0,0,0.0,0.0,0.0
2015-09-12 23:01:00,62,0.0152609691996,0.0,0,0.0,0.0,0.0
2015-09-12 23:06:00,59,0.0174348148861,0.0750000029802,0,0.0,0.0,0.0
2015-09-12 23:31:00,59,0.0198252505097,0.0750000029802,0,0.0,0.0,0.0
2015-09-13 06:31:00,62,0.021544313181,0.0500000007451,0,0.0,0.0,0.0
2015-09-13 07:51:00,70,0.0224425940723,0.0250000003725,0,0.0,0.0,0.0
2015-09-13 08:01:00,62,0.0224425940723,0.0,0,0.0,0.0,0.0
2015-09-13 08:26:00,67,0.0224425940723,0.0,0,0.0,0.0,0.0
2015-09-13 09:21:00,69,0.0224425940723,0.0,0,0.0,0.0,0.0
2015-09-13 09:26:00,72,0.0224425940723,0.0,0,0.0,0.0,0.0
2015-09-13 09:41:00,67,0.0224425940723,0.0,0,0.0,0.0,0.0
2015-09-13 10:06:00,69,0.0224425940723,0.0,0,0.0,0.0,0.0
2015-09-13 10:11:00,72,0.0198252504475,0.0,0,0.0,0.0,0.0
2015-09-13 10:16:00,65,0.0174348148295,0.0,0,0.0,0.0,0.0
2015-09-13 10:46:00,76,0.0166866543705,0.0250000003725,0,0.0,0.0,0.0
2015-09-13 10:51:00,67,0.0159621710639,0.0,0,0.0,0.0,0.0
2015-09-13 10:56:00,72,0.0159621710639,0.0,0,0.0,0.0,0.0
2015-09-13 11:06:00,70,0.0159621710639,0.0,0,0.0,0.0,0.0
2015-09-13 11:11:00,65,0.0159621710639,0.0,0,0.0,0.0,0.0
2015-09-13 11:26:00,71,0.0159621710639,0.0,0,0.0,0.0,0.0
2015-09-13 11:31:00,69,0.0159621710639,0.0,0,0.0,0.0,0.0
2015-09-13 11:46:00,64,0.0159621710639,0.0,0,0.0,0.0,0.0
2015-09-13 11:51:00,67,0.0159621710639,0.0,0,0.0,0.0,0.0
2015-09-13 11:56:00,69,0.0159621710639,0.0,0,0.0,0.0,0.0
2015-09-13 12:06:00,66,0.0152609691996,0.0,0,0.0,0.0,0.0
2015-09-13 12:21:00,73,0.0152609691996,0.0,0,0.0,0.0,0.0
2015-09-13 12:26:00,70,0.0152609691996,0.0,0,0.0,0.0,0.0
2015-09-13 12:31:00,66,0.0152609691996,0.0,0,0.0,0.0,0.0
2015-09-13 12:41:00,66,0.0152609691996,0.0,0,0.0,0.0,0.0
2015-09-13 12:53:00,66,0.0152609691996,0.0,0,0.0,0.0,0.0
2015-09-13 12:58:00,70,0.0152609691996,0.0,0,0.0,0.0,0.0
2015-09-13 13:03:00,67,0.0152609691996,0.0,0,0.0,0.0,0.0
2015-09-13 13:08:00,72,0.0152609691996,0.0,0,0.0,0.0,0.0
2015-09-13 13:13:00,69,0.0152609691996,0.0,0,0.0,0.0,0.0
2015-09-13 13:18:00,66,0.0152609691996,0.0,0,0.0,0.0,0.0
2015-09-13 13:23:00,68,0.0152609691996,0.0,0,0.0,0.0,0.0
2015-09-13 13:28:00,65,0.0152609691996,0.0,0,0.0,0.0,0.0
2015-09-13 13:38:00,67,0.0152609691996,0.0,0,0.0,0.0,0.0
2015-09-13 13:43:00,64,0.0152609691996,0.0,0,0.0,0.0,0.0
2015-09-13 13:53:00,66,0.0152609691996,0.0,0,0.0,0.0,0.0
2015-09-13 13:58:00,68,0.0152609691996,0.0,0,0.0,0.0,0.0
2015-09-13 14:13:00,68,0.0152609691996,0.0,0,0.0,0.0,0.0
2015-09-13 14:23:00,67,0.0152609691996,0.0,0,0.0,0.0,0.0
2015-09-13 14:28:00,59,0.0152609691996,0.0,0,0.0,0.0,0.0
2015-09-13 14:38:00,64,0.0152609691996,0.0,0,0.0,0.0,0.0
2015-09-13 14:48:00,67,0.0152609691996,0.0,0,0.0,0.0,0.0
2015-09-13 14:53:00,65,0.0152609691996,0.0,0,0.0,0.0,0.0
2015-09-13 15:13:00,67,0.0152609691996,0.0,0,0.0,0.0,0.0
2015-09-13 15:23:00,66,0.0152609691996,0.0,0,0.0,0.0,0.0
2015-09-13 15:28:00,68,0.0152609691996,0.0,0,0.0,0.0,0.0
2015-09-13 15:33:00,66,0.0152609691996,0.0,0,0.0,0.0,0.0
2015-09-13 15:38:00,72,0.0152609691996,0.0,0,0.0,0.0,0.0
2015-09-13 15:43:00,71,0.0152609691996,0.0,0,0.0,0.0,0.0
2015-09-13 15:48:00,69,0.0152609691996,0.0,0,0.0,0.0,0.0
2015-09-13 16:03:00,61,0.0152609691996,0.0,0,0.0,0.0,0.0
2015-09-13 16:08:00,67,0.0168882181062,0.0,0,0.0,0.0,0.0
2015-09-13 16:18:00,66,0.0168882181062,0.0,0,0.0,0.0,0.0
2015-09-13 16:28:00,74,0.0168882181062,0.0,0,0.0,0.0,0.0
2015-09-13 16:48:00,65,0.0168882181062,0.0,0,0.0,0.0,0.0
2015-09-13 16:53:00,69,0.0168882181062,0.0,0,0.0,0.0,0.0
2015-09-13 16:58:00,64,0.0168882181062,0.0,0,0.0,0.0,0.0
2015-09-13 17:03:00,67,0.0168882181062,0.0,0,0.0,0.0,0.0
2015-09-13 17:13:00,69,0.0168882181062,0.0,0,0.0,0.0,0.0
2015-09-13 17:18:00,62,0.0168882181062,0.0,0,0.0,0.0,0.0
2015-09-13 17:23:00,63,0.0168882181062,0.0,0,0.0,0.0,0.0
2015-09-13 17:43:00,73,0.0168882181062,0.0,0,0.0,0.0,0.0
2015-09-13 17:48:00,64,0.0168882181062,0.0,0,0.0,0.0,0.0
2015-09-13 17:53:00,67,0.0168882181062,0.0,0,0.0,0.0,0.0
2015-09-13 17:58:00,65,0.0168882181062,0.0,0,0.0,0.0,0.0
2015-09-13 18:08:00,67,0.0168882181062,0.0,0,0.0,0.0,0.0
2015-09-13 18:18:00,65,0.0168882181062,0.0,0,0.0,0.0,0.0
2015-09-13 18:23:00,74,0.0168882181062,0.0,0,0.0,0.0,0.0
2015-09-13 18:33:00,65,0.0168882181062,0.0,0,0.0,0.0,0.0
2015-09-13 18:38:00,70,0.0168882181062,0.0,0,0.0,0.0,0.0
2015-09-13 18:43:00,70,0.0168882181062,0.0,0,0.0,0.0,0.0
2015-09-13 18:48:00,69,0.0168882181062,0.0,0,0.0,0.0,0.0
2015-09-13 18:58:00,69,0.0168882181062,0.0,0,0.0,0.0,0.0
2015-09-13 19:08:00,63,0.0168882181062,0.0,0,0.0,0.0,0.0
2015-09-13 19:13:00,63,0.0168882181062,0.0,0,0.0,0.0,0.0
2015-09-13 19:33:00,65,0.0168882181062,0.0,0,0.0,0.0,0.0
2015-09-13 19:43:00,56,0.0168882181062,0.0,0,0.0,0.0,0.0
2015-09-13 19:48:00,69,0.0168882181062,0.0,0,0.0,0.0,0.0
2015-09-13 20:13:00,63,0.0168882181062,0.0,0,0.0,0.0,0.0
2015-09-13 20:33:00,66,0.0168882181062,0.0,0,0.0,0.0,0.0
2015-09-13 20:43:00,66,0.0168882181062,0.0,0,0.0,0.0,0.0
2015-09-13 20:48:00,64,0.0168882181062,0.0,0,0.0,0.0,0.0
2015-09-13 21:08:00,68,0.0168882181062,0.0,0,0.0,0.0,0.0
2015-09-13 21:28:00,55,0.0195035950208,0.0750000029802,0,0.0,0.0,0.0
2015-09-13 22:48:00,75,0.0214016172479,0.0500000007451,0,0.0,0.0,0.0
2015-09-13 22:53:00,69,0.0214016172479,0.0,0,0.0,0.0,0.0
2015-09-13 23:33:00,62,0.0214016172479,0.0,0,0.0,0.0,0.0
2015-09-14 00:33:00,68,0.0234279897782,0.0500000007451,0,0.0,0.0,0.0
2015-09-14 05:53:00,66,0.0234279897782,0.0,0,0.0,0.0,0.0
2015-09-14 06:18:00,66,0.0234279897782,0.0,0,0.0,0.0,0.0
2015-09-14 06:28:00,75,0.0290812287829,0.125,0,0.0,0.0,0.0
2015-09-14 06:48:00,65,0.0303163237606,0.0250000003725,0,0.0,0.0,0.0
2015-09-14 06:53:00,68,0.0315872894886,0.0250000003725,0,0.0,0.0,0.0
2015-09-14 06:58:00,71,0.0290812286922,0.0250000003725,0,0.0,0.0,0.0
2015-09-14 07:08:00,69,0.0267168672957,0.0,0,0.0,0.0,0.0
2015-09-14 07:28:00,67,0.0267168672957,0.0,0,0.0,0.0,0.0
2015-09-14 07:33:00,68,0.0267168672957,0.0,0,0.0,0.0,0.0
2015-09-14 07:38:00,67,0.024490554633,0.0,0,0.0,0.0,0.0
2015-09-14 07:48:00,71,0.0255866882118,0.0250000003725,0,0.0,0.0,0.0
2015-09-14 07:58:00,67,0.0255866882118,0.0,0,0.0,0.0,0.0
2015-09-14 08:13:00,65,0.0204368156556,0.0,0,0.0,0.0,0.0
2015-09-14 08:28:00,66,0.0195035949525,0.0,0,0.0,0.0,0.0
2015-09-14 08:33:00,64,0.0186014387825,0.0,0,0.0,0.0,0.0
2015-09-14 08:48:00,60,0.0186014387825,0.0250000003725,0,0.0,0.0,0.0
2015-09-14 08:53:00,69,0.0186014387825,0.0,0,0.0,0.0,0.0
2015-09-14 09:03:00,66,0.0186014387825,0.0,0,0.0,0.0,0.0
2015-09-14 09:08:00,73,0.0186014387825,0.0,0,0.0,0.0,0.0
2015-09-14 09:13:00,70,0.0186014387825,0.0,0,0.0,0.0,0.0
2015-09-14 09:23:00,72,0.0177298234606,0.0,0,0.0,0.0,0.0
2015-09-14 09:28:00,62,0.0177298234606,0.0,0,0.0,0.0,0.0
2015-09-14 09:33:00,70,0.0177298234606,0.0,0,0.0,0.0,0.0
2015-09-14 09:38:00,69,0.0177298234606,0.0,0,0.0,0.0,0.0
2015-09-14 09:43:00,69,0.0177298234606,0.0,0,0.0,0.0,0.0
2015-09-14 09:48:00,69,0.0168882181062,0.0,0,0.0,0.0,0.0
2015-09-14 09:53:00,71,0.0168882181062,0.0,0,0.0,0.0,0.0
2015-09-14 09:58:00,68,0.0168882181062,0.0,0,0.0,0.0,0.0
2015-09-14 10:13:00,63,0.0168882181062,0.0,0,0.0,0.0,0.0
2015-09-14 10:18:00,68,0.0168882181062,0.0,0,0.0,0.0,0.0
2015-09-14 10:23:00,68,0.0168882181062,0.0,0,0.0,0.0,0.0
2015-09-14 10:28:00,66,0.0168882181062,0.0,0,0.0,0.0,0.0
2015-09-14 10:33:00,70,0.0168882181062,0.0,0,0.0,0.0,0.0
2015-09-14 10:43:00,70,0.0168882181062,0.0,0,0.0,0.0,0.0
2015-09-14 10:48:00,65,0.0168882181062,0.0,0,0.0,0.0,0.0
2015-09-14 11:03:00,74,0.0168882181062,0.0,0,0.0,0.0,0.0
2015-09-14 11:13:00,67,0.0168882181062,0.0,0,0.0,0.0,0.0
2015-09-14 11:18:00,64,0.0168882181062,0.0,0,0.0,0.0,0.0
2015-09-14 11:23:00,70,0.0168882181062,0.0,0,0.0,0.0,0.0
2015-09-14 11:28:00,70,0.0168882181062,0.0,0,0.0,0.0,0.0
2015-09-14 11:33:00,66,0.0168882181062,0.0,0,0.0,0.0,0.0
2015-09-14 11:43:00,67,0.0168882181062,0.0,0,0.0,0.0,0.0
2015-09-14 12:03:00,63,0.0168882181062,0.0,0,0.0,0.0,0.0
2015-09-14 12:08:00,70,0.0168882181062,0.0,0,0.0,0.0,0.0
2015-09-14 12:13:00,63,0.0168882181062,0.0,0,0.0,0.0,0.0
2015-09-14 12:23:00,71,0.0168882181062,0.0,0,0.0,0.0,0.0
2015-09-14 12:28:00,62,0.0168882181062,0.0,0,0.0,0.0,0.0
2015-09-14 12:38:00,67,0.0168882181062,0.0,0,0.0,0.0,0.0
2015-09-14 12:43:00,68,0.0168882181062,0.0,0,0.0,0.0,0.0
2015-09-14 12:48:00,73,0.0168882181062,0.0,0,0.0,0.0,0.0
2015-09-14 12:53:00,67,0.0168882181062,0.0,0,0.0,0.0,0.0
2015-09-14 13:15:00,65,0.0168882181062,0.0,0,0.0,0.0,0.0
2015-09-14 13:20:00,63,0.0168882181062,0.0,0,0.0,0.0,0.0
2015-09-14 13:25:00,72,0.0168882181062,0.0,0,0.0,0.0,0.0
2015-09-14 13:35:00,65,0.0168882181062,0.0,0,0.0,0.0,0.0
2015-09-14 13:40:00,64,0.0168882181062,0.0,0,0.0,0.0,0.0
2015-09-14 13:45:00,71,0.0168882181062,0.0,0,0.0,0.0,0.0
2015-09-14 13:50:00,66,0.0168882181062,0.0,0,0.0,0.0,0.0
2015-09-14 13:55:00,59,0.0168882181062,0.0,0,0.0,0.0,0.0
2015-09-14 14:15:00,57,0.0168882181062,0.0,0,0.0,0.0,0.0
2015-09-14 14:20:00,66,0.0168882181062,0.0,0,0.0,0.0,0.0
2015-09-14 14:25:00,71,0.0168882181062,0.0,0,0.0,0.0,0.0
2015-09-14 14:35:00,69,0.0168882181062,0.0,0,0.0,0.0,0.0
2015-09-14 14:40:00,67,0.0166340285523,0.0,0,0.0,0.0,0.0
2015-09-14 14:45:00,66,0.0166340285523,0.0,0,0.0,0.0,0.0
2015-09-14 14:50:00,67,0.0166340285523,0.0,0,0.0,0.0,0.0
2015-09-14 14:55:00,65,0.0166340285523,0.0,0,0.0,0.0,0.0
2015-09-14 15:00:00,70,0.0166340285523,0.0,0,0.0,0.0,0.0
2015-09-14 15:10:00,66,0.0166340285523,0.0,0,0.0,0.0,0.0
2015-09-14 15:15:00,66,0.0166340285523,0.0,0,0.0,0.0,0.0
2015-09-14 15:20:00,61,0.0166340285523,0.0,0,0.0,0.0,0.0
2015-09-14 15:30:00,68,0.0166340285523,0.0,0,0.0,0.0,0.0
2015-09-14 15:35:00,69,0.0166340285523,0.0,0,0.0,0.0,0.0
2015-09-14 15:40:00,63,0.0166340285523,0.0,0,0.0,0.0,0.0
2015-09-14 15:50:00,67,0.0166340285523,0.0,0,0.0,0.0,0.0
2015-09-14 15:55:00,66,0.0166340285523,0.0,0,0.0,0.0,0.0
2015-09-14 16:00:00,65,0.0166340285523,0.0,0,0.0,0.0,0.0
2015-09-14 16:05:00,67,0.0166340285523,0.0,0,0.0,0.0,0.0
2015-09-14 16:20:00,65,0.0166340285523,0.0,0,0.0,0.0,0.0
2015-09-14 16:25:00,66,0.0166340285523,0.0,0,0.0,0.0,0.0
2015-09-14 16:30:00,65,0.0166340285523,0.0,0,0.0,0.0,0.0
2015-09-14 16:35:00,64,0.0166340285523,0.0,0,0.0,0.0,0.0
2015-09-14 16:40:00,66,0.0166340285523,0.0,0,0.0,0.0,0.0
2015-09-14 16:45:00,62,0.0166340285523,0.0,0,0.0,0.0,0.0
2015-09-14 16:50:00,65,0.0166340285523,0.0,0,0.0,0.0,0.0
2015-09-14 16:55:00,67,0.0166340285523,0.0,0,0.0,0.0,0.0
2015-09-14 17:00:00,59,0.0166340285523,0.0,0,0.0,0.0,0.0
2015-09-14 17:05:00,36,0.0374767939383,0.425000011921,0,0.0,0.0,0.0
2015-09-14 17:10:00,21,0.110757788018,0.774999976158,0,0.0,0.0,0.0
2015-09-14 17:15:00,52,0.213714668352,0.649999976158,0,0.0,0.0,0.0
2015-09-14 17:20:00,60,0.213714668352,0.0,0,0.0,0.0,0.0
2015-09-14 17:25:00,51,0.23316623292,0.10000000149,0,0.0,0.0,0.0
2015-09-14 17:30:00,68,0.23316623292,0.0,0,0.0,0.0,0.0
2015-09-14 17:35:00,60,0.23316623292,0.0,0,0.0,0.0,0.0
2015-09-14 17:40:00,42,0.333000462322,0.449999988079,0,0.0,0.0,0.0
2015-09-14 17:45:00,65,0.424787458729,0.34999999404,0,0.0,0.0,0.0
2015-09-14 17:50:00,59,0.424787458729,0.0,0,0.0,0.0,0.0
2015-09-14 17:55:00,69,0.314950604802,0.0,0,0.0,0.0,0.0
2015-09-14 18:00:00,68,0.161205695722,0.0,0,0.0,0.0,0.0
2015-09-14 18:05:00,66,0.076396236187,0.0,0,0.0,0.0,0.0
2015-09-14 18:10:00,66,0.076396236187,0.0,0,0.0,0.0,0.0
2015-09-14 18:20:00,66,0.0666809397072,0.0,0,0.0,0.0,0.0
2015-09-14 18:25:00,68,0.0666809397072,0.0,0,0.0,0.0,0.0
2015-09-14 18:30:00,67,0.0666809397072,0.0,0,0.0,0.0,0.0
2015-09-14 18:35:00,67,0.0329198493349,0.0,0,0.0,0.0,0.0
2015-09-14 18:45:00,65,0.0166340285523,0.0,0,0.0,0.0,0.0
2015-09-14 18:50:00,66,0.0166340285523,0.0,0,0.0,0.0,0.0
2015-09-14 19:01:00,68,0.0166340285523,0.0,0,0.0,0.0,0.0
2015-09-14 19:05:00,68,0.0166340285523,0.0,0,0.0,0.0,0.0
2015-09-14 19:15:00,66,0.0166340285523,0.0,0,0.0,0.0,0.0
2015-09-14 19:20:00,69,0.0166340285523,0.0,0,0.0,0.0,0.0
2015-09-14 19:30:00,64,0.0166340285523,0.0,0,0.0,0.0,0.0
2015-09-14 19:35:00,68,0.0166340285523,0.0,0,0.0,0.0,0.0
2015-09-14 19:45:00,65,0.0166340285523,0.0,0,0.0,0.0,0.0
2015-09-14 20:00:00,65,0.0166340285523,0.0,0,0.0,0.0,0.0
2015-09-14 20:10:00,66,0.0166340285523,0.0,0,0.0,0.0,0.0
2015-09-14 20:15:00,58,0.0166340285523,0.0,0,0.0,0.0,0.0
2015-09-14 20:20:00,71,0.0166340285523,0.0,0,0.0,0.0,0.0
2015-09-14 20:25:00,61,0.0166340285523,0.0,0,0.0,0.0,0.0
2015-09-14 20:30:00,72,0.0166340285523,0.0,0,0.0,0.0,0.0
2015-09-14 20:35:00,64,0.0166340285523,0.0,0,0.0,0.0,0.0
2015-09-14 20:40:00,64,0.0166340285523,0.0,0,0.0,0.0,0.0
2015-09-14 20:45:00,67,0.0166340285523,0.0,0,0.0,0.0,0.0
2015-09-14 20:50:00,65,0.0166340285523,0.0,0,0.0,0.0,0.0
2015-09-14 21:30:00,65,0.0166340285523,0.0,0,0.0,0.0,0.0
2015-09-14 21:35:00,65,0.0166340285523,0.0,0,0.0,0.0,0.0
2015-09-14 21:45:00,74,0.0166340285523,0.0,0,0.0,0.0,0.0
2015-09-14 22:06:00,61,0.0175469821067,0.0250000003725,0,0.0,0.0,0.0
2015-09-14 22:21:00,60,0.0194810977495,0.0500000007451,0,0.0,0.0,0.0
2015-09-14 22:30:00,64,0.0194810977495,0.0,0,0.0,0.0,0.0
2015-09-14 22:40:00,66,0.0194810977495,0.0,0,0.0,0.0,0.0
2015-09-14 22:45:00,66,0.0194810977495,0.0,0,0.0,0.0,0.0
2015-09-14 22:50:00,70,0.0194810977495,0.0,0,0.0,0.0,0.0
2015-09-15 03:45:00,62,0.0215640949828,0.0500000007451,0,0.0,0.0,0.0
2015-09-15 04:10:00,64,0.0215640949828,0.0,0,0.0,0.0,0.0
2015-09-15 04:31:00,61,0.0238013486098,0.0500000007451,0,0.0,0.0,0.0
2015-09-15 04:55:00,90,1.0,0.899999976158,0,-0.22,-0.11,-0.11
2015-09-15 05:26:00,60,0.253604737223,1.0,0,0.0,0.0,0.0
2015-09-15 05:31:00,66,0.243261696495,0.0,0,0.0,0.0,0.0
2015-09-15 05:41:00,63,0.248402218874,0.0250000003725,0,0.0,0.0,0.0
2015-09-15 05:46:00,76,0.286127091817,0.17499999702,0,0.0,0.0,0.0
2015-09-15 05:51:00,56,0.351619534532,0.27500000596,0,0.0,0.0,0.0
2015-09-15 06:05:00,72,0.370809629592,0.0750000029802,0,0.0,0.0,0.0
2015-09-15 06:45:00,66,0.357952699382,0.0,0,0.0,0.0,0.0
2015-09-15 07:06:00,67,0.357952699382,0.0,0,0.0,0.0,0.0
2015-09-15 07:11:00,63,0.345349819242,0.0,0,0.0,0.0,0.0
2015-09-15 07:16:00,67,0.161205703199,0.0,0,0.0,0.0,0.0
2015-09-15 07:21:00,70,0.0478366812766,0.0250000003725,0,0.0,0.0,0.0
2015-09-15 07:26:00,70,0.0497305655879,0.0250000003725,0,0.0,0.0,0.0
2015-09-15 07:31:00,71,0.0478366812766,0.0,0,0.0,0.0,0.0
2015-09-15 07:46:00,62,0.0374767938201,0.0250000003725,0,0.0,0.0,0.0
2015-09-15 07:51:00,69,0.0226631107893,0.0,0,0.0,0.0,0.0
2015-09-15 07:56:00,67,0.0205036461503,0.0250000003725,0,0.0,0.0,0.0
2015-09-15 08:11:00,66,0.0205036461503,0.0,0,0.0,0.0,0.0
2015-09-15 08:21:00,65,0.0205036461503,0.0,0,0.0,0.0,0.0
2015-09-15 08:26:00,61,0.0205036461503,0.0,0,0.0,0.0,0.0
2015-09-15 08:31:00,68,0.0205036461503,0.0,0,0.0,0.0,0.0
2015-09-15 08:41:00,66,0.0194810977495,0.0,0,0.0,0.0,0.0
2015-09-15 08:46:00,67,0.0184957724035,0.0,0,0.0,0.0,0.0
2015-09-15 08:51:00,66,0.0184957724035,0.0,0,0.0,0.0,0.0
2015-09-15 08:56:00,66,0.0175469821067,0.0,0,0.0,0.0,0.0
2015-09-15 09:01:00,70,0.0175469821067,0.0,0,0.0,0.0,0.0
2015-09-15 09:06:00,71,0.0166340285523,0.0,0,0.0,0.0,0.0
2015-09-15 09:16:00,65,0.017031968913,0.0,0,0.0,0.0,0.0
2015-09-15 09:21:00,63,0.017031968913,0.0,0,0.0,0.0,0.0
2015-09-15 09:31:00,63,0.017031968913,0.0,0,0.0,0.0,0.0
2015-09-15 09:36:00,63,0.017031968913,0.0,0,0.0,0.0,0.0
2015-09-15 09:41:00,62,0.017031968913,0.0,0,0.0,0.0,0.0
2015-09-15 09:46:00,65,0.017031968913,0.0,0,0.0,0.0,0.0
2015-09-15 09:51:00,61,0.017031968913,0.0,0,0.0,0.0,0.0
2015-09-15 10:01:00,72,0.017031968913,0.0,0,0.0,0.0,0.0
2015-09-15 10:16:00,67,0.017031968913,0.0,0,0.0,0.0,0.0
2015-09-15 10:26:00,66,0.017031968913,0.0,0,0.0,0.0,0.0
2015-09-15 10:31:00,74,0.017031968913,0.0,0,0.0,0.0,0.0
2015-09-15 10:36:00,66,0.017031968913,0.0,0,0.0,0.0,0.0
2015-09-15 10:41:00,70,0.017031968913,0.0,0,0.0,0.0,0.0
2015-09-15 10:46:00,67,0.017031968913,0.0,0,0.0,0.0,0.0
2015-09-15 11:06:00,68,0.017031968913,0.0,0,0.0,0.0,0.0
2015-09-15 11:11:00,66,0.017031968913,0.0,0,0.0,0.0,0.0
2015-09-15 11:16:00,65,0.017031968913,0.0,0,0.0,0.0,0.0
2015-09-15 11:21:00,60,0.017031968913,0.0,0,0.0,0.0,0.0
2015-09-15 11:31:00,66,0.017031968913,0.0,0,0.0,0.0,0.0
2015-09-15 11:36:00,67,0.017031968913,0.0,0,0.0,0.0,0.0
2015-09-15 11:41:00,66,0.017031968913,0.0,0,0.0,0.0,0.0
2015-09-15 11:46:00,67,0.017031968913,0.0,0,0.0,0.0,0.0
2015-09-15 11:51:00,66,0.017031968913,0.0,0,0.0,0.0,0.0
2015-09-15 11:56:00,67,0.017031968913,0.0,0,0.0,0.0,0.0
2015-09-15 12:06:00,69,0.017031968913,0.0,0,0.0,0.0,0.0
2015-09-15 12:11:00,69,0.017031968913,0.0,0,0.0,0.0,0.0
2015-09-15 12:16:00,71,0.017031968913,0.0,0,0.0,0.0,0.0
2015-09-15 12:21:00,64,0.017031968913,0.0,0,0.0,0.0,0.0
2015-09-15 12:26:00,69,0.017031968913,0.0,0,0.0,0.0,0.0
2015-09-15 12:31:00,68,0.017031968913,0.0,0,0.0,0.0,0.0
2015-09-15 12:36:00,67,0.017031968913,0.0,0,0.0,0.0,0.0
2015-09-15 12:41:00,66,0.017031968913,0.0,0,0.0,0.0,0.0
2015-09-15 12:46:00,68,0.017031968913,0.0,0,0.0,0.0,0.0
2015-09-15 12:51:00,72,0.017031968913,0.0,0,0.0,0.0,0.0
2015-09-15 12:56:00,66,0.017031968913,0.0,0,0.0,0.0,0.0
2015-09-15 13:01:00,62,0.017031968913,0.0,0,0.0,0.0,0.0
2015-09-15 13:06:00,71,0.017031968913,0.0,0,0.0,0.0,0.0
2015-09-15 13:11:00,74,0.017031968913,0.0,0,0.0,0.0,0.0
2015-09-15 13:16:00,65,0.017031968913,0.0,0,0.0,0.0,0.0
2015-09-15 13:21:00,61,0.017031968913,0.0,0,0.0,0.0,0.0
2015-09-15 13:26:00,63,0.017031968913,0.0,1,0.892746785547,0.910912061448,0.910912061448
2015-09-15 13:31:00,66,0.017031968913,0.0,1,0.0,0.0,0.0
2015-09-15 13:36:00,63,0.017031968913,0.0,1,0.0,0.0,0.0
2015-09-15 13:41:00,60,0.017031968913,0.0,1,0.0,0.0,0.0
2015-09-15 13:46:00,59,0.017031968913,0.0,1,0.0,0.0,0.0
2015-09-15 13:51:00,60,0.017031968913,0.0,1,0.0,0.0,0.0
2015-09-15 13:54:00,56,0.0178898342132,0.0250000003725,1,0.0,0.0,0.0
2015-09-15 13:59:00,49,0.024790067821,0.17499999702,1,0.0,0.0,0.0
2015-09-15 14:04:00,43,0.0543619585413,0.5,1,0.0,0.0,0.0
2015-09-15 14:09:00,59,0.166671431967,1.0,1,0.0,0.0,0.0
2015-09-15 14:14:00,51,0.178267601824,0.0750000029802,1,0.0,0.0,0.0
2015-09-15 14:19:00,42,0.293191022463,0.625,1,0.0,0.0,0.0
2015-09-15 14:24:00,25,0.547121603224,1.0,1,0.0,0.0,0.0
2015-09-15 14:29:00,10,1.0,0.975000023842,1,0.0,0.0,0.0
2015-09-15 14:34:00,8,0.299999996735,1.0,1,0.0,0.0,0.0
2015-09-15 14:39:00,46,0.299999996735,1.0,1,0.0,0.0,0.0
2015-09-15 14:44:00,65,0.299999996735,0.0,1,0.0,0.0,0.0
2015-09-15 14:49:00,68,0.299999996735,0.0,1,0.0,0.0,0.0
2015-09-15 14:54:00,67,0.299999996735,0.0,1,0.0,0.0,0.0
2015-09-15 14:59:00,64,0.299999996735,0.0,1,0.0,0.0,0.0
2015-09-15 15:04:00,67,0.299999996735,0.0,1,0.0,0.0,0.0
2015-09-15 15:09:00,62,0.299999996735,0.0,1,0.0,0.0,0.0
2015-09-15 15:14:00,66,0.428496653533,0.0,1,0.0,0.0,0.0
2015-09-15 15:24:00,68,0.215850176254,0.0,1,0.0,0.0,0.0
2015-09-15 15:34:00,65,0.0801152748217,0.0,1,0.0,0.0,0.0
2015-09-15 15:39:00,65,0.017031968913,0.0,1,0.0,0.0,0.0
2015-09-15 15:44:00,68,0.017031968913,0.0,1,0.0,0.0,0.0
2015-09-15 15:49:00,66,0.017031968913,0.0,1,0.0,0.0,0.0
2015-09-15 15:54:00,64,0.017031968913,0.0,1,0.0,0.0,0.0
2015-09-15 15:59:00,64,0.017031968913,0.0,0,0.0,0.0,0.0
2015-09-15 16:04:00,63,0.017031968913,0.0,0,0.0,0.0,0.0
2015-09-15 16:09:00,63,0.017031968913,0.0,0,0.0,0.0,0.0
2015-09-15 16:14:00,67,0.017031968913,0.0,0,0.0,0.0,0.0
2015-09-15 16:19:00,63,0.017031968913,0.0,0,0.0,0.0,0.0
2015-09-15 16:24:00,66,0.017031968913,0.0,0,0.0,0.0,0.0
2015-09-15 16:29:00,67,0.017031968913,0.0,0,0.0,0.0,0.0
2015-09-15 16:34:00,65,0.017031968913,0.0,0,0.0,0.0,0.0
2015-09-15 16:39:00,65,0.017031968913,0.0,0,0.0,0.0,0.0
2015-09-15 16:44:00,64,0.017031968913,0.0,0,0.0,0.0,0.0
2015-09-15 16:49:00,69,0.017031968913,0.0,0,0.0,0.0,0.0
2015-09-15 16:54:00,65,0.017031968913,0.0,0,0.0,0.0,0.0
2015-09-15 16:59:00,65,0.017031968913,0.0,0,0.0,0.0,0.0
2015-09-15 17:04:00,62,0.017031968913,0.0,0,0.0,0.0,0.0
2015-09-15 17:09:00,57,0.017031968913,0.0,0,0.0,0.0,0.0
2015-09-15 17:14:00,52,0.0196987839042,0.0750000029802,0,0.0,0.0,0.0
2015-09-15 17:19:00,51,0.0226533938248,0.0750000029802,0,0.0,0.0,0.0
2015-09-15 17:24:00,62,0.0226533938248,0.0,0,0.0,0.0,0.0
2015-09-15 17:29:00,59,0.0226533938248,0.0,0,0.0,0.0,0.0
2015-09-15 17:39:00,68,0.0226533938248,0.0,0,0.0,0.0,0.0
2015-09-15 17:44:00,64,0.0226533938248,0.0,0,0.0,0.0,0.0
2015-09-15 17:49:00,65,0.0226533938248,0.0,0,0.0,0.0,0.0
2015-09-15 17:54:00,66,0.0226533938248,0.0,0,0.0,0.0,0.0
2015-09-15 17:59:00,67,0.0226533938248,0.0,0,0.0,0.0,0.0
2015-09-15 18:04:00,63,0.0226533938248,0.0,0,0.0,0.0,0.0
2015-09-15 18:14:00,59,0.0196987839042,0.0,0,0.0,0.0,0.0
2015-09-15 18:19:00,68,0.017031968913,0.0,0,0.0,0.0,0.0
2015-09-15 18:24:00,66,0.017031968913,0.0,0,0.0,0.0,0.0
2015-09-15 18:29:00,66,0.017031968913,0.0,0,0.0,0.0,0.0
2015-09-15 18:34:00,65,0.017031968913,0.0,0,0.0,0.0,0.0
2015-09-15 18:39:00,64,0.017031968913,0.0,0,0.0,0.0,0.0
2015-09-15 18:44:00,70,0.0181200883043,0.0,0,0.0,0.0,0.0
2015-09-15 18:49:00,67,0.0181200883043,0.0,0,0.0,0.0,0.0
2015-09-15 18:54:00,63,0.0181200883043,0.0,0,0.0,0.0,0.0
2015-09-15 19:04:00,64,0.0181200883043,0.0,0,0.0,0.0,0.0
2015-09-15 19:09:00,65,0.0181200883043,0.0,0,0.0,0.0,0.0
2015-09-15 19:14:00,64,0.0181200883043,0.0,0,0.0,0.0,0.0
2015-09-15 19:19:00,60,0.0181200883043,0.0,0,0.0,0.0,0.0
2015-09-15 19:24:00,65,0.0181200883043,0.0,0,0.0,0.0,0.0
2015-09-15 19:29:00,69,0.0181200883043,0.0,0,0.0,0.0,0.0
2015-09-15 19:34:00,63,0.0181200883043,0.0,0,0.0,0.0,0.0
2015-09-15 19:39:00,59,0.0181200883043,0.0,0,0.0,0.0,0.0
2015-09-15 19:44:00,69,0.0181200883043,0.0,0,0.0,0.0,0.0
2015-09-15 19:49:00,60,0.0181200883043,0.0,0,0.0,0.0,0.0
2015-09-15 19:54:00,60,0.0181200883043,0.0,0,0.0,0.0,0.0
2015-09-15 19:59:00,59,0.0181200883043,0.0,0,0.0,0.0,0.0
2015-09-15 20:09:00,62,0.0181200883043,0.0,0,0.0,0.0,0.0
2015-09-15 20:14:00,61,0.0181200883043,0.0,0,0.0,0.0,0.0
2015-09-15 20:24:00,58,0.0181200883043,0.0,0,0.0,0.0,0.0
2015-09-15 20:29:00,63,0.0181200883043,0.0,0,0.0,0.0,0.0
2015-09-15 20:34:00,65,0.0181200883043,0.0,0,0.0,0.0,0.0
2015-09-15 20:49:00,57,0.0181200883043,0.0,0,0.0,0.0,0.0
2015-09-15 20:54:00,62,0.0181200883043,0.0,0,0.0,0.0,0.0
2015-09-15 20:59:00,62,0.0181200883043,0.0,0,0.0,0.0,0.0
2015-09-15 21:04:00,62,0.0181200883043,0.0,0,0.0,0.0,0.0
2015-09-15 21:19:00,64,0.0181200883043,0.0,0,0.0,0.0,0.0
2015-09-15 21:29:00,63,0.0181200883043,0.0,0,0.0,0.0,0.0
2015-09-15 22:09:00,57,0.0210248933851,0.10000000149,0,0.0,0.0,0.0
2015-09-15 22:34:00,59,0.0242484011899,0.10000000149,0,0.0,0.0,0.0
2015-09-15 22:39:00,63,0.0242484011899,0.0,0,0.0,0.0,0.0
2015-09-15 22:44:00,67,0.0242484011899,0.0,0,0.0,0.0,0.0
2015-09-15 23:19:00,65,0.0242484011899,0.0,0,0.0,0.0,0.0
2015-09-15 23:24:00,61,0.0259845906768,0.0500000007451,0,0.0,0.0,0.0
2015-09-15 23:29:00,61,0.0278062627446,0.0500000007451,0,0.0,0.0,0.0
2015-09-15 23:34:00,60,0.0317133237671,0.10000000149,0,0.0,0.0,0.0
2015-09-16 00:49:00,67,0.0317133237671,0.0,0,0.0,0.0,0.0
2015-09-16 01:44:00,57,0.0406302861502,0.20000000298,0,0.0,0.0,0.0
2015-09-16 02:19:00,59,0.0443697797934,0.17499999702,0,0.0,0.0,0.0
2015-09-16 03:04:00,60,0.0418522362531,0.0500000007451,0,0.0,0.0,0.0
2015-09-16 04:44:00,58,0.0483328860817,0.125,0,0.0,0.0,0.0
2015-09-16 05:09:00,66,0.052524271313,0.0750000029802,0,0.0,0.0,0.0
2015-09-16 05:19:00,69,0.0539728997803,0.0250000003725,0,0.0,0.0,0.0
2015-09-16 05:29:00,62,0.052524271313,0.0250000003725,0,0.0,0.0,0.0
2015-09-16 05:39:00,65,0.0511015006428,0.0250000003725,0,0.0,0.0,0.0
2015-09-16 05:49:00,65,0.0469867117912,0.0250000003725,0,0.0,0.0,0.0
2015-09-16 06:09:00,61,0.048332886183,0.0250000003725,0,0.0,0.0,0.0
2015-09-16 06:14:00,64,0.0382591020497,0.0,0,0.0,0.0,0.0
2015-09-16 06:24:00,65,0.0307030401766,0.0,0,0.0,0.0,0.0
2015-09-16 06:39:00,65,0.028749728716,0.0,0,0.0,0.0,0.0
2015-09-16 06:44:00,66,0.024248401253,0.0,0,0.0,0.0,0.0
2015-09-16 06:54:00,61,0.0225958127602,0.0250000003725,0,0.0,0.0,0.0
2015-09-16 07:19:00,64,0.0218002671349,0.0,0,0.0,0.0,0.0
2015-09-16 07:24:00,69,0.0210248933851,0.0,0,0.0,0.0,0.0
2015-09-16 07:29:00,59,0.0218002671349,0.0500000007451,0,0.0,0.0,0.0
2015-09-16 07:34:00,71,0.0210248933851,0.0,0,0.0,0.0,0.0
2015-09-16 07:44:00,66,0.0202694423034,0.0,0,0.0,0.0,0.0
2015-09-16 07:49:00,66,0.0202694423034,0.0,0,0.0,0.0,0.0
2015-09-16 07:54:00,67,0.0202694423034,0.0,0,0.0,0.0,0.0
2015-09-16 07:59:00,68,0.0202694423034,0.0,0,0.0,0.0,0.0
2015-09-16 08:04:00,64,0.0202694423034,0.0,0,0.0,0.0,0.0
2015-09-16 08:09:00,68,0.0195336616822,0.0,0,0.0,0.0,0.0
2015-09-16 08:14:00,69,0.0195336616822,0.0,0,0.0,0.0,0.0
2015-09-16 08:19:00,71,0.0195336616822,0.0,0,0.0,0.0,0.0
2015-09-16 08:24:00,66,0.0181200883043,0.0,0,0.0,0.0,0.0
2015-09-16 08:29:00,70,0.0181200883043,0.0,0,0.0,0.0,0.0
2015-09-16 08:39:00,71,0.0181200883043,0.0,0,0.0,0.0,0.0
2015-09-16 08:49:00,68,0.0181200883043,0.0,0,0.0,0.0,0.0
2015-09-16 08:54:00,62,0.0181200883043,0.0,0,0.0,0.0,0.0
2015-09-16 08:59:00,67,0.0181200883043,0.0,0,0.0,0.0,0.0
2015-09-16 09:04:00,63,0.0181200883043,0.0,0,0.0,0.0,0.0
2015-09-16 09:09:00,71,0.0181200883043,0.0,0,0.0,0.0,0.0
2015-09-16 09:14:00,64,0.0181200883043,0.0,0,0.0,0.0,0.0
2015-09-16 09:24:00,70,0.0181200883043,0.0,0,0.0,0.0,0.0
2015-09-16 09:34:00,67,0.0181200883043,0.0,0,0.0,0.0,0.0
2015-09-16 09:44:00,67,0.0181200883043,0.0,0,0.0,0.0,0.0
2015-09-16 09:54:00,66,0.0181200883043,0.0,0,0.0,0.0,0.0
2015-09-16 09:59:00,61,0.0181200883043,0.0,0,0.0,0.0,0.0
2015-09-16 10:04:00,69,0.0181200883043,0.0,0,0.0,0.0,0.0
2015-09-16 10:09:00,67,0.0181200883043,0.0,0,0.0,0.0,0.0
2015-09-16 10:14:00,70,0.0181200883043,0.0,0,0.0,0.0,0.0
2015-09-16 10:19:00,71,0.0181200883043,0.0,0,0.0,0.0,0.0
2015-09-16 10:24:00,67,0.0181200883043,0.0,0,0.0,0.0,0.0
2015-09-16 10:29:00,59,0.0181200883043,0.0,0,0.0,0.0,0.0
2015-09-16 10:34:00,69,0.0181200883043,0.0,0,0.0,0.0,0.0
2015-09-16 10:44:00,69,0.0181200883043,0.0,0,0.0,0.0,0.0
2015-09-16 10:49:00,68,0.0181200883043,0.0,0,0.0,0.0,0.0
2015-09-16 10:54:00,72,0.0181200883043,0.0,0,0.0,0.0,0.0
2015-09-16 10:59:00,68,0.0181200883043,0.0,0,0.0,0.0,0.0
2015-09-16 11:04:00,62,0.0181200883043,0.0,0,0.0,0.0,0.0
2015-09-16 11:09:00,64,0.0181200883043,0.0,0,0.0,0.0,0.0
2015-09-16 11:14:00,66,0.0181200883043,0.0,0,0.0,0.0,0.0
2015-09-16 11:19:00,60,0.0181200883043,0.0,0,0.0,0.0,0.0
2015-09-16 11:24:00,66,0.0181200883043,0.0,0,0.0,0.0,0.0
2015-09-16 11:29:00,71,0.0181200883043,0.0,0,0.0,0.0,0.0
2015-09-16 11:34:00,56,0.018817296365,0.0250000003725,0,0.0,0.0,0.0
2015-09-16 11:39:00,63,0.018817296365,0.0,0,0.0,0.0,0.0
2015-09-16 11:44:00,67,0.018817296365,0.0,0,0.0,0.0,0.0
2015-09-16 11:49:00,64,0.018817296365,0.0,0,0.0,0.0,0.0
2015-09-16 11:59:00,67,0.018817296365,0.0,0,0.0,0.0,0.0
2015-09-16 12:04:00,62,0.018817296365,0.0,0,0.0,0.0,0.0
2015-09-16 12:14:00,65,0.018817296365,0.0,0,0.0,0.0,0.0
2015-09-16 12:19:00,66,0.0191355805666,0.0,0,0.0,0.0,0.0
2015-09-16 12:24:00,65,0.0191355805666,0.0,0,0.0,0.0,0.0
2015-09-16 12:29:00,73,0.0191355805666,0.0,0,0.0,0.0,0.0
2015-09-16 12:34:00,67,0.0183896239265,0.0,0,0.0,0.0,0.0
2015-09-16 12:39:00,62,0.0183896239265,0.0,0,0.0,0.0,0.0
2015-09-16 12:44:00,68,0.0183896239265,0.0,0,0.0,0.0,0.0
2015-09-16 12:49:00,62,0.0183896239265,0.0,0,0.0,0.0,0.0
2015-09-16 12:54:00,67,0.0183896239265,0.0,0,0.0,0.0,0.0
2015-09-16 12:59:00,63,0.0183896239265,0.0,0,0.0,0.0,0.0
2015-09-16 13:04:00,68,0.0183896239265,0.0,1,0.892746785547,0.892746785547,0.892746785547
2015-09-16 13:09:00,69,0.0183896239265,0.0,1,0.0,0.0,0.0
2015-09-16 13:14:00,69,0.0183896239265,0.0,1,0.0,0.0,0.0
2015-09-16 13:19:00,65,0.0183896239265,0.0,1,0.0,0.0,0.0
2015-09-16 13:24:00,61,0.0183896239265,0.0,1,0.0,0.0,0.0
2015-09-16 13:29:00,73,0.0183896239265,0.0,1,0.0,0.0,0.0
2015-09-16 13:34:00,66,0.0183896239265,0.0,1,0.0,0.0,0.0
2015-09-16 13:39:00,51,0.0215040535371,0.10000000149,1,0.0,0.0,0.0
2015-09-16 13:44:00,50,0.0268552983961,0.15000000596,1,0.0,0.0,0.0
2015-09-16 13:49:00,34,0.0558906586199,0.574999988079,1,0.0,0.0,0.0
2015-09-16 13:54:00,24,0.144234246368,1.0,1,0.0,0.0,0.0
2015-09-16 13:59:00,7,0.287109530503,1.0,1,0.0,0.0,0.0
2015-09-16 14:04:00,14,0.488283068077,1.0,1,0.0,0.0,0.0
2015-09-16 14:09:00,7,0.749420433026,1.0,1,0.0,0.0,0.0
2015-09-16 14:14:00,32,0.299999996735,1.0,1,0.0,0.0,0.0
2015-09-16 14:19:00,17,0.299999996735,1.0,1,0.0,0.0,0.0
2015-09-16 14:24:00,8,0.299999996735,1.0,1,0.0,0.0,0.0
2015-09-16 14:29:00,6,0.299999996735,1.0,1,0.0,0.0,0.0
2015-09-16 14:30:00,8,0.299999996735,1.0,1,0.0,0.0,0.0
2015-09-16 14:35:00,20,0.299999996735,1.0,1,0.0,0.0,0.0
2015-09-16 14:40:00,8,0.299999996735,1.0,1,0.0,0.0,0.0
2015-09-16 14:45:00,23,0.299999996735,1.0,1,0.0,0.0,0.0
2015-09-16 14:50:00,74,0.299999996735,1.0,1,0.0,0.0,0.0
2015-09-16 14:55:00,65,0.299999996735,0.0,1,0.0,0.0,0.0
2015-09-16 15:00:00,67,0.299999996735,0.0,1,0.0,0.0,0.0
2015-09-16 15:05:00,74,0.299999996735,0.0,1,0.0,0.0,0.0
2015-09-16 15:10:00,59,0.299999996735,0.0250000003725,1,0.0,0.0,0.0
2015-09-16 15:15:00,65,0.299999996735,0.0,1,0.0,0.0,0.0
2015-09-16 15:20:00,64,0.299999996735,0.0,1,0.0,0.0,0.0
2015-09-16 15:25:00,64,0.322604570072,0.0,0,0.0,0.0,0.0
2015-09-16 15:30:00,68,0.168282935493,0.0,0,0.0,0.0,0.0
2015-09-16 15:35:00,73,0.06949956497,0.0,0,0.0,0.0,0.0
2015-09-16 15:40:00,71,0.0191355805666,0.0,0,0.0,0.0,0.0
2015-09-16 15:45:00,67,0.0191355805666,0.0,0,0.0,0.0,0.0
2015-09-16 15:50:00,66,0.0191355805666,0.0,0,0.0,0.0,0.0
2015-09-16 15:55:00,68,0.0191355805666,0.0,0,0.0,0.0,0.0
2015-09-16 16:00:00,65,0.0183896239265,0.0,1,0.892746785547,0.892746785547,0.892746785547
2015-09-16 16:05:00,57,0.0183896239265,0.0,1,0.0,0.0,0.0
2015-09-16 16:10:00,70,0.0183896239265,0.0,1,0.0,0.0,0.0
2015-09-16 16:15:00,66,0.0183896239265,0.0,1,0.0,0.0,0.0
2015-09-16 16:20:00,66,0.0183896239265,0.0,1,0.0,0.0,0.0
2015-09-16 16:25:00,65,0.0183896239265,0.0,1,0.0,0.0,0.0
2015-09-16 16:30:00,66,0.0183896239265,0.0,1,0.0,0.0,0.0
2015-09-16 16:35:00,64,0.0183896239265,0.0,1,0.0,0.0,0.0
2015-09-16 16:40:00,55,0.0191355805666,0.0250000003725,1,0.0,0.0,0.0
2015-09-16 16:45:00,30,0.0402219635656,0.524999976158,1,0.0,0.0,0.0
2015-09-16 16:50:00,11,0.11474226991,1.0,1,0.0,0.0,0.0
2015-09-16 16:55:00,12,0.242116634769,1.0,1,0.0,0.0,0.0
2015-09-16 17:00:00,33,0.427024437486,1.0,1,0.0,0.0,0.0
2015-09-16 17:05:00,43,0.671628396914,1.0,1,0.0,0.0,0.0
2015-09-16 17:10:00,1,1.0,1.0,1,0.0,0.0,0.0
2015-09-16 17:15:00,19,0.299999996735,1.0,1,0.0,0.0,0.0
2015-09-16 17:20:00,23,0.299999996735,1.0,1,0.0,0.0,0.0
2015-09-16 17:25:00,53,0.299999996735,1.0,1,0.0,0.0,0.0
2015-09-16 17:30:00,60,0.299999996735,0.0,1,0.0,0.0,0.0
2015-09-16 17:35:00,56,0.299999996735,0.0,1,0.0,0.0,0.0
2015-09-16 17:40:00,44,0.299999996735,0.375,1,0.0,0.0,0.0
2015-09-16 17:45:00,57,0.299999996735,0.324999988079,1,0.0,0.0,0.0
2015-09-16 17:50:00,55,0.299999996735,0.0250000003725,1,0.0,0.0,0.0
2015-09-16 17:55:00,63,0.299999996735,0.0,1,0.0,0.0,0.0
2015-09-16 18:00:00,68,0.465482208353,0.0,1,0.0,0.0,0.0
2015-09-16 18:05:00,70,0.270239826929,0.0,1,0.0,0.0,0.0
2015-09-16 18:10:00,62,0.133035618893,0.0,1,0.0,0.0,0.0
2015-09-16 18:15:00,66,0.0497956979657,0.0,1,0.0,0.0,0.0
2015-09-16 18:20:00,67,0.0497956979657,0.0,1,0.0,0.0,0.0
2015-09-16 18:25:00,68,0.0497956979657,0.0,0,0.0,0.0,0.0
2015-09-16 18:30:00,67,0.0309022546423,0.0,0,0.0,0.0,0.0
2015-09-16 18:35:00,66,0.0191355805666,0.0,0,0.0,0.0,0.0
2015-09-16 18:40:00,68,0.0183896239265,0.0,0,0.0,0.0,0.0
2015-09-16 18:45:00,69,0.0183896239265,0.0,0,0.0,0.0,0.0
2015-09-16 18:50:00,68,0.0183896239265,0.0,0,0.0,0.0,0.0
2015-09-16 18:55:00,71,0.0183896239265,0.0,0,0.0,0.0,0.0
2015-09-16 19:05:00,67,0.0183896239265,0.0,0,0.0,0.0,0.0
2015-09-16 19:10:00,64,0.0183896239265,0.0,0,0.0,0.0,0.0
2015-09-16 19:15:00,64,0.0183896239265,0.0,0,0.0,0.0,0.0
2015-09-16 19:25:00,64,0.0183896239265,0.0,0,0.0,0.0,0.0
2015-09-16 19:30:00,63,0.0183896239265,0.0,0,0.0,0.0,0.0
2015-09-16 19:35:00,65,0.0183896239265,0.0,0,0.0,0.0,0.0
2015-09-16 19:40:00,64,0.0183896239265,0.0,0,0.0,0.0,0.0
2015-09-16 19:45:00,65,0.0183896239265,0.0,0,0.0,0.0,0.0
2015-09-16 19:50:00,66,0.0183896239265,0.0,0,0.0,0.0,0.0
2015-09-16 20:00:00,63,0.0183896239265,0.0,0,0.0,0.0,0.0
2015-09-16 20:05:00,67,0.0183896239265,0.0,0,0.0,0.0,0.0
2015-09-16 20:10:00,62,0.0183896239265,0.0,0,0.0,0.0,0.0
2015-09-16 20:15:00,61,0.0183896239265,0.0,0,0.0,0.0,0.0
2015-09-16 20:20:00,62,0.0183896239265,0.0,0,0.0,0.0,0.0
2015-09-16 20:25:00,65,0.0183896239265,0.0,0,0.0,0.0,0.0
2015-09-16 20:30:00,63,0.0183896239265,0.0,0,0.0,0.0,0.0
2015-09-16 20:35:00,61,0.0183896239265,0.0,0,0.0,0.0,0.0
2015-09-16 20:40:00,59,0.0183896239265,0.0,0,0.0,0.0,0.0
2015-09-16 20:45:00,56,0.0183896239265,0.0,0,0.0,0.0,0.0
2015-09-16 20:50:00,65,0.0190496223813,0.0,0,0.0,0.0,0.0
2015-09-16 20:55:00,63,0.0190496223813,0.0,0,0.0,0.0,0.0
2015-09-16 21:00:00,67,0.0190496223813,0.0,0,0.0,0.0,0.0
2015-09-16 21:05:00,63,0.0190496223813,0.0,0,0.0,0.0,0.0
2015-09-16 21:10:00,57,0.0199144899133,0.0500000007451,0,0.0,0.0,0.0
2015-09-16 21:15:00,58,0.0199144899133,0.0,0,0.0,0.0,0.0
2015-09-16 21:25:00,68,0.0199144899133,0.0,0,0.0,0.0,0.0
2015-09-16 21:40:00,62,0.0199144899133,0.0,0,0.0,0.0,0.0
2015-09-16 21:45:00,64,0.0199144899133,0.0,0,0.0,0.0,0.0
2015-09-16 21:55:00,66,0.0199144899133,0.0,0,0.0,0.0,0.0
2015-09-16 22:05:00,65,0.0199144899133,0.0,0,0.0,0.0,0.0
2015-09-16 22:14:00,57,0.0208072089497,0.0500000007451,0,0.0,0.0,0.0
2015-09-16 22:20:00,61,0.0208072089497,0.0,0,0.0,0.0,0.0
2015-09-16 22:25:00,58,0.0217282103195,0.0500000007451,0,0.0,0.0,0.0
2015-09-16 22:30:00,62,0.0208072089497,0.0,0,0.0,0.0,0.0
2015-09-16 22:40:00,61,0.0212641476514,0.0250000003725,0,0.0,0.0,0.0
2015-09-16 22:45:00,63,0.0217282103195,0.0250000003725,0,0.0,0.0,0.0
2015-09-16 22:55:00,59,0.0221994498595,0.0250000003725,0,0.0,0.0,0.0
2015-09-16 23:10:00,64,0.0221994498595,0.0,0,0.0,0.0,0.0
2015-09-16 23:35:00,64,0.0226779187909,0.0250000003725,0,0.0,0.0,0.0
2015-09-16 23:55:00,59,0.0231636692437,0.0250000003725,0,0.0,0.0,0.0
2015-09-17 00:10:00,66,0.0221994498595,0.0,0,0.0,0.0,0.0
2015-09-17 00:45:00,63,0.0221994498595,0.0,0,0.0,0.0,0.0
2015-09-17 01:05:00,57,0.0231636692437,0.10000000149,0,0.0,0.0,0.0
2015-09-17 01:40:00,56,0.0267721007481,0.17499999702,0,0.0,0.0,0.0
2015-09-17 01:55:00,53,0.0351345206795,0.375,0,0.0,0.0,0.0
2015-09-17 02:10:00,66,0.0596114369691,0.800000011921,0,0.0,0.0,0.0
2015-09-17 02:50:00,61,0.0596114369691,0.0250000003725,0,0.0,0.0,0.0
2015-09-17 03:20:00,56,0.0643849330619,0.125,0,0.0,0.0,0.0
2015-09-17 04:35:00,58,0.0653683695212,0.0500000007451,0,0.0,0.0,0.0
2015-09-17 04:55:00,62,0.0643849330619,0.0,0,0.0,0.0,0.0
2015-09-17 05:10:00,64,0.0643849330619,0.0,0,0.0,0.0,0.0
2015-09-17 05:15:00,65,0.0643849330619,0.0,0,0.0,0.0,0.0
2015-09-17 05:30:00,73,0.0624468870258,0.0500000007451,0,0.0,0.0,0.0
2015-09-17 05:35:00,63,0.0559632348511,0.0,0,0.0,0.0,0.0
2015-09-17 05:40:00,63,0.0435957699135,0.0,0,0.0,0.0,0.0
2015-09-17 05:45:00,66,0.0236567529186,0.0,0,0.0,0.0,0.0
2015-09-17 05:50:00,62,0.0231636692072,0.0,0,0.0,0.0,0.0
2015-09-17 05:55:00,72,0.0212641476514,0.0250000003725,0,0.0,0.0,0.0
2015-09-17 06:15:00,56,0.0217282103544,0.0750000029802,0,0.0,0.0,0.0
2015-09-17 06:20:00,52,0.0267721008289,0.25,0,0.0,0.0,0.0
2015-09-17 06:25:00,61,0.0273179325087,0.0250000003725,0,0.0,0.0,0.0
2015-09-17 06:30:00,51,0.0313579358882,0.17499999702,0,0.0,0.0,0.0
2015-09-17 06:40:00,64,0.0301640377998,0.0,0,0.0,0.0,0.0
2015-09-17 06:55:00,60,0.0301640377998,0.0,0,0.0,0.0,0.0
2015-09-17 07:00:00,59,0.0313579358882,0.0500000007451,0,0.0,0.0,0.0
2015-09-17 07:05:00,38,0.0541953041601,0.774999976158,0,0.0,0.0,0.0
2015-09-17 07:10:00,53,0.0969199340961,1.0,0,0.0,0.0,0.0
2015-09-17 07:15:00,56,0.100772596332,0.10000000149,0,0.0,0.0,0.0
2015-09-17 07:25:00,53,0.102077602833,0.10000000149,0,0.0,0.0,0.0
2015-09-17 07:35:00,68,0.089493327051,0.0,0,0.0,0.0,0.0
2015-09-17 07:40:00,56,0.0919277721643,0.0750000029802,0,0.0,0.0,0.0
2015-09-17 07:45:00,62,0.083585549204,0.0,0,0.0,0.0,0.0
2015-09-17 07:50:00,65,0.083585549204,0.0,0,0.0,0.0,0.0
2015-09-17 07:55:00,61,0.083585549204,0.0,0,0.0,0.0,0.0
2015-09-17 08:00:00,64,0.0812932832481,0.0,0,0.0,0.0,0.0
2015-09-17 08:05:00,60,0.0507704762907,0.0,0,0.0,0.0,0.0
2015-09-17 08:10:00,58,0.0241572213067,0.0,0,0.0,0.0,0.0
2015-09-17 08:15:00,62,0.0221994498949,0.0,0,0.0,0.0,0.0
2015-09-17 08:20:00,67,0.0203573409593,0.0,0,0.0,0.0,0.0
2015-09-17 08:25:00,61,0.0203573409593,0.0,0,0.0,0.0,0.0
2015-09-17 08:30:00,59,0.0190496223813,0.0,0,0.0,0.0,0.0
2015-09-17 08:35:00,60,0.0190496223813,0.0,0,0.0,0.0,0.0
2015-09-17 08:40:00,59,0.0190496223813,0.0,0,0.0,0.0,0.0
2015-09-17 08:45:00,59,0.0190496223813,0.0,0,0.0,0.0,0.0
2015-09-17 08:50:00,63,0.0190496223813,0.0,0,0.0,0.0,0.0
2015-09-17 08:55:00,55,0.0194786018693,0.0250000003725,0,0.0,0.0,0.0
2015-09-17 09:00:00,54,0.020357340926,0.0500000007451,0,0.0,0.0,0.0
2015-09-17 09:05:00,64,0.020357340926,0.0,0,0.0,0.0,0.0
2015-09-17 09:10:00,63,0.020357340926,0.0,0,0.0,0.0,0.0
2015-09-17 09:15:00,67,0.020357340926,0.0,0,0.0,0.0,0.0
2015-09-17 09:20:00,62,0.020357340926,0.0,0,0.0,0.0,0.0
2015-09-17 09:25:00,67,0.020357340926,0.0,0,0.0,0.0,0.0
2015-09-17 09:30:00,65,0.020357340926,0.0,0,0.0,0.0,0.0
2015-09-17 09:35:00,63,0.020357340926,0.0,0,0.0,0.0,0.0
2015-09-17 09:40:00,61,0.020357340926,0.0,0,0.0,0.0,0.0
2015-09-17 09:45:00,69,0.0199144899133,0.0,0,0.0,0.0,0.0
2015-09-17 09:50:00,65,0.0190496223813,0.0,0,0.0,0.0,0.0
2015-09-17 09:55:00,63,0.0190496223813,0.0,0,0.0,0.0,0.0
2015-09-17 10:00:00,65,0.0190496223813,0.0,0,0.0,0.0,0.0
2015-09-17 10:05:00,71,0.0190496223813,0.0,0,0.0,0.0,0.0
2015-09-17 10:10:00,66,0.0190496223813,0.0,0,0.0,0.0,0.0
2015-09-17 10:15:00,64,0.0190496223813,0.0,0,0.0,0.0,0.0
2015-09-17 10:20:00,61,0.0190496223813,0.0,0,0.0,0.0,0.0
2015-09-17 10:25:00,65,0.0190496223813,0.0,0,0.0,0.0,0.0
2015-09-17 10:30:00,65,0.0190496223813,0.0,0,0.0,0.0,0.0
2015-09-17 10:35:00,62,0.0190496223813,0.0,0,0.0,0.0,0.0
2015-09-17 10:45:00,64,0.0190496223813,0.0,0,0.0,0.0,0.0
2015-09-17 10:50:00,61,0.0190496223813,0.0,0,0.0,0.0,0.0
2015-09-17 10:55:00,59,0.0190496223813,0.0,0,0.0,0.0,0.0
2015-09-17 11:00:00,64,0.0190496223813,0.0,0,0.0,0.0,0.0
2015-09-17 11:05:00,55,0.0190496223813,0.0,0,0.0,0.0,0.0
2015-09-17 11:10:00,62,0.0190496223813,0.0,0,0.0,0.0,0.0
2015-09-17 11:15:00,61,0.0190496223813,0.0,0,0.0,0.0,0.0
2015-09-17 11:20:00,66,0.0190496223813,0.0,0,0.0,0.0,0.0
2015-09-17 11:25:00,61,0.0190496223813,0.0,0,0.0,0.0,0.0
2015-09-17 11:30:00,69,0.0190496223813,0.0,0,0.0,0.0,0.0
2015-09-17 11:35:00,66,0.0190496223813,0.0,0,0.0,0.0,0.0
2015-09-17 11:40:00,68,0.0190496223813,0.0,0,0.0,0.0,0.0
2015-09-17 11:45:00,69,0.0190496223813,0.0,0,0.0,0.0,0.0
2015-09-17 11:50:00,66,0.0188215661093,0.0,0,0.0,0.0,0.0
2015-09-17 11:55:00,66,0.0188215661093,0.0,0,0.0,0.0,0.0
2015-09-17 12:00:00,64,0.0188215661093,0.0,0,0.0,0.0,0.0
2015-09-17 12:05:00,63,0.0188215661093,0.0,0,0.0,0.0,0.0
2015-09-17 12:10:00,68,0.0188215661093,0.0,0,0.0,0.0,0.0
2015-09-17 12:20:00,62,0.0188215661093,0.0,0,0.0,0.0,0.0
2015-09-17 12:25:00,66,0.0188215661093,0.0,0,0.0,0.0,0.0
2015-09-17 12:30:00,71,0.0188215661093,0.0,0,0.0,0.0,0.0
2015-09-17 12:35:00,67,0.0188215661093,0.0,0,0.0,0.0,0.0
2015-09-17 12:40:00,66,0.0188215661093,0.0,0,0.0,0.0,0.0
2015-09-17 12:45:00,62,0.0188215661093,0.0,0,0.0,0.0,0.0
2015-09-17 12:50:00,62,0.0188215661093,0.0,0,0.0,0.0,0.0
2015-09-17 12:55:00,62,0.0188215661093,0.0,0,0.0,0.0,0.0
2015-09-17 13:00:00,59,0.0188215661093,0.0,0,0.0,0.0,0.0
2015-09-17 13:05:00,56,0.0188215661093,0.0,0,0.0,0.0,0.0
2015-09-17 13:10:00,41,0.0335351422193,0.675000011921,0,0.0,0.0,0.0
2015-09-17 13:15:00,63,0.0674424748575,1.0,0,0.0,0.0,0.0
2015-09-17 13:20:00,46,0.079608448618,0.27500000596,0,0.0,0.0,0.0
2015-09-17 13:25:00,47,0.0905333006336,0.22499999404,0,0.0,0.0,0.0
2015-09-17 13:30:00,63,0.0905333006336,0.0,0,0.0,0.0,0.0
2015-09-17 13:35:00,50,0.0969880995121,0.125,0,0.0,0.0,0.0
2015-09-17 13:40:00,46,0.112175523912,0.27500000596,0,0.0,0.0,0.0
2015-09-17 13:45:00,33,0.155359513662,0.675000011921,0,0.0,0.0,0.0
2015-09-17 13:50:00,23,0.235332249479,1.0,0,0.0,0.0,0.0
2015-09-17 13:55:00,26,0.335074496503,1.0,0,0.0,0.0,0.0
2015-09-17 14:00:00,19,0.371836625718,1.0,0,0.0,0.0,0.0
2015-09-17 14:05:00,27,0.371836625718,1.0,0,0.0,0.0,0.0
