timestamp,value,anomaly_score,label
2014-07-06 20:10:00,0.064534524,0.0,0
2014-07-06 20:15:00,0.064295318,0.0,0
2014-07-06 20:20:00,0.063879838,0.0,0
2014-07-06 20:25:00,0.065691833,0.0,0
2014-07-06 20:35:00,0.056301242,0.0,0
2014-07-06 20:40:00,0.067750636,0.0,0
2014-07-06 20:45:00,0.0,0.0,0
2014-07-06 20:55:00,0.065287908,0.0,0
2014-07-06 21:00:00,0.063178539,0.0,0
2014-07-06 21:05:00,0.0,0.0,0
2014-07-06 21:10:00,0.0,0.0,0
2014-07-06 21:15:00,0.0,0.0,0
2014-07-07 16:15:00,0.065932076,0.0,0
2014-07-07 16:20:00,0.068277308,0.0,0
2014-07-07 16:25:00,0.0,0.0,0
2014-07-07 16:35:00,0.062787234,0.0,0
2014-07-07 16:40:00,0.066577566,0.0,0
2014-07-07 16:45:00,0.077044715,0.0,0
2014-07-07 16:50:00,0.075116301,0.0,0
2014-07-07 16:55:00,0.07199654,0.0,0
2014-07-07 17:00:00,0.0,0.0,0
2014-07-07 17:05:00,0.0,0.0,0
2014-07-07 17:25:00,0.061142873,0.0,0
2014-07-07 17:30:00,0.0,0.0,0
2014-07-07 17:35:00,0.04943192,0.0,0
2014-07-07 17:45:00,0.071269501,0.0,0
2014-07-07 17:50:00,0.064887449,0.0,0
2014-07-07 17:55:00,0.079126387,0.0,0
2014-07-07 18:00:00,0.079692364,0.0,0
2014-07-07 18:05:00,0.064561804,0.0,0
2014-07-07 18:10:00,0.076985488,0.0,0
2014-07-07 18:15:00,0.071985259,0.0,0
2014-07-07 18:20:00,0.066090552,0.0,0
2014-07-07 18:25:00,0.064693249,0.0,0
2014-07-07 18:30:00,0.064608783,0.0,0
2014-07-07 18:35:00,0.067478103,0.0,0
2014-07-07 18:40:00,0.069862932,0.0,0
2014-07-07 18:45:00,0.06589513,0.0,0
2014-07-07 18:50:00,0.065224467,0.0,0
2014-07-07 18:55:00,0.058982897,0.0,0
2014-07-07 19:00:00,0.0,0.0,0
2014-07-07 19:30:00,0.0,0.0,0
2014-07-07 20:10:00,0.0,0.0,0
2014-07-07 20:15:00,0.075375982,0.0,0
2014-07-07 20:20:00,0.068337687,0.0,0
2014-07-07 20:25:00,0.077055882,0.0,0
2014-07-07 20:30:00,0.085102868,0.0,0
2014-07-07 20:35:00,0.074617078,0.0,0
2014-07-07 20:40:00,0.073783769,0.0,0
2014-07-07 20:45:00,0.067219689,0.0,0
2014-07-07 20:50:00,0.082650582,0.0,0
2014-07-07 20:55:00,0.071369655,0.0,0
2014-07-07 21:00:00,0.074396641,0.0,0
2014-07-07 21:05:00,0.11970953,0.0,0
2014-07-07 21:10:00,0.067314457,0.0,0
2014-07-07 21:15:00,0.072558182,0.0,0
2014-07-07 21:20:00,0.067285087,0.0,0
2014-07-07 21:25:00,0.070712037,0.0,0
2014-07-07 21:30:00,0.064641756,0.0,0
2014-07-07 21:35:00,0.073068096,0.0,0
2014-07-07 21:40:00,0.070574748,0.0,0
2014-07-07 21:45:00,0.066541138,0.0,0
2014-07-07 21:50:00,0.070966409,0.0,0
2014-07-07 21:55:00,0.072068935,0.0,0
2014-07-07 22:00:00,0.068014095,0.0,0
2014-07-07 22:05:00,0.069069546,0.0,0
2014-07-07 22:10:00,0.066306158,0.0,0
2014-07-07 22:15:00,0.071656362,0.0,0
2014-07-07 22:20:00,0.070537682,0.0,0
2014-07-07 22:25:00,0.069981819,0.0,0
2014-07-07 22:30:00,0.063712692,0.0,0
2014-07-07 22:35:00,0.075929066,0.0,0
2014-07-07 22:40:00,0.068992963,0.0,0
2014-07-07 22:45:00,0.073445647,0.0,0
2014-07-07 22:50:00,0.07052242,0.0,0
2014-07-07 22:55:00,0.226947951,0.0,0
2014-07-07 23:00:00,0.0770232,0.0,0
2014-07-07 23:05:00,0.072146928,0.0,0
2014-07-07 23:10:00,0.070184442,0.0,0
2014-07-07 23:15:00,0.071785589,0.0,0
2014-07-07 23:20:00,0.071434908,0.0,0
2014-07-07 23:25:00,0.065622919,0.0,0
2014-07-07 23:30:00,0.081242128,0.0,0
2014-07-07 23:35:00,0.093692864,0.0,0
2014-07-07 23:40:00,0.090847328,0.0,0
2014-07-07 23:45:00,0.086801539,0.0,0
2014-07-07 23:50:00,0.072789827,0.0,0
2014-07-07 23:55:00,0.075273923,0.0,0
2014-07-08 00:00:00,0.0,0.0,0
2014-07-08 00:05:00,0.074694667,0.0,0
2014-07-08 00:10:00,0.070129173,0.0,0
2014-07-08 00:20:00,0.080410458,0.0,0
2014-07-08 00:25:00,0.067807492,0.0,0
2014-07-08 00:30:00,0.081913164,0.0,0
2014-07-08 00:35:00,0.0,0.0,0
2014-07-08 00:40:00,0.112033203,0.0,0
2014-07-08 00:45:00,0.089263947,0.0,0
2014-07-08 00:50:00,0.071310352,0.0,0
2014-07-08 00:55:00,0.073491377,0.0,0
2014-07-08 01:00:00,0.062912334,0.0,0
2014-07-08 01:05:00,0.060903851,1.0,0
2014-07-08 01:10:00,0.055824222,1.0,0
2014-07-08 01:15:00,0.062922219,1.0,0
2014-07-08 01:20:00,0.077225626,1.0,0
2014-07-08 01:25:00,0.083142297,1.0,0
2014-07-08 01:30:00,0.078444249,1.0,0
2014-07-08 01:35:00,0.070287943,1.0,0
2014-07-08 01:40:00,0.067850363,1.0,0
2014-07-08 16:20:00,0.066507083,1.0,0
2014-07-08 16:25:00,0.072771192,1.0,0
2014-07-08 16:30:00,0.058495297,1.0,0
2014-07-08 16:35:00,0.057057806,1.0,0
2014-07-08 16:40:00,0.058605791,1.0,0
2014-07-08 16:45:00,0.058052596,1.0,0
2014-07-08 16:50:00,0.051507674,1.0,0
2014-07-08 17:00:00,0.0,1.0,0
2014-07-08 17:05:00,0.0,1.0,0
2014-07-08 17:20:00,0.069990465,1.0,0
2014-07-08 17:25:00,0.081846427,1.0,0
2014-07-08 17:30:00,0.068840886,1.0,0
2014-07-08 17:35:00,0.065170985,1.0,0
2014-07-08 17:40:00,0.0,1.0,0
2014-07-08 17:50:00,0.074625214,1.0,0
2014-07-08 17:55:00,0.068300284,1.0,0
2014-07-08 18:00:00,0.065351057,1.0,0
2014-07-08 18:05:00,0.068766445,1.0,0
2014-07-08 18:10:00,0.065444042,1.0,0
2014-07-08 18:15:00,0.073886382,1.0,0
2014-07-08 18:20:00,0.072648136,1.0,0
2014-07-08 18:25:00,0.070162658,1.0,0
2014-07-08 18:30:00,0.078440291,1.0,0
2014-07-08 18:35:00,0.080437172,1.0,0
2014-07-08 18:40:00,0.074335158,1.0,0
2014-07-08 18:45:00,0.070396356,1.0,0
2014-07-08 18:50:00,0.068971142,1.0,0
2014-07-08 18:55:00,0.06825881,1.0,0
2014-07-08 19:00:00,0.072411754,1.0,0
2014-07-08 19:05:00,0.0,1.0,0
2014-07-08 19:10:00,0.083314965,1.0,0
2014-07-08 19:15:00,0.0,1.0,0
2014-07-08 19:25:00,0.0,1.0,0
2014-07-08 19:35:00,0.072654561,1.0,0
2014-07-08 19:40:00,0.070770578,1.0,0
2014-07-08 19:45:00,0.06535992,1.0,0
2014-07-08 19:50:00,0.065162167,1.0,0
2014-07-08 19:55:00,0.072056066,1.0,0
2014-07-08 20:00:00,0.085815709,1.0,0
2014-07-08 20:05:00,0.101067175,1.0,0
2014-07-08 20:10:00,0.102269133,1.0,0
2014-07-08 20:20:00,0.07337235,1.0,0
2014-07-08 20:25:00,0.086461415,1.0,0
2014-07-08 20:40:00,0.122939428,1.0,0
2014-07-08 21:05:00,0.648676709,1.0,0
2014-07-08 21:10:00,0.085586475,1.0,0
2014-07-08 21:15:00,0.070694787,1.0,0
2014-07-08 21:20:00,0.095611246,1.0,0
2014-07-08 21:55:00,0.0,1.0,0
2014-07-08 22:00:00,0.069631781,1.0,0
2014-07-08 22:05:00,0.0,1.0,0
2014-07-08 22:15:00,0.065337805,1.0,0
2014-07-08 22:20:00,0.069423449,1.0,0
2014-07-08 22:25:00,0.089264929,1.0,0
2014-07-08 22:30:00,0.066457554,1.0,0
2014-07-08 22:35:00,0.0,1.0,0
2014-07-08 22:40:00,0.0,1.0,0
2014-07-08 22:50:00,0.072760044,1.0,0
2014-07-08 22:55:00,0.077930063,1.0,0
2014-07-08 23:00:00,0.080898616,1.0,0
2014-07-08 23:05:00,0.0901801,1.0,0
2014-07-08 23:10:00,0.096584395,1.0,0
2014-07-08 23:15:00,0.0,1.0,0
2014-07-08 23:20:00,0.0,1.0,0
2014-07-08 23:25:00,0.073069589,1.0,0
2014-07-08 23:30:00,0.075268311,1.0,0
2014-07-08 23:35:00,0.080200333,1.0,0
2014-07-08 23:40:00,0.081870055,1.0,0
2014-07-08 23:45:00,0.066538187,1.0,0
2014-07-08 23:50:00,0.06486616,1.0,0
2014-07-09 16:20:00,0.078202243,1.0,0
2014-07-09 16:25:00,0.08467332,1.0,0
2014-07-09 16:30:00,0.077211048,1.0,0
2014-07-09 16:35:00,0.072798011,1.0,0
2014-07-09 16:40:00,0.061893388,1.0,0
2014-07-09 16:45:00,0.084999126,1.0,0
2014-07-09 16:50:00,0.060609814,1.0,0
2014-07-09 16:55:00,0.058301397,1.0,0
2014-07-09 17:00:00,0.068059045,1.0,0
2014-07-09 17:05:00,0.0,1.0,0
2014-07-09 17:15:00,0.065335788,1.0,0
2014-07-09 17:20:00,0.065223283,1.0,0
2014-07-09 17:25:00,0.066603504,1.0,0
2014-07-09 17:30:00,0.064493822,1.0,0
2014-07-09 17:35:00,0.063759473,1.0,0
2014-07-09 17:40:00,0.0,1.0,0
2014-07-09 17:45:00,0.078130967,1.0,0
2014-07-09 17:50:00,0.065035345,1.0,0
2014-07-09 17:55:00,0.073287948,1.0,0
2014-07-09 18:00:00,0.078835874,1.0,0
2014-07-09 18:05:00,0.061821222,1.0,0
2014-07-09 18:10:00,0.058587455,1.0,0
2014-07-09 18:15:00,0.072103732,1.0,0
2014-07-09 18:20:00,0.06053375,1.0,0
2014-07-09 18:25:00,0.07560126,1.0,0
2014-07-09 18:30:00,0.066407159,1.0,0
2014-07-09 18:35:00,0.066940445,1.0,0
2014-07-09 18:40:00,0.067622642,1.0,0
2014-07-09 18:45:00,0.06494316,1.0,0
2014-07-09 18:50:00,0.07410472,1.0,0
2014-07-09 18:55:00,0.0,1.0,0
2014-07-09 19:25:00,0.0,1.0,0
2014-07-09 19:45:00,0.076853483,1.0,0
2014-07-09 19:50:00,0.075200748,1.0,0
2014-07-09 19:55:00,0.072262396,1.0,0
2014-07-09 20:00:00,0.072677156,1.0,0
2014-07-09 20:05:00,0.0,1.0,0
2014-07-09 20:10:00,0.074125749,1.0,0
2014-07-09 20:15:00,0.071203032,1.0,0
2014-07-09 20:20:00,0.076607068,1.0,0
2014-07-09 20:25:00,0.0,1.0,0
2014-07-09 20:30:00,0.0,1.0,0
2014-07-09 20:40:00,0.072540702,1.0,0
2014-07-09 20:45:00,0.0,1.0,0
2014-07-09 20:50:00,0.0,1.0,0
2014-07-09 21:00:00,0.072589764,1.0,0
2014-07-09 21:05:00,0.073043263,1.0,0
2014-07-09 21:10:00,0.071478658,1.0,0
2014-07-09 21:15:00,0.06925759,1.0,0
2014-07-09 21:20:00,0.074117643,1.0,0
2014-07-09 21:25:00,0.083657749,1.0,0
2014-07-09 21:30:00,0.100010991,1.0,0
2014-07-09 21:35:00,0.081676399,1.0,0
2014-07-09 21:40:00,0.06905876,1.0,0
2014-07-09 21:45:00,0.076641826,1.0,0
2014-07-09 21:50:00,0.065264078,1.0,0
2014-07-09 21:55:00,0.061516019,1.0,0
2014-07-09 22:00:00,0.064245564,1.0,0
2014-07-09 22:05:00,0.067416084,1.0,0
2014-07-09 22:10:00,0.065174883,1.0,0
2014-07-09 22:15:00,0.063981892,1.0,0
2014-07-09 22:20:00,0.070781631,1.0,0
2014-07-09 22:25:00,0.07091886,1.0,0
2014-07-09 22:30:00,0.072767741,1.0,0
2014-07-09 22:35:00,0.066281284,1.0,0
2014-07-09 22:40:00,0.068282272,1.0,0
2014-07-09 22:45:00,0.072731916,1.0,0
2014-07-09 22:50:00,0.531583598,1.0,0
2014-07-09 22:55:00,0.0,1.0,0
2014-07-10 20:05:00,0.0675856,1.0,0
2014-07-10 20:10:00,0.069346799,1.0,0
2014-07-10 20:15:00,0.069808377,1.0,0
2014-07-10 20:20:00,0.064024417,1.0,0
2014-07-10 20:25:00,0.059894006,1.0,0
2014-07-10 20:30:00,0.0,1.0,0
2014-07-10 20:35:00,0.052889268,1.0,0
2014-07-10 20:40:00,0.069996505,1.0,0
2014-07-10 20:45:00,0.090819702,1.0,0
2014-07-10 20:50:00,0.092357278,1.0,0
2014-07-10 20:55:00,0.073224392,1.0,0
2014-07-10 21:00:00,0.074288471,1.0,0
2014-07-10 21:05:00,0.080144506,1.0,0
2014-07-10 21:10:00,0.096451795,1.0,0
2014-07-10 21:15:00,0.082496673,1.0,0
2014-07-10 21:20:00,0.06315431,1.0,0
2014-07-10 21:25:00,0.062846261,1.0,0
2014-07-10 21:30:00,0.067098234,1.0,0
2014-07-10 21:35:00,0.070040669,1.0,0
2014-07-10 21:40:00,0.151596686,1.0,0
2014-07-10 21:45:00,0.075223056,1.0,0
2014-07-10 21:50:00,0.07014687,1.0,0
2014-07-10 21:55:00,0.06984607,1.0,0
2014-07-10 22:00:00,0.0,1.0,0
2014-07-10 22:05:00,0.067074281,1.0,0
2014-07-10 22:10:00,0.069360377,1.0,0
2014-07-10 22:15:00,0.06914248,1.0,0
2014-07-10 22:20:00,0.070213866,1.0,0
2014-07-10 22:25:00,0.076050628,1.0,0
2014-07-10 22:30:00,0.086771271,1.0,0
2014-07-10 22:35:00,0.072209089,1.0,0
2014-07-10 22:45:00,0.063050624,1.0,0
2014-07-10 22:50:00,0.073276401,1.0,0
2014-07-10 22:55:00,0.07553544,1.0,0
2014-07-10 23:00:00,0.071689969,1.0,0
2014-07-10 23:05:00,0.070439837,1.0,0
2014-07-10 23:10:00,0.063566086,1.0,0
2014-07-10 23:15:00,0.059849366,1.0,0
2014-07-10 23:20:00,0.061594495,1.0,0
2014-07-10 23:25:00,0.066851831,1.0,0
2014-07-10 23:30:00,0.062975055,1.0,0
2014-07-10 23:35:00,0.064608037,1.0,0
2014-07-10 23:40:00,0.061033292,1.0,0
2014-07-10 23:45:00,0.063397739,1.0,0
2014-07-10 23:50:00,0.059772211,1.0,0
2014-07-10 23:55:00,0.068874465,1.0,0
2014-07-11 00:00:00,0.082920038,1.0,0
2014-07-11 00:05:00,0.085849524,1.0,0
2014-07-11 00:10:00,0.0,1.0,0
2014-07-11 00:15:00,0.0,1.0,0
2014-07-11 00:35:00,0.117173433,1.0,0
2014-07-11 00:40:00,0.05802717,1.0,0
2014-07-11 00:45:00,0.0,1.0,0
2014-07-11 01:20:00,0.0,1.0,0
2014-07-11 01:30:00,0.110067689,1.0,0
2014-07-11 01:35:00,0.113982558,1.0,0
2014-07-11 01:40:00,0.0,1.0,0
2014-07-11 01:45:00,0.0,1.0,0
2014-07-11 01:50:00,0.0,1.0,0
2014-07-11 01:55:00,0.0,1.0,0
2014-07-11 02:00:00,0.0,1.0,0
2014-07-11 02:05:00,0.0,1.0,0
2014-07-11 02:10:00,0.0,1.0,0
2014-07-11 02:15:00,0.0,1.0,0
2014-07-11 02:20:00,0.0,1.0,0
2014-07-11 02:25:00,0.0,1.0,0
2014-07-11 02:30:00,0.0,1.0,0
2014-07-11 02:35:00,0.0,1.0,0
2014-07-11 02:40:00,0.0,1.0,0
2014-07-11 02:45:00,0.0,1.0,0
2014-07-11 02:50:00,0.0,1.0,0
2014-07-11 02:55:00,0.0,1.0,0
2014-07-11 03:00:00,0.0,1.0,0
2014-07-11 03:05:00,0.0,1.0,0
2014-07-11 03:10:00,0.0,1.0,0
2014-07-11 03:15:00,0.0,1.0,0
2014-07-11 03:20:00,0.0,1.0,0
2014-07-11 03:25:00,0.0,1.0,0
2014-07-11 03:35:00,0.0,1.0,0
2014-07-11 03:40:00,0.0,1.0,0
2014-07-11 03:45:00,0.0,1.0,0
2014-07-11 03:50:00,0.0,1.0,0
2014-07-11 07:30:00,0.03192997,1.0,0
2014-07-11 07:35:00,0.0,1.0,0
2014-07-11 07:40:00,0.0,1.0,0
2014-07-11 07:45:00,0.0,1.0,0
2014-07-11 07:50:00,0.0,1.0,0
2014-07-11 07:55:00,0.0,1.0,0
2014-07-11 08:00:00,0.0,1.0,0
2014-07-11 08:05:00,0.0,1.0,0
2014-07-11 08:10:00,0.0,1.0,0
2014-07-11 08:15:00,0.0,1.0,0
2014-07-11 08:20:00,0.0,1.0,0
2014-07-11 08:25:00,0.0,1.0,0
2014-07-11 08:35:00,0.0,1.0,0
2014-07-11 08:40:00,0.0,1.0,0
2014-07-11 08:45:00,0.0,1.0,0
2014-07-11 08:50:00,0.0,1.0,0
2014-07-11 08:55:00,0.0,1.0,0
2014-07-11 09:00:00,0.0,1.0,0
2014-07-11 09:05:00,0.0,1.0,0
2014-07-11 09:10:00,0.0,1.0,0
2014-07-11 09:15:00,0.0,1.0,0
2014-07-11 09:20:00,0.0,1.0,0
2014-07-11 09:25:00,0.0,1.0,0
2014-07-11 09:30:00,0.0,1.0,0
2014-07-11 09:35:00,0.0,1.0,0
2014-07-11 09:40:00,0.0,1.0,0
2014-07-11 09:45:00,0.0,1.0,0
2014-07-11 09:50:00,0.0,1.0,0
2014-07-11 09:55:00,0.0,1.0,0
2014-07-11 10:00:00,0.0,1.0,0
2014-07-11 10:05:00,0.0,1.0,0
2014-07-11 10:10:00,0.0,1.0,0
2014-07-11 10:15:00,0.0,1.0,0
2014-07-11 10:20:00,0.0,1.0,0
2014-07-11 10:30:00,0.0,1.0,0
2014-07-11 10:35:00,0.0,1.0,0
2014-07-11 10:40:00,0.0,1.0,0
2014-07-11 10:45:00,0.0,1.0,0
2014-07-11 10:50:00,0.0,1.0,0
2014-07-11 10:55:00,0.0,1.0,0
2014-07-11 11:00:00,0.0,1.0,0
2014-07-11 11:05:00,0.0,1.0,0
2014-07-11 11:10:00,0.0,1.0,0
2014-07-11 11:15:00,0.0,1.0,0
2014-07-11 11:20:00,0.0,1.0,0
2014-07-11 11:25:00,0.0,1.0,0
2014-07-11 11:30:00,0.0,1.0,0
2014-07-11 11:35:00,0.0,1.0,0
2014-07-11 11:40:00,0.0,1.0,0
2014-07-11 11:45:00,0.0,1.0,0
2014-07-11 11:50:00,0.0,1.0,0
2014-07-11 11:55:00,0.0,1.0,0
2014-07-11 12:00:00,0.0,1.0,0
2014-07-11 12:05:00,0.0,1.0,0
2014-07-11 12:10:00,0.0,1.0,0
2014-07-11 12:15:00,0.0,1.0,0
2014-07-11 12:20:00,0.0,1.0,0
2014-07-11 12:25:00,0.0,1.0,0
2014-07-11 12:30:00,0.0,1.0,0
2014-07-11 12:35:00,0.0,1.0,0
2014-07-11 12:45:00,0.0,1.0,0
2014-07-11 12:50:00,0.0,1.0,0
2014-07-11 12:55:00,0.0,1.0,0
2014-07-11 13:00:00,0.0,1.0,0
2014-07-11 13:05:00,0.0,1.0,0
2014-07-11 13:10:00,0.0,1.0,0
2014-07-11 13:15:00,0.0,1.0,0
2014-07-11 13:20:00,0.0,1.0,0
2014-07-11 13:25:00,0.0,1.0,0
2014-07-11 13:30:00,0.0,1.0,0
2014-07-11 13:35:00,0.0,1.0,0
2014-07-11 13:40:00,0.0,1.0,0
2014-07-11 13:45:00,0.0,1.0,0
2014-07-11 13:50:00,0.0,1.0,0
2014-07-11 13:55:00,0.0,1.0,0
2014-07-11 14:00:00,0.0,1.0,0
2014-07-11 14:05:00,0.0,1.0,0
2014-07-11 14:10:00,0.0,1.0,0
2014-07-11 14:15:00,0.0,1.0,0
2014-07-11 14:20:00,0.0,1.0,0
2014-07-11 14:25:00,0.0,1.0,0
2014-07-11 14:30:00,0.0,1.0,0
2014-07-11 14:35:00,0.0,1.0,0
2014-07-11 14:45:00,0.0,1.0,0
2014-07-11 14:50:00,0.0,1.0,0
2014-07-11 14:55:00,0.0,1.0,0
2014-07-11 15:00:00,0.0,1.0,0
2014-07-11 15:05:00,0.0,1.0,0
2014-07-11 15:10:00,0.0,1.0,0
2014-07-11 15:15:00,0.0,1.0,0
2014-07-11 15:20:00,0.0,1.0,0
2014-07-11 16:10:00,0.09863162,1.0,0
2014-07-11 16:15:00,0.08272386,1.0,0
2014-07-11 16:20:00,0.085230736,1.0,0
2014-07-11 16:25:00,0.06826363,1.0,0
2014-07-11 16:30:00,0.082736923,1.0,0
2014-07-11 16:35:00,0.073087134,1.0,0
2014-07-11 16:40:00,0.06398754,1.0,0
2014-07-11 16:45:00,0.075739592,1.0,0
2014-07-11 16:50:00,0.06987537,1.0,0
2014-07-11 16:55:00,0.069682799,1.0,0
2014-07-11 17:00:00,0.073080403,1.0,0
2014-07-11 17:05:00,0.0,1.0,0
2014-07-11 17:15:00,0.894877604,1.0,0
2014-07-11 17:20:00,0.089343013,1.0,0
2014-07-11 17:25:00,0.065345519,1.0,0
2014-07-11 17:30:00,0.067827237,1.0,0
2014-07-11 17:35:00,0.0,1.0,0
2014-07-11 18:10:00,0.075923366,1.0,0
2014-07-11 18:15:00,0.063932613,1.0,0
2014-07-11 18:20:00,0.089588782,1.0,0
2014-07-11 18:25:00,0.085891063,1.0,0
2014-07-11 18:30:00,0.067534644,1.0,0
2014-07-11 18:35:00,0.070183776,1.0,0
2014-07-11 18:40:00,0.069429169,1.0,0
2014-07-11 18:45:00,0.073223894,1.0,0
2014-07-11 18:50:00,0.066217605,1.0,0
2014-07-11 18:55:00,0.062421981,1.0,0
2014-07-11 19:00:00,0.07063684,1.0,0
2014-07-11 19:05:00,0.068916717,1.0,0
2014-07-11 19:10:00,0.064045422,1.0,0
2014-07-11 19:15:00,0.06963963,1.0,0
2014-07-11 19:20:00,0.070939419,1.0,0
2014-07-11 19:25:00,0.069709579,1.0,0
2014-07-11 19:30:00,0.068598365,1.0,0
2014-07-11 19:35:00,0.0,1.0,0
2014-07-11 20:10:00,0.0,1.0,0
2014-07-11 20:20:00,0.063635359,1.0,0
2014-07-11 20:25:00,0.06422909,1.0,0
2014-07-11 20:30:00,0.070774645,1.0,0
2014-07-11 20:35:00,0.068035847,1.0,0
2014-07-11 20:40:00,0.071887277,1.0,0
2014-07-11 20:45:00,0.066371174,1.0,0
2014-07-11 20:50:00,0.073693152,1.0,0
2014-07-11 20:55:00,0.074337182,1.0,0
2014-07-11 21:00:00,0.081452785,1.0,0
2014-07-11 21:05:00,0.080226873,1.0,0
2014-07-11 21:10:00,0.075866301,1.0,0
2014-07-11 21:15:00,0.082649088,1.0,0
2014-07-11 21:20:00,0.067151591,1.0,0
2014-07-11 21:25:00,0.071230778,1.0,0
2014-07-11 21:30:00,0.064547304,1.0,0
2014-07-11 21:35:00,0.058622577,1.0,0
2014-07-11 21:40:00,0.061547311,1.0,0
2014-07-11 21:45:00,0.062709794,1.0,0
2014-07-11 21:50:00,0.076483583,1.0,0
2014-07-11 21:55:00,0.066729108,1.0,0
2014-07-11 22:00:00,0.070420094,1.0,0
2014-07-11 22:05:00,0.087912241,1.0,0
2014-07-11 22:10:00,0.0,1.0,0
2014-07-11 22:15:00,0.065736168,1.0,0
2014-07-11 22:20:00,0.070528229,1.0,0
2014-07-11 22:25:00,0.071410126,1.0,0
2014-07-11 22:30:00,0.0,1.0,0
2014-07-11 22:35:00,0.071144378,1.0,0
2014-07-11 22:40:00,0.071581309,1.0,0
2014-07-11 22:45:00,0.081845461,1.0,0
2014-07-11 22:50:00,0.077930015,1.0,0
2014-07-11 22:55:00,0.077977317,1.0,0
2014-07-11 23:00:00,0.086169364,1.0,0
2014-07-11 23:05:00,0.083144763,1.0,0
2014-07-11 23:10:00,0.058807518,1.0,0
2014-07-11 23:15:00,0.082003931,1.0,0
2014-07-11 23:20:00,0.078386908,1.0,0
2014-07-11 23:25:00,0.072364739,1.0,0
2014-07-11 23:30:00,0.075285607,1.0,0
2014-07-11 23:35:00,0.076338906,1.0,0
2014-07-11 23:40:00,0.069559493,1.0,0
2014-07-11 23:45:00,0.079055729,1.0,0
2014-07-11 23:50:00,0.064776535,1.0,0
2014-07-11 23:55:00,0.0,1.0,0
2014-07-12 00:00:00,0.065120301,1.0,0
2014-07-12 00:05:00,0.081144121,1.0,0
2014-07-12 00:10:00,0.069493738,1.0,0
2014-07-12 00:15:00,0.07132172,1.0,0
2014-07-12 00:20:00,0.081749101,1.0,0
2014-07-12 00:25:00,0.080946782,1.0,0
2014-07-12 00:30:00,0.043550134,1.0,0
2014-07-12 00:35:00,0.071189478,1.0,0
2014-07-12 00:40:00,0.076516333,1.0,0
2014-07-12 00:45:00,0.072232337,1.0,0
2014-07-12 00:50:00,0.075773713,1.0,0
2014-07-12 00:55:00,0.072497933,1.0,0
2014-07-12 01:00:00,0.078945033,1.0,0
2014-07-12 01:05:00,0.066033045,1.0,0
2014-07-12 01:10:00,0.071879928,1.0,0
2014-07-12 01:15:00,0.064920046,1.0,0
2014-07-12 01:20:00,0.072398779,1.0,0
2014-07-12 01:25:00,0.061562998,1.0,0
2014-07-12 01:30:00,0.075128839,1.0,0
2014-07-12 18:10:00,0.072355048,1.0,0
2014-07-12 18:15:00,0.07390092,1.0,0
2014-07-12 18:20:00,0.064606555,1.0,0
2014-07-12 18:25:00,0.063249826,1.0,0
2014-07-12 18:30:00,0.079823196,1.0,0
2014-07-12 18:35:00,0.0,1.0,0
2014-07-14 16:10:00,0.066142584,1.0,0
2014-07-14 16:15:00,0.082683495,1.0,0
2014-07-14 16:20:00,0.121088107,1.0,0
2014-07-14 16:25:00,0.078241639,1.0,0
2014-07-14 16:30:00,0.11917909,1.0,0
2014-07-14 16:35:00,0.082868306,1.0,0
2014-07-14 16:40:00,0.077474031,1.0,0
2014-07-14 16:45:00,0.076853245,1.0,0
2014-07-14 16:50:00,0.067214002,1.0,0
2014-07-14 16:55:00,0.0,1.0,0
2014-07-14 17:00:00,0.0,1.0,0
2014-07-14 17:05:00,0.066244671,1.0,0
2014-07-14 17:10:00,0.076446056,1.0,0
2014-07-14 17:15:00,0.0832685,1.0,0
2014-07-14 17:20:00,0.084635518,1.0,0
2014-07-14 17:25:00,0.070059102,1.0,0
2014-07-14 17:30:00,0.0,1.0,0
2014-07-14 17:35:00,0.0843253,1.0,0
2014-07-14 17:40:00,0.090023782,1.0,0
2014-07-14 17:45:00,0.086879535,1.0,0
2014-07-14 17:50:00,0.096119506,1.0,0
2014-07-14 17:55:00,0.087577124,1.0,0
2014-07-14 18:15:00,0.0,1.0,0
2014-07-14 18:20:00,0.0,1.0,0
2014-07-14 18:25:00,0.0,1.0,0
2014-07-14 18:30:00,0.0,1.0,0
2014-07-14 18:35:00,0.0,1.0,0
2014-07-14 18:40:00,0.0,1.0,0
2014-07-14 18:45:00,0.0,1.0,0
2014-07-14 18:50:00,0.0,1.0,0
2014-07-14 18:55:00,0.0,1.0,0
2014-07-14 19:00:00,0.0,1.0,0
2014-07-14 19:05:00,0.0,1.0,0
2014-07-14 19:10:00,0.0,1.0,0
2014-07-14 19:15:00,0.0,1.0,0
2014-07-14 19:20:00,0.0,1.0,0
2014-07-14 19:25:00,0.0,1.0,0
2014-07-14 19:30:00,0.0,1.0,0
2014-07-14 19:40:00,0.0,1.0,0
2014-07-14 19:45:00,0.099778858,1.0,0
2014-07-14 19:50:00,0.0,1.0,0
2014-07-14 19:55:00,0.0,1.0,0
2014-07-14 20:00:00,0.0,1.0,0
2014-07-14 20:05:00,0.0,1.0,0
2014-07-14 20:10:00,0.109809041,1.0,0
2014-07-14 20:15:00,0.0,1.0,0
2014-07-14 20:20:00,0.0,1.0,0
2014-07-14 20:30:00,0.088004306,1.0,0
2014-07-14 20:35:00,0.0,1.0,0
2014-07-14 20:40:00,0.0,1.0,0
2014-07-14 20:45:00,0.0,1.0,0
2014-07-14 20:50:00,0.0,1.0,0
2014-07-14 20:55:00,0.0,1.0,0
2014-07-14 21:00:00,0.0,1.0,0
2014-07-14 21:05:00,0.085474809,1.0,0
2014-07-14 21:10:00,0.0,1.0,0
2014-07-14 21:15:00,0.0,1.0,0
2014-07-14 21:20:00,0.0,1.0,0
2014-07-14 21:25:00,0.0,1.0,0
2014-07-14 21:30:00,0.0,1.0,0
2014-07-14 21:35:00,0.0,1.0,0
2014-07-14 21:40:00,0.0,1.0,0
2014-07-14 21:45:00,0.0,1.0,0
2014-07-14 21:50:00,0.0,1.0,0
2014-07-14 21:55:00,0.0,1.0,0
2014-07-14 22:00:00,0.0,1.0,0
2014-07-14 22:05:00,0.0,1.0,0
2014-07-14 22:10:00,0.0,1.0,0
2014-07-14 22:15:00,0.0,1.0,0
2014-07-14 22:20:00,0.0,1.0,0
2014-07-14 22:25:00,0.0,1.0,0
2014-07-14 22:30:00,0.0,1.0,0
2014-07-14 22:35:00,0.0,1.0,0
2014-07-14 22:40:00,0.0,1.0,0
2014-07-14 22:45:00,0.0,1.0,0
2014-07-14 22:50:00,0.0,1.0,0
2014-07-14 22:55:00,0.0,1.0,0
2014-07-14 23:00:00,0.0,1.0,0
2014-07-14 23:05:00,0.0,1.0,0
2014-07-14 23:10:00,0.0,1.0,0
2014-07-14 23:15:00,0.0,1.0,0
2014-07-14 23:20:00,0.0,1.0,0
2014-07-14 23:25:00,0.0,1.0,0
2014-07-14 23:30:00,0.0,1.0,0
2014-07-14 23:35:00,0.0,1.0,0
2014-07-14 23:40:00,0.0,1.0,0
2014-07-14 23:45:00,0.0,1.0,0
2014-07-14 23:50:00,0.0,1.0,0
2014-07-14 23:55:00,0.0,1.0,0
2014-07-15 00:00:00,0.0,1.0,0
2014-07-15 00:05:00,0.113392589,1.0,0
2014-07-15 00:10:00,0.153085695,1.0,0
2014-07-15 00:15:00,0.0,1.0,0
2014-07-15 00:20:00,0.0,1.0,0
2014-07-15 00:25:00,0.0,1.0,0
2014-07-15 00:30:00,0.081910849,1.0,0
2014-07-15 00:35:00,0.0,1.0,0
2014-07-15 00:40:00,0.0,1.0,0
2014-07-15 00:45:00,0.0,1.0,0
2014-07-15 00:50:00,0.0,1.0,0
2014-07-15 00:55:00,0.0,1.0,0
2014-07-15 01:00:00,0.0,1.0,0
2014-07-15 01:05:00,0.0,1.0,0
2014-07-15 01:10:00,0.0,1.0,0
2014-07-15 01:15:00,0.0,1.0,0
2014-07-15 01:20:00,0.0,1.0,0
2014-07-15 01:25:00,0.0,1.0,0
2014-07-15 01:30:00,0.0,1.0,0
2014-07-15 01:35:00,0.0,1.0,0
2014-07-15 01:40:00,0.0,1.0,0
2014-07-15 01:45:00,0.0,1.0,0
2014-07-15 01:50:00,0.0,1.0,0
2014-07-15 01:55:00,0.0,1.0,0
2014-07-15 02:00:00,0.0,1.0,0
2014-07-15 02:05:00,0.0,1.0,0
2014-07-15 02:10:00,0.0,1.0,0
2014-07-15 02:15:00,0.0,1.0,0
2014-07-15 02:20:00,0.0,1.0,0
2014-07-15 02:25:00,0.0,1.0,0
2014-07-15 02:30:00,0.0,1.0,0
2014-07-15 02:35:00,0.0,1.0,0
2014-07-15 02:40:00,0.0,1.0,0
2014-07-15 02:45:00,0.0,1.0,0
2014-07-15 02:50:00,0.0,1.0,0
2014-07-15 02:55:00,0.0,1.0,0
2014-07-15 03:00:00,0.0,1.0,0
2014-07-15 03:05:00,0.0,1.0,0
2014-07-15 03:10:00,0.0,1.0,0
2014-07-15 03:15:00,0.0,1.0,0
2014-07-15 03:20:00,0.0,1.0,0
2014-07-15 03:25:00,0.0,1.0,0
2014-07-15 03:30:00,0.0,1.0,0
2014-07-15 03:35:00,0.0,1.0,0
2014-07-15 03:40:00,0.0,1.0,0
2014-07-15 03:45:00,0.0,1.0,0
2014-07-15 03:50:00,0.0,1.0,0
2014-07-15 03:55:00,0.0,1.0,0
2014-07-15 04:00:00,0.0,1.0,0
2014-07-15 04:05:00,0.0,1.0,0
2014-07-15 04:10:00,0.0,1.0,0
2014-07-15 04:15:00,0.0,1.0,0
2014-07-15 04:20:00,0.0,1.0,0
2014-07-15 04:25:00,0.0,1.0,0
2014-07-15 04:30:00,0.0,1.0,0
2014-07-15 04:35:00,0.0,1.0,1
2014-07-15 04:40:00,0.0,1.0,1
2014-07-15 04:45:00,0.0,1.0,1
2014-07-15 04:50:00,0.0,1.0,1
2014-07-15 04:55:00,0.0,1.0,1
2014-07-15 05:00:00,0.0,1.0,1
2014-07-15 05:05:00,0.0,1.0,1
2014-07-15 05:10:00,0.0,1.0,1
2014-07-15 05:15:00,0.0,1.0,1
2014-07-15 05:20:00,0.0,1.0,1
2014-07-15 05:25:00,0.0,1.0,1
2014-07-15 05:30:00,0.0,1.0,1
2014-07-15 05:35:00,0.0,1.0,1
2014-07-15 05:40:00,0.0,1.0,1
2014-07-15 05:45:00,0.0,1.0,1
2014-07-15 05:50:00,0.0,1.0,1
2014-07-15 05:55:00,0.0,1.0,1
2014-07-15 06:00:00,0.0,1.0,1
2014-07-15 06:05:00,0.0,1.0,1
2014-07-15 06:10:00,0.0,1.0,1
2014-07-15 06:15:00,0.0,1.0,1
2014-07-15 06:20:00,0.0,1.0,1
2014-07-15 06:25:00,0.0,1.0,1
2014-07-15 06:30:00,0.0,1.0,1
2014-07-15 06:35:00,0.0,1.0,1
2014-07-15 06:40:00,0.0,1.0,1
2014-07-15 06:45:00,0.0,1.0,1
2014-07-15 06:50:00,0.0,1.0,1
2014-07-15 06:55:00,0.0,1.0,1
2014-07-15 07:00:00,0.0,1.0,1
2014-07-15 07:05:00,0.0,1.0,1
2014-07-15 07:10:00,0.0,1.0,1
2014-07-15 07:15:00,0.0,1.0,1
2014-07-15 07:20:00,0.0,1.0,1
2014-07-15 07:25:00,0.0,1.0,1
2014-07-15 07:30:00,0.0,1.0,1
2014-07-15 07:35:00,0.0,1.0,1
2014-07-15 07:40:00,0.0,1.0,1
2014-07-15 07:45:00,0.0,1.0,1
2014-07-15 07:50:00,0.0,1.0,1
2014-07-15 07:55:00,0.0,1.0,1
2014-07-15 08:00:00,0.0,1.0,1
2014-07-15 08:05:00,0.0,1.0,1
2014-07-15 08:10:00,0.0,1.0,1
2014-07-15 08:15:00,0.0,1.0,1
2014-07-15 08:20:00,0.0,1.0,1
2014-07-15 08:25:00,0.0,1.0,1
2014-07-15 08:30:00,0.0,1.0,1
2014-07-15 08:35:00,0.0,1.0,1
2014-07-15 08:40:00,0.0,1.0,1
2014-07-15 08:45:00,0.0,1.0,1
2014-07-15 08:50:00,0.0,1.0,1
2014-07-15 08:55:00,0.0,1.0,1
2014-07-15 09:00:00,0.0,1.0,1
2014-07-15 09:05:00,0.0,1.0,1
2014-07-15 09:10:00,0.0,1.0,1
2014-07-15 09:15:00,0.0,1.0,1
2014-07-15 09:20:00,0.0,1.0,1
2014-07-15 09:25:00,0.0,1.0,1
2014-07-15 09:30:00,0.0,1.0,1
2014-07-15 09:35:00,0.0,1.0,1
2014-07-15 09:40:00,0.0,1.0,1
2014-07-15 09:45:00,0.0,1.0,1
2014-07-15 09:50:00,0.0,1.0,1
2014-07-15 09:55:00,0.0,1.0,1
2014-07-15 10:05:00,0.074724019,1.0,1
2014-07-15 10:40:00,0.081010018,1.0,1
2014-07-15 10:45:00,0.072983488,1.0,1
2014-07-15 10:50:00,0.086187639,1.0,1
2014-07-15 10:55:00,0.081845165,1.0,1
2014-07-15 11:20:00,0.087103692,1.0,1
2014-07-15 11:25:00,0.084364615,1.0,1
2014-07-15 11:30:00,0.095506993,1.0,1
2014-07-15 11:35:00,0.065466642,1.0,1
2014-07-15 11:40:00,0.089246559,1.0,1
2014-07-15 11:45:00,0.067008018,1.0,1
2014-07-15 11:55:00,0.091611182,1.0,1
2014-07-15 12:00:00,0.078721786,1.0,1
2014-07-15 12:05:00,0.0,1.0,1
2014-07-15 12:10:00,0.082381546,1.0,1
2014-07-15 12:15:00,0.116034985,1.0,1
2014-07-15 12:20:00,0.0,1.0,1
2014-07-15 12:25:00,0.084316413,1.0,1
2014-07-15 12:30:00,0.086454409,1.0,1
2014-07-15 12:35:00,0.085921212,1.0,1
2014-07-15 12:40:00,0.0,1.0,1
2014-07-15 12:45:00,0.078981244,1.0,1
2014-07-15 12:50:00,0.071727986,1.0,1
2014-07-15 12:55:00,0.08374694,1.0,1
2014-07-15 13:00:00,0.127655029,1.0,1
2014-07-15 13:05:00,0.072111138,1.0,1
2014-07-15 13:10:00,0.070604499,1.0,1
2014-07-15 13:15:00,0.070273212,1.0,1
2014-07-15 13:20:00,0.068471751,1.0,1
2014-07-15 13:25:00,0.086299364,1.0,1
2014-07-15 13:30:00,0.0,1.0,0
2014-07-15 13:35:00,0.0,1.0,0
2014-07-15 13:40:00,0.077449515,1.0,0
2014-07-15 13:45:00,0.067616585,1.0,0
2014-07-15 13:50:00,0.078807843,1.0,0
2014-07-15 13:55:00,0.072743363,1.0,0
2014-07-15 14:00:00,0.0,1.0,0
2014-07-15 14:05:00,0.0,1.0,0
2014-07-15 14:10:00,0.0,1.0,0
2014-07-15 14:15:00,0.0,1.0,0
2014-07-15 14:25:00,0.080492813,1.0,0
2014-07-15 14:30:00,0.079255867,1.0,0
2014-07-15 14:35:00,0.099784017,1.0,0
2014-07-15 14:40:00,0.094524997,1.0,0
2014-07-15 14:45:00,0.0,1.0,0
2014-07-15 14:50:00,0.0,1.0,0
2014-07-15 14:55:00,0.0,1.0,0
2014-07-15 15:00:00,0.148122787,1.0,0
2014-07-15 15:05:00,0.089310208,1.0,0
2014-07-15 15:10:00,0.072272571,1.0,0
2014-07-15 15:15:00,0.076298205,1.0,0
2014-07-15 15:20:00,0.072686692,1.0,0
2014-07-15 15:25:00,0.087627718,1.0,0
2014-07-15 15:30:00,0.09528804,1.0,0
2014-07-15 15:35:00,0.081453664,1.0,0
2014-07-15 15:40:00,0.079814911,1.0,0
2014-07-15 15:45:00,0.094125643,1.0,0
2014-07-15 15:50:00,0.083192171,1.0,0
2014-07-15 15:55:00,0.085912533,1.0,0
2014-07-15 16:00:00,0.084625536,1.0,0
2014-07-15 16:05:00,0.082236197,1.0,0
2014-07-15 16:10:00,0.088903112,1.0,0
2014-07-15 16:15:00,0.085081768,1.0,0
2014-07-15 16:20:00,0.079566366,1.0,0
2014-07-15 16:25:00,0.073478292,1.0,0
2014-07-15 16:30:00,0.072119777,1.0,0
2014-07-15 16:35:00,0.08529961,1.0,0
2014-07-15 16:45:00,0.0,1.0,0
2014-07-15 16:50:00,0.0,1.0,0
2014-07-15 16:55:00,0.0,1.0,0
2014-07-15 17:00:00,0.0,1.0,0
2014-07-15 17:05:00,0.0,1.0,0
2014-07-15 17:10:00,0.0,1.0,0
2014-07-15 17:15:00,0.0,1.0,0
2014-07-15 17:20:00,0.0,1.0,0
2014-07-15 17:25:00,0.078008972,1.0,0
2014-07-15 17:30:00,0.111104952,1.0,0
2014-07-15 17:35:00,0.087882042,1.0,0
2014-07-15 17:40:00,0.068434081,1.0,0
2014-07-15 17:45:00,0.0,1.0,0
2014-07-15 17:50:00,0.0,1.0,0
2014-07-15 17:55:00,0.114406149,1.0,0
2014-07-15 18:00:00,0.063544533,1.0,0
2014-07-15 18:05:00,0.0,1.0,0
2014-07-15 18:10:00,0.0,1.0,0
2014-07-15 18:15:00,0.06955913,1.0,0
2014-07-15 18:20:00,0.069773555,1.0,0
2014-07-15 18:25:00,0.068620113,1.0,0
2014-07-15 18:30:00,0.076710861,1.0,0
2014-07-15 18:35:00,0.074751744,1.0,0
2014-07-15 18:40:00,0.074691659,1.0,0
2014-07-15 18:45:00,0.080636783,1.0,0
2014-07-15 18:50:00,0.073058015,1.0,0
2014-07-15 18:55:00,0.069489793,1.0,0
2014-07-15 19:00:00,0.072557135,1.0,0
2014-07-15 19:05:00,0.073479031,1.0,0
2014-07-15 19:10:00,0.071080778,1.0,0
2014-07-15 19:15:00,0.071638993,1.0,0
2014-07-15 19:20:00,0.07121422,1.0,0
2014-07-15 19:25:00,0.075122619,1.0,0
2014-07-15 19:30:00,0.08179059,1.0,0
2014-07-15 19:35:00,0.071841574,1.0,0
2014-07-15 19:40:00,0.137128337,1.0,0
2014-07-15 19:45:00,0.0,1.0,0
2014-07-15 19:50:00,0.0,1.0,0
2014-07-15 19:55:00,0.0,1.0,0
2014-07-15 20:05:00,0.062971173,1.0,0
2014-07-15 20:10:00,0.0,1.0,0
2014-07-15 20:15:00,0.0,1.0,0
2014-07-15 20:25:00,0.0,1.0,0
2014-07-15 20:30:00,0.0,1.0,0
2014-07-15 20:35:00,0.0,1.0,0
2014-07-15 20:40:00,0.0,1.0,0
2014-07-15 20:45:00,0.0,1.0,0
2014-07-15 20:50:00,0.0,1.0,0
2014-07-15 20:55:00,0.0,1.0,0
2014-07-15 21:00:00,0.0,1.0,0
2014-07-15 21:05:00,0.0,1.0,0
2014-07-15 21:10:00,0.0,1.0,0
2014-07-15 21:15:00,0.0,1.0,0
2014-07-15 21:20:00,0.0,1.0,0
2014-07-15 21:25:00,0.0,1.0,0
2014-07-15 21:30:00,0.0,1.0,0
2014-07-15 21:35:00,0.0,1.0,0
2014-07-15 21:40:00,0.0,1.0,0
2014-07-15 21:45:00,0.0,1.0,0
2014-07-15 21:50:00,0.0,1.0,0
2014-07-15 21:55:00,0.0,1.0,0
2014-07-15 22:00:00,0.0,1.0,0
2014-07-15 22:05:00,0.0,1.0,0
2014-07-15 22:10:00,0.0,1.0,0
2014-07-15 22:15:00,0.0,1.0,0
2014-07-15 22:20:00,0.0,1.0,0
2014-07-15 22:25:00,0.0,1.0,0
2014-07-15 22:30:00,0.0,1.0,0
2014-07-15 22:35:00,0.0,1.0,0
2014-07-15 22:40:00,0.0,1.0,0
2014-07-15 22:45:00,0.0,1.0,0
2014-07-15 22:50:00,0.0,1.0,0
2014-07-15 22:55:00,0.0,1.0,0
2014-07-15 23:00:00,0.0,1.0,0
2014-07-15 23:05:00,0.0,1.0,0
2014-07-15 23:10:00,0.0,1.0,0
2014-07-15 23:15:00,0.0,1.0,0
2014-07-15 23:20:00,0.0,1.0,0
2014-07-15 23:25:00,0.0,1.0,0
2014-07-15 23:30:00,0.08347703,1.0,0
2014-07-15 23:35:00,0.0,1.0,0
2014-07-15 23:40:00,0.0,1.0,0
2014-07-15 23:45:00,0.0,1.0,0
2014-07-15 23:50:00,0.0,1.0,0
2014-07-15 23:55:00,0.0,1.0,0
2014-07-16 00:00:00,0.0,1.0,0
2014-07-16 00:05:00,0.0,1.0,0
2014-07-16 00:10:00,0.0,1.0,0
2014-07-16 00:15:00,0.0,1.0,0
2014-07-16 00:20:00,0.0,1.0,0
2014-07-16 00:25:00,0.0,1.0,0
2014-07-16 00:30:00,0.0,1.0,0
2014-07-16 00:35:00,0.0,1.0,0
2014-07-16 00:40:00,0.0,1.0,0
2014-07-16 00:45:00,0.0,1.0,0
2014-07-16 00:50:00,0.0,1.0,0
2014-07-16 00:55:00,0.0,1.0,0
2014-07-16 01:00:00,0.0,1.0,0
2014-07-16 01:05:00,0.0,1.0,0
2014-07-16 01:10:00,0.0,1.0,0
2014-07-16 01:15:00,0.0,1.0,0
2014-07-16 01:20:00,0.0,1.0,0
2014-07-16 01:25:00,0.0,1.0,0
2014-07-16 01:30:00,0.0,1.0,0
2014-07-16 01:35:00,0.0,1.0,0
2014-07-16 01:40:00,0.0,1.0,0
2014-07-16 01:45:00,0.0,1.0,0
2014-07-16 01:50:00,0.0,1.0,0
2014-07-16 01:55:00,0.0,1.0,0
2014-07-16 02:00:00,0.0,1.0,0
2014-07-16 02:05:00,0.0,1.0,0
2014-07-16 02:10:00,0.0,1.0,0
2014-07-16 02:15:00,0.0,1.0,0
2014-07-16 02:20:00,0.0,1.0,0
2014-07-16 02:25:00,0.0,1.0,0
2014-07-16 02:30:00,0.0,1.0,0
2014-07-16 02:35:00,0.0,1.0,0
2014-07-16 02:40:00,0.0,1.0,0
2014-07-16 02:45:00,0.0,1.0,0
2014-07-16 02:50:00,0.0,1.0,0
2014-07-16 02:55:00,0.0,1.0,0
2014-07-16 03:00:00,0.0,1.0,0
2014-07-16 03:05:00,0.0,1.0,0
2014-07-16 03:10:00,0.0,1.0,0
2014-07-16 03:15:00,0.0,1.0,0
2014-07-16 03:20:00,0.0,1.0,0
2014-07-16 03:25:00,0.0,1.0,0
2014-07-16 03:30:00,0.0,1.0,0
2014-07-16 03:35:00,0.0,1.0,0
2014-07-16 03:40:00,0.0,1.0,0
2014-07-16 03:45:00,0.0,1.0,0
2014-07-16 03:50:00,0.0,1.0,0
2014-07-16 03:55:00,0.0,1.0,0
2014-07-16 04:00:00,0.0,1.0,0
2014-07-16 04:05:00,0.0,1.0,0
2014-07-16 04:10:00,0.0,1.0,0
2014-07-16 04:15:00,0.0,1.0,0
2014-07-16 04:20:00,0.0,1.0,0
2014-07-16 04:25:00,0.0,1.0,0
2014-07-16 04:30:00,0.0,1.0,0
2014-07-16 04:35:00,0.0,1.0,0
2014-07-16 04:40:00,0.0,1.0,0
2014-07-16 04:45:00,0.0,1.0,0
2014-07-16 04:50:00,0.0,1.0,0
2014-07-16 04:55:00,0.0,1.0,0
2014-07-16 05:00:00,0.0,1.0,0
2014-07-16 05:05:00,0.0,1.0,0
2014-07-16 05:10:00,0.0,1.0,0
2014-07-16 05:15:00,0.0,1.0,0
2014-07-16 05:20:00,0.0,1.0,0
2014-07-16 05:25:00,0.0,1.0,0
2014-07-16 05:30:00,0.0,1.0,0
2014-07-16 05:35:00,0.0,1.0,0
2014-07-16 05:40:00,0.0,1.0,0
2014-07-16 05:45:00,0.0,1.0,0
2014-07-16 05:50:00,0.0,1.0,0
2014-07-16 05:55:00,0.0,1.0,0
2014-07-16 06:00:00,0.0,1.0,0
2014-07-16 06:05:00,0.0,1.0,0
2014-07-16 06:10:00,0.0,1.0,0
2014-07-16 06:15:00,0.0,1.0,0
2014-07-16 06:20:00,0.0,1.0,0
2014-07-16 06:25:00,0.0,1.0,0
2014-07-16 06:30:00,0.0,1.0,0
2014-07-16 06:35:00,0.0,1.0,0
2014-07-16 06:40:00,0.0,1.0,0
2014-07-16 06:45:00,0.0,1.0,0
2014-07-16 06:50:00,0.0,1.0,0
2014-07-16 06:55:00,0.0,1.0,0
2014-07-16 07:00:00,0.0,1.0,0
2014-07-16 07:05:00,0.0,1.0,0
2014-07-16 07:10:00,0.0,1.0,0
2014-07-16 07:15:00,0.0,1.0,0
2014-07-16 07:20:00,0.0,1.0,0
2014-07-16 07:25:00,0.0,1.0,0
2014-07-16 07:30:00,0.0,1.0,0
2014-07-16 07:35:00,0.0,1.0,0
2014-07-16 07:40:00,0.0,1.0,0
2014-07-16 07:45:00,0.0,1.0,0
2014-07-16 07:50:00,0.0,1.0,0
2014-07-16 07:55:00,0.0,1.0,0
2014-07-16 08:00:00,0.0,1.0,0
2014-07-16 08:05:00,0.0,1.0,0
2014-07-16 08:10:00,0.0,1.0,0
2014-07-16 08:15:00,0.0,1.0,0
2014-07-16 08:20:00,0.0,1.0,0
2014-07-16 08:25:00,0.0,1.0,0
2014-07-16 08:30:00,0.0,1.0,0
2014-07-16 08:35:00,0.0,1.0,0
2014-07-16 08:40:00,0.0,1.0,0
2014-07-16 08:45:00,0.0,1.0,0
2014-07-16 08:50:00,0.0,1.0,0
2014-07-16 08:55:00,0.0,1.0,0
2014-07-16 09:00:00,0.0,1.0,0
2014-07-16 09:05:00,0.0,1.0,0
2014-07-16 09:10:00,0.0,1.0,0
2014-07-16 09:15:00,0.0,1.0,0
2014-07-16 09:20:00,0.0,1.0,0
2014-07-16 09:25:00,0.0,1.0,0
2014-07-16 09:30:00,0.0,1.0,0
2014-07-16 09:35:00,0.0,1.0,0
2014-07-16 09:40:00,0.0,1.0,0
2014-07-16 09:45:00,0.0,1.0,0
2014-07-16 09:50:00,0.0,1.0,0
2014-07-16 09:55:00,0.0,1.0,0
2014-07-16 10:00:00,0.0,1.0,0
2014-07-16 10:05:00,0.0,1.0,0
2014-07-16 10:10:00,0.0,1.0,0
2014-07-16 10:15:00,0.0,1.0,0
2014-07-16 10:20:00,0.076638222,1.0,0
2014-07-16 10:25:00,0.0,1.0,0
2014-07-16 10:30:00,0.0,1.0,0
2014-07-16 10:35:00,0.0,1.0,0
2014-07-16 10:40:00,0.0,1.0,0
2014-07-16 10:45:00,0.0,1.0,0
2014-07-16 10:50:00,0.0,1.0,0
2014-07-16 10:55:00,0.0,1.0,0
2014-07-16 11:00:00,0.0,1.0,0
2014-07-16 11:05:00,0.0,1.0,0
2014-07-16 11:10:00,0.0,1.0,0
2014-07-16 11:15:00,0.0,1.0,0
2014-07-16 11:20:00,0.0,1.0,0
2014-07-16 11:25:00,0.0,1.0,0
2014-07-16 11:30:00,0.0,1.0,0
2014-07-16 11:35:00,0.0,1.0,0
2014-07-16 11:40:00,0.0,1.0,0
2014-07-16 11:45:00,0.0,1.0,0
2014-07-16 11:50:00,0.0,1.0,0
2014-07-16 11:55:00,0.0,1.0,0
2014-07-16 12:00:00,0.0,1.0,0
2014-07-16 12:05:00,0.0,1.0,0
2014-07-16 12:10:00,0.0,1.0,0
2014-07-16 12:15:00,0.0,1.0,0
2014-07-16 12:20:00,0.0,1.0,0
2014-07-16 12:25:00,0.0,1.0,0
2014-07-16 12:30:00,0.0,1.0,0
2014-07-16 12:35:00,0.0,1.0,0
2014-07-16 12:40:00,0.0,1.0,0
2014-07-16 12:45:00,0.0,1.0,0
2014-07-16 12:50:00,0.0,1.0,0
2014-07-16 12:55:00,0.0,1.0,0
2014-07-16 13:00:00,0.0,1.0,0
2014-07-16 13:05:00,0.0,1.0,0
2014-07-16 13:10:00,0.0,1.0,0
2014-07-16 13:15:00,0.0,1.0,0
2014-07-16 13:20:00,0.0,1.0,0
2014-07-16 13:25:00,0.0,1.0,0
2014-07-16 13:30:00,0.0,1.0,0
2014-07-16 13:35:00,0.0,1.0,0
2014-07-16 13:40:00,0.0,1.0,0
2014-07-16 13:45:00,0.0,1.0,0
2014-07-16 13:50:00,0.0,1.0,0
2014-07-16 13:55:00,0.0,1.0,0
2014-07-16 14:00:00,0.0,1.0,0
2014-07-16 14:05:00,0.0,1.0,0
2014-07-16 14:10:00,0.0,1.0,0
2014-07-16 14:15:00,0.0,1.0,0
2014-07-16 14:20:00,0.0,1.0,0
2014-07-16 14:25:00,0.0,1.0,0
2014-07-16 14:30:00,0.0,1.0,0
2014-07-16 14:35:00,0.0,1.0,0
2014-07-16 14:40:00,0.0,1.0,0
2014-07-16 14:45:00,0.0,1.0,0
2014-07-16 14:50:00,0.0,1.0,0
2014-07-16 14:55:00,0.0,1.0,0
2014-07-16 15:00:00,0.0,1.0,0
2014-07-16 15:05:00,0.0,1.0,0
2014-07-16 15:10:00,0.0,1.0,0
2014-07-16 15:15:00,0.0,1.0,0
2014-07-16 15:20:00,0.0,1.0,0
2014-07-16 15:25:00,0.0,1.0,0
2014-07-16 15:30:00,0.0,1.0,0
2014-07-16 15:35:00,0.0,1.0,0
2014-07-16 15:40:00,0.0,1.0,0
2014-07-16 15:45:00,0.0,1.0,0
2014-07-16 15:50:00,0.0,1.0,0
2014-07-16 15:55:00,0.0,1.0,0
2014-07-16 16:00:00,0.0,1.0,0
2014-07-16 16:05:00,0.0,1.0,0
2014-07-16 16:10:00,0.0,1.0,0
2014-07-16 16:15:00,0.0,1.0,0
2014-07-16 16:20:00,0.0,1.0,0
2014-07-16 16:25:00,0.0,1.0,0
2014-07-16 16:30:00,0.0,1.0,0
2014-07-16 16:35:00,0.0,1.0,0
2014-07-16 16:40:00,0.0,1.0,0
2014-07-16 16:45:00,0.0,1.0,0
2014-07-16 16:50:00,0.0,1.0,0
2014-07-16 16:55:00,0.0,1.0,0
2014-07-16 17:00:00,0.0,1.0,0
2014-07-16 17:05:00,0.0,1.0,0
2014-07-16 17:10:00,0.0,1.0,0
2014-07-16 17:15:00,0.0,1.0,0
2014-07-16 17:20:00,0.0,1.0,0
2014-07-16 17:25:00,0.0,1.0,0
2014-07-16 17:30:00,0.0,1.0,0
2014-07-16 17:35:00,0.0,1.0,0
2014-07-16 17:40:00,0.0,1.0,0
2014-07-16 17:45:00,0.0,1.0,0
2014-07-16 17:50:00,0.0,1.0,0
2014-07-16 17:55:00,0.0,1.0,0
2014-07-16 18:00:00,0.0,1.0,0
2014-07-16 18:05:00,0.0,1.0,0
2014-07-16 18:10:00,0.0,1.0,0
2014-07-16 18:15:00,0.0,1.0,0
2014-07-16 18:20:00,0.0,1.0,0
2014-07-16 18:25:00,0.0,1.0,0
2014-07-16 18:30:00,0.0,1.0,0
2014-07-16 18:35:00,0.0,1.0,0
2014-07-16 18:40:00,0.117964904,1.0,0
2014-07-16 18:45:00,0.0,1.0,0
2014-07-16 18:55:00,0.103039529,1.0,0
2014-07-16 19:05:00,0.065186977,1.0,0
2014-07-16 19:10:00,0.0,1.0,0
2014-07-16 19:20:00,0.0,1.0,0
2014-07-16 19:25:00,0.0,1.0,0
2014-07-16 19:30:00,0.0,1.0,0
2014-07-16 19:35:00,0.0,1.0,0
2014-07-16 19:40:00,0.0,1.0,0
2014-07-16 19:45:00,0.0,1.0,0
2014-07-16 19:50:00,0.0,1.0,0
2014-07-16 19:55:00,0.0,1.0,0
2014-07-16 20:00:00,0.0,1.0,0
2014-07-16 20:05:00,0.0,1.0,0
2014-07-16 20:10:00,0.0,1.0,0
2014-07-16 20:15:00,0.0,1.0,0
2014-07-16 20:20:00,0.0,1.0,0
2014-07-16 20:25:00,0.0,1.0,0
2014-07-16 20:30:00,0.0,1.0,0
2014-07-16 20:35:00,0.0,1.0,0
2014-07-16 20:40:00,0.0,1.0,0
2014-07-16 20:45:00,0.0,1.0,0
2014-07-16 20:50:00,0.0,1.0,0
2014-07-16 20:55:00,0.0,1.0,0
2014-07-16 21:00:00,0.0,1.0,0
2014-07-16 21:05:00,0.0,1.0,0
2014-07-16 21:10:00,0.0,1.0,0
2014-07-16 21:15:00,0.0,1.0,0
2014-07-16 21:20:00,0.0,1.0,0
2014-07-16 21:25:00,0.0,1.0,0
2014-07-16 21:30:00,0.0,1.0,0
2014-07-16 21:35:00,0.0,1.0,0
2014-07-16 21:40:00,0.0,1.0,0
2014-07-16 21:45:00,0.0,1.0,0
2014-07-16 21:50:00,0.0,1.0,0
2014-07-16 21:55:00,0.0,1.0,0
2014-07-16 22:00:00,0.0,1.0,0
2014-07-16 22:05:00,0.0,1.0,0
2014-07-16 22:10:00,0.0,1.0,0
2014-07-16 22:15:00,0.0,1.0,0
2014-07-16 22:20:00,0.0,1.0,0
2014-07-16 22:25:00,0.0,1.0,0
2014-07-16 22:30:00,0.0,1.0,0
2014-07-16 22:35:00,0.0,1.0,0
2014-07-16 22:40:00,0.0,1.0,0
2014-07-16 22:45:00,0.0,1.0,0
2014-07-16 22:50:00,0.0,1.0,0
2014-07-16 22:55:00,0.0,1.0,0
2014-07-16 23:00:00,0.0,1.0,0
2014-07-16 23:05:00,0.0,1.0,0
2014-07-16 23:10:00,0.0,1.0,0
2014-07-16 23:15:00,0.0,1.0,0
2014-07-16 23:20:00,0.0,1.0,0
2014-07-16 23:25:00,0.0,1.0,0
2014-07-16 23:30:00,0.0,1.0,0
2014-07-16 23:35:00,0.0,1.0,0
2014-07-16 23:40:00,0.0,1.0,0
2014-07-16 23:45:00,0.0,1.0,0
2014-07-16 23:50:00,0.0,1.0,0
2014-07-16 23:55:00,0.0,1.0,0
2014-07-17 00:00:00,0.0,1.0,0
2014-07-17 00:05:00,0.0,1.0,0
2014-07-17 00:10:00,0.0,1.0,0
2014-07-17 00:15:00,0.0,1.0,0
2014-07-17 00:20:00,0.0,1.0,0
2014-07-17 00:25:00,0.0,1.0,0
2014-07-17 00:30:00,0.0,1.0,0
2014-07-17 00:35:00,0.0,1.0,0
2014-07-17 00:40:00,0.0,1.0,0
2014-07-17 00:45:00,0.0,1.0,0
2014-07-17 00:50:00,0.0,1.0,0
2014-07-17 00:55:00,0.0,1.0,0
2014-07-17 01:00:00,0.0,1.0,0
2014-07-17 01:05:00,0.0,1.0,0
2014-07-17 01:15:00,0.0,1.0,0
2014-07-17 01:20:00,0.0,1.0,0
2014-07-17 01:25:00,0.0,1.0,0
2014-07-17 01:30:00,0.0,1.0,0
2014-07-17 01:35:00,0.0,1.0,0
2014-07-17 01:40:00,0.0,1.0,0
2014-07-17 01:45:00,0.0,1.0,0
2014-07-17 01:50:00,0.0,1.0,0
2014-07-17 01:55:00,0.0,1.0,0
2014-07-17 02:00:00,0.0,1.0,0
2014-07-17 02:05:00,0.0,1.0,0
2014-07-17 02:10:00,0.0,1.0,0
2014-07-17 02:15:00,0.0,1.0,0
2014-07-17 02:20:00,0.0,1.0,0
2014-07-17 02:25:00,0.0,1.0,0
2014-07-17 02:30:00,0.0,1.0,0
2014-07-17 02:35:00,0.0,1.0,0
2014-07-17 02:40:00,0.0,1.0,0
2014-07-17 02:45:00,0.0,1.0,0
2014-07-17 02:50:00,0.0,1.0,0
2014-07-17 02:55:00,0.0,1.0,0
2014-07-17 03:00:00,0.0,1.0,0
2014-07-17 03:05:00,0.0,1.0,0
2014-07-17 03:10:00,0.0,1.0,0
2014-07-17 03:15:00,0.0,1.0,0
2014-07-17 03:20:00,0.0,1.0,0
2014-07-17 03:25:00,0.0,1.0,0
2014-07-17 03:30:00,0.0,1.0,0
2014-07-17 03:35:00,0.0,1.0,0
2014-07-17 03:40:00,0.0,1.0,0
2014-07-17 03:45:00,0.0,1.0,0
2014-07-17 03:50:00,0.0,1.0,0
2014-07-17 03:55:00,0.0,1.0,0
2014-07-17 04:00:00,0.0,1.0,0
2014-07-17 04:05:00,0.0,1.0,0
2014-07-17 04:10:00,0.0,1.0,0
2014-07-17 04:15:00,0.0,1.0,0
2014-07-17 04:20:00,0.0,1.0,0
2014-07-17 04:25:00,0.0,1.0,0
2014-07-17 04:30:00,0.0,1.0,0
2014-07-17 04:35:00,0.0,1.0,0
2014-07-17 04:40:00,0.0,1.0,0
2014-07-17 04:45:00,0.0,1.0,0
2014-07-17 04:50:00,0.0,1.0,0
2014-07-17 04:55:00,0.0,1.0,0
2014-07-17 05:00:00,0.0,1.0,0
2014-07-17 05:05:00,0.0,1.0,0
2014-07-17 05:10:00,0.0,1.0,0
2014-07-17 05:15:00,0.0,1.0,0
2014-07-17 05:20:00,0.0,1.0,0
2014-07-17 05:25:00,0.0,1.0,0
2014-07-17 05:30:00,0.0,1.0,0
2014-07-17 05:35:00,0.0,1.0,0
2014-07-17 05:40:00,0.0,1.0,0
2014-07-17 05:45:00,0.0,1.0,0
2014-07-17 05:50:00,0.0,1.0,1
2014-07-17 05:55:00,0.0,1.0,1
2014-07-17 06:00:00,0.0,1.0,1
2014-07-17 06:05:00,0.0,1.0,1
2014-07-17 06:10:00,0.0,1.0,1
2014-07-17 06:15:00,0.0,1.0,1
2014-07-17 06:20:00,0.0,1.0,1
2014-07-17 06:25:00,0.0,1.0,1
2014-07-17 06:30:00,0.0,1.0,1
2014-07-17 06:35:00,0.0,1.0,1
2014-07-17 06:40:00,0.0,1.0,1
2014-07-17 06:45:00,0.0,1.0,1
2014-07-17 06:50:00,0.0,1.0,1
2014-07-17 06:55:00,0.0,1.0,1
2014-07-17 07:00:00,0.0,1.0,1
2014-07-17 07:05:00,0.0,1.0,1
2014-07-17 07:10:00,0.0,1.0,1
2014-07-17 07:15:00,0.0,1.0,1
2014-07-17 07:20:00,0.0,1.0,1
2014-07-17 07:25:00,0.0,1.0,1
2014-07-17 07:30:00,0.0,1.0,1
2014-07-17 07:35:00,0.0,1.0,1
2014-07-17 07:40:00,0.0,1.0,1
2014-07-17 07:45:00,0.0,1.0,1
2014-07-17 07:50:00,0.0,1.0,1
2014-07-17 07:55:00,0.0,1.0,1
2014-07-17 08:00:00,0.0,1.0,1
2014-07-17 08:05:00,0.0,1.0,1
2014-07-17 08:10:00,0.0,1.0,1
2014-07-17 08:15:00,0.0,1.0,1
2014-07-17 08:20:00,0.0,1.0,1
2014-07-17 08:25:00,0.0,1.0,1
2014-07-17 08:30:00,0.077423356,1.0,1
2014-07-17 08:35:00,0.098985658,1.0,1
2014-07-17 08:40:00,0.0,1.0,1
2014-07-17 08:50:00,0.0,1.0,1
2014-07-17 08:55:00,0.0,1.0,1
2014-07-17 09:00:00,0.0,1.0,1
2014-07-17 09:05:00,0.0,1.0,1
2014-07-17 09:10:00,0.0,1.0,1
2014-07-17 09:15:00,0.0,1.0,1
2014-07-17 09:20:00,0.0,1.0,1
2014-07-17 09:25:00,0.0,1.0,1
2014-07-17 09:30:00,0.0,1.0,1
2014-07-17 09:35:00,0.0,1.0,1
2014-07-17 09:40:00,0.0,1.0,1
2014-07-17 09:45:00,0.0,1.0,1
2014-07-17 09:50:00,0.0,1.0,1
2014-07-17 09:55:00,0.0,1.0,1
2014-07-17 10:00:00,0.0,1.0,1
2014-07-17 10:05:00,0.0,1.0,1
2014-07-17 10:10:00,0.0,1.0,1
2014-07-17 10:15:00,0.0,1.0,1
2014-07-17 10:20:00,0.0,1.0,1
2014-07-17 10:25:00,0.0,1.0,1
2014-07-17 10:30:00,0.0,1.0,1
2014-07-17 10:35:00,0.0,1.0,1
2014-07-17 10:40:00,0.0,1.0,1
2014-07-17 10:45:00,0.0,1.0,1
2014-07-17 10:50:00,0.0,1.0,1
2014-07-17 10:55:00,0.0,1.0,1
2014-07-17 11:00:00,0.0,1.0,1
2014-07-17 11:05:00,0.0,1.0,1
2014-07-17 11:10:00,0.075698766,1.0,1
2014-07-17 11:15:00,0.0,1.0,1
2014-07-17 11:20:00,0.0,1.0,1
2014-07-17 11:25:00,0.0,1.0,1
2014-07-17 11:30:00,0.0,1.0,1
2014-07-17 11:35:00,0.0,1.0,1
2014-07-17 11:45:00,0.0,1.0,1
2014-07-17 11:50:00,0.0,1.0,1
2014-07-17 12:00:00,0.0,1.0,1
2014-07-17 12:05:00,0.0,1.0,1
2014-07-17 12:10:00,0.099804997,1.0,1
2014-07-17 12:15:00,0.154392838,1.0,1
2014-07-17 12:20:00,0.0,1.0,1
2014-07-17 12:25:00,0.0,1.0,1
2014-07-17 12:30:00,0.100179557,1.0,1
2014-07-17 12:35:00,0.096398302,1.0,1
2014-07-17 12:40:00,0.080038962,1.0,1
2014-07-17 12:45:00,0.145575047,1.0,1
2014-07-17 12:50:00,0.079540943,1.0,1
2014-07-17 12:55:00,0.122484446,1.0,1
2014-07-17 13:00:00,0.092316898,1.0,1
2014-07-17 13:05:00,0.181797504,1.0,1
2014-07-17 13:10:00,0.181043005,1.0,1
2014-07-17 13:15:00,0.167886972,1.0,1
2014-07-17 13:20:00,0.185409403,1.0,1
2014-07-17 13:25:00,0.160965562,1.0,1
2014-07-17 13:30:00,0.213152885,1.0,1
2014-07-17 16:30:00,0.256532192,1.0,1
2014-07-17 21:30:00,0.0,1.0,1
2014-07-18 03:30:00,0.0,1.0,1
2014-07-18 06:40:00,0.0,1.0,1
2014-07-18 06:45:00,0.0,1.0,1
2014-07-18 06:50:00,0.0,1.0,0
2014-07-18 06:55:00,0.075918346,1.0,0
2014-07-18 07:00:00,0.088902824,1.0,0
2014-07-18 07:05:00,0.0,1.0,0
2014-07-18 07:10:00,0.0,1.0,0
2014-07-18 07:15:00,0.0,1.0,0
2014-07-18 07:20:00,0.0,1.0,0
2014-07-18 07:25:00,0.0,1.0,0
2014-07-18 08:35:00,0.076298019,1.0,0
2014-07-18 08:40:00,0.078025562,1.0,0
2014-07-18 08:45:00,0.129002392,1.0,0
2014-07-18 08:50:00,0.0,1.0,0
2014-07-18 08:55:00,0.0,1.0,0
2014-07-18 09:00:00,0.0,1.0,0
2014-07-18 09:05:00,0.0,1.0,0
2014-07-18 09:10:00,0.0,1.0,0
2014-07-18 09:15:00,0.0,1.0,0
2014-07-18 09:20:00,0.0,1.0,0
2014-07-18 09:25:00,0.0,1.0,0
2014-07-18 09:30:00,0.0,1.0,0
2014-07-18 09:35:00,0.0,1.0,0
2014-07-18 09:40:00,0.0,1.0,0
2014-07-18 09:45:00,0.0,1.0,0
2014-07-18 09:50:00,0.0,1.0,0
2014-07-18 09:55:00,0.0,1.0,0
2014-07-18 10:00:00,0.0,1.0,0
2014-07-18 10:55:00,0.0,1.0,0
2014-07-18 11:00:00,0.0,1.0,0
2014-07-18 11:05:00,0.0,1.0,0
2014-07-18 11:10:00,0.0,1.0,0
2014-07-18 11:15:00,0.0,1.0,0
2014-07-18 11:20:00,0.0,1.0,0
2014-07-18 11:25:00,0.0,1.0,0
2014-07-18 11:30:00,0.0,1.0,0
2014-07-18 11:50:00,0.0,1.0,0
2014-07-18 11:55:00,0.0,1.0,0
2014-07-18 12:00:00,0.0,1.0,0
2014-07-18 12:05:00,0.0,1.0,0
2014-07-18 12:10:00,0.0,1.0,0
2014-07-18 12:15:00,0.0,1.0,0
2014-07-18 12:20:00,0.0,1.0,0
2014-07-18 12:25:00,0.0,1.0,0
2014-07-18 12:30:00,0.0,1.0,0
2014-07-18 12:35:00,0.0,1.0,0
2014-07-18 12:40:00,0.0,1.0,0
2014-07-18 12:50:00,0.0,1.0,0
2014-07-18 12:55:00,0.0,1.0,0
2014-07-18 13:00:00,0.0,1.0,0
2014-07-18 13:05:00,0.0,1.0,0
2014-07-18 13:10:00,0.0,1.0,0
2014-07-18 13:30:00,0.0,1.0,0
2014-07-20 05:35:00,0.088370199,1.0,0
2014-07-20 05:40:00,0.078759973,1.0,0
2014-07-20 05:45:00,0.083010178,1.0,0
2014-07-20 05:50:00,0.088616947,1.0,0
2014-07-20 05:55:00,0.085390379,1.0,0
2014-07-20 06:00:00,0.083756364,1.0,0
2014-07-20 06:05:00,0.125853002,1.0,0
2014-07-20 06:10:00,0.086653279,1.0,0
2014-07-20 06:15:00,0.064589664,1.0,0
2014-07-20 06:20:00,0.081922395,1.0,0
2014-07-20 06:25:00,0.081532863,1.0,0
2014-07-20 06:30:00,0.079646328,1.0,0
2014-07-20 06:35:00,0.090795596,1.0,0
2014-07-20 06:40:00,0.075009891,1.0,0
2014-07-20 06:45:00,0.083280383,1.0,0
2014-07-20 06:50:00,0.067865371,1.0,0
2014-07-20 06:55:00,0.071016709,1.0,0
2014-07-20 07:00:00,0.065320139,1.0,0
2014-07-20 07:05:00,0.081546221,1.0,0
2014-07-20 07:10:00,0.083857194,1.0,0
2014-07-20 07:15:00,0.089255643,1.0,0
2014-07-20 07:20:00,0.06688303,1.0,0
2014-07-20 07:25:00,0.064959883,1.0,0
2014-07-20 07:30:00,0.06097663,1.0,0
2014-07-20 07:35:00,0.059792013,1.0,0
2014-07-20 07:40:00,0.078348523,1.0,0
2014-07-20 07:45:00,0.077374113,1.0,0
2014-07-20 07:50:00,0.079664009,1.0,0
2014-07-20 07:55:00,0.087771093,1.0,0
2014-07-20 08:00:00,0.076440345,1.0,0
2014-07-20 08:05:00,0.082591134,1.0,0
2014-07-20 08:10:00,0.07116006,1.0,0
2014-07-20 08:15:00,0.091661677,1.0,0
2014-07-20 08:20:00,0.084915466,1.0,0
2014-07-20 08:25:00,0.081899181,1.0,0
2014-07-20 08:30:00,0.082369635,1.0,0
2014-07-20 08:35:00,0.087235705,1.0,0
2014-07-21 11:20:00,0.071238098,1.0,0
2014-07-21 11:25:00,0.086916148,1.0,0
2014-07-21 11:30:00,0.073151928,1.0,0
2014-07-21 11:35:00,0.075275989,1.0,0
2014-07-21 11:40:00,0.079913506,1.0,0
2014-07-21 11:45:00,0.079200711,1.0,0
2014-07-21 11:50:00,0.102046473,1.0,0
2014-07-21 11:55:00,0.072009265,1.0,0
2014-07-21 12:00:00,0.0,1.0,0
2014-07-21 12:05:00,0.093747727,1.0,0
2014-07-21 12:10:00,0.071929527,1.0,0
2014-07-21 12:15:00,0.092240284,1.0,0
2014-07-21 12:20:00,0.086075517,1.0,0
2014-07-21 12:25:00,0.103967011,1.0,0
2014-07-21 12:30:00,0.0,1.0,0
2014-07-21 12:35:00,0.0,1.0,0
2014-07-21 12:40:00,0.0,1.0,0
2014-07-21 12:45:00,0.086884194,1.0,0
2014-07-21 12:50:00,0.117275238,1.0,0
2014-07-21 12:55:00,0.0,1.0,0
2014-07-21 13:00:00,0.0,1.0,0
2014-07-21 13:20:00,0.081546437,1.0,0
2014-07-21 13:25:00,0.0,1.0,0
2014-07-21 13:30:00,0.0,1.0,0
2014-07-21 13:35:00,0.0,1.0,0
2014-07-21 13:40:00,0.0,1.0,0
2014-07-22 02:00:00,0.082676935,1.0,0
2014-07-22 02:05:00,0.072176677,1.0,0
2014-07-22 02:10:00,0.1026359,1.0,0
2014-07-22 02:15:00,0.068788141,1.0,0
2014-07-22 02:20:00,0.076415445,1.0,0
2014-07-22 02:25:00,0.069610348,1.0,0
2014-07-22 02:30:00,0.074864876,1.0,0
2014-07-22 02:35:00,0.063544522,1.0,0
2014-07-22 02:40:00,0.099381566,1.0,0
2014-07-22 02:45:00,0.0,1.0,0
2014-07-22 02:50:00,0.066098839,1.0,0
2014-07-22 02:55:00,0.077184598,1.0,0
2014-07-22 03:00:00,0.067246207,1.0,0
2014-07-22 03:05:00,0.0,1.0,0
2014-07-22 03:10:00,0.07331007,1.0,0
2014-07-22 03:15:00,0.078239918,1.0,0
2014-07-22 03:20:00,0.074598854,1.0,0
2014-07-22 03:25:00,0.074727423,1.0,0
2014-07-22 03:30:00,0.106285294,1.0,0
2014-07-22 03:35:00,0.071302036,1.0,0
2014-07-22 03:40:00,0.069261506,1.0,0
2014-07-22 03:45:00,0.071043954,1.0,0
2014-07-22 03:50:00,0.07251629,1.0,0
2014-07-22 03:55:00,0.081079956,1.0,0
2014-07-22 04:00:00,0.072769252,1.0,0
2014-07-22 04:35:00,0.086065877,1.0,0
2014-07-22 04:40:00,0.083973031,1.0,0
2014-07-22 04:45:00,0.080356677,1.0,0
2014-07-22 04:50:00,0.087925255,1.0,0
2014-07-22 04:55:00,0.079779863,1.0,0
2014-07-22 05:00:00,0.0,1.0,0
2014-07-22 05:05:00,0.0,1.0,0
2014-07-22 05:10:00,0.087990178,1.0,0
2014-07-22 05:15:00,0.084475369,1.0,0
2014-07-22 05:20:00,0.105537585,1.0,0
2014-07-22 05:25:00,0.083881527,1.0,0
2014-07-22 05:30:00,0.087496805,1.0,0
2014-07-22 05:35:00,0.073710733,1.0,0
2014-07-22 05:40:00,0.066292941,1.0,0
2014-07-22 05:45:00,0.06467717,1.0,0
2014-07-22 05:50:00,0.070625947,1.0,0
2014-07-22 05:55:00,0.069643898,1.0,0
2014-07-22 06:00:00,0.066808108,1.0,0
2014-07-22 06:05:00,0.074006823,1.0,0
2014-07-22 06:10:00,0.09600998,1.0,0
2014-07-22 06:15:00,0.070130505,1.0,0
2014-07-22 06:20:00,0.087109518,1.0,0
2014-07-22 06:25:00,0.067063945,1.0,0
2014-07-22 06:30:00,0.089206405,1.0,0
2014-07-22 06:35:00,0.062315247,1.0,0
2014-07-22 06:40:00,0.071898393,1.0,0
2014-07-22 06:45:00,0.081883682,1.0,0
2014-07-22 06:50:00,0.077740383,1.0,0
2014-07-22 06:55:00,0.101794004,1.0,0
2014-07-22 07:00:00,0.075867248,1.0,0
2014-07-22 07:05:00,0.078512921,1.0,0
2014-07-22 07:10:00,0.087242691,1.0,0
2014-07-22 07:15:00,0.068022267,1.0,0
2014-07-22 07:20:00,0.065473058,1.0,0
2014-07-22 07:25:00,0.071137232,1.0,0
2014-07-22 07:30:00,0.091192008,1.0,0
2014-07-22 07:35:00,0.083842861,1.0,0
2014-07-22 07:40:00,0.084881976,1.0,0
2014-07-22 07:45:00,0.069177867,1.0,0
2014-07-22 07:50:00,0.065212768,1.0,0
2014-07-22 07:55:00,0.06537169,1.0,0
2014-07-22 08:00:00,0.0,1.0,0
2014-07-22 08:05:00,0.0,1.0,0
2014-07-22 08:15:00,0.066673024,1.0,0
2014-07-22 08:20:00,0.081489706,1.0,0
2014-07-22 08:25:00,0.087758636,1.0,0
2014-07-22 08:30:00,0.076958272,1.0,0
2014-07-22 08:35:00,0.081872515,1.0,0
2014-07-22 08:40:00,0.067498434,1.0,0
2014-07-22 08:45:00,0.077520247,1.0,0
2014-07-22 08:50:00,0.07340019,1.0,0
2014-07-22 08:55:00,0.077518924,1.0,0
2014-07-22 09:00:00,0.077860681,1.0,0
2014-07-22 09:05:00,0.081376882,1.0,0
2014-07-22 09:10:00,0.078736668,1.0,0
2014-07-22 09:15:00,0.081914268,1.0,0
2014-07-22 09:20:00,0.084949445,1.0,0
2014-07-22 09:25:00,0.085251038,1.0,0
2014-07-22 09:30:00,0.087944,1.0,0
2014-07-22 09:35:00,0.087185803,1.0,0
2014-07-22 09:40:00,0.08670235,1.0,0
2014-07-22 09:45:00,0.079396967,1.0,0
2014-07-22 09:50:00,0.064100263,1.0,0
2014-07-22 09:55:00,0.0,1.0,0
2014-07-22 10:00:00,0.0,1.0,0
2014-07-22 10:05:00,0.0,1.0,0
2014-07-22 10:10:00,0.0,1.0,0
2014-07-22 10:15:00,0.075937231,1.0,0
2014-07-22 10:20:00,0.063441813,1.0,0
2014-07-22 10:25:00,0.088864777,1.0,0
2014-07-22 10:30:00,0.0,1.0,0
2014-07-22 10:35:00,0.0,1.0,0
2014-07-22 10:40:00,0.0,1.0,0
2014-07-22 10:45:00,0.0,1.0,0
2014-07-22 10:50:00,0.0,1.0,0
2014-07-22 10:55:00,0.0,1.0,0
2014-07-22 11:00:00,0.066337222,1.0,0
2014-07-22 11:05:00,0.082180786,1.0,0
2014-07-22 11:10:00,0.0,1.0,0
2014-07-22 11:20:00,0.082968481,1.0,0
2014-07-22 11:25:00,0.094356045,1.0,0
2014-07-22 11:30:00,0.089771748,1.0,0
2014-07-22 11:35:00,0.095347788,1.0,0
2014-07-22 11:40:00,0.088703532,1.0,0
2014-07-22 11:45:00,0.079930566,1.0,0
2014-07-22 11:50:00,0.099499519,1.0,0
2014-07-22 11:55:00,0.093424884,1.0,0
2014-07-22 12:00:00,0.078719417,1.0,0
2014-07-22 12:05:00,0.074829279,1.0,0
2014-07-22 12:10:00,0.075621686,1.0,0
2014-07-22 12:15:00,0.081784352,1.0,0
2014-07-22 12:20:00,0.080311402,1.0,0
2014-07-22 12:25:00,0.094215231,1.0,0
2014-07-22 12:30:00,0.098539943,1.0,0
2014-07-22 12:35:00,0.063090687,1.0,0
2014-07-22 12:40:00,0.349751279,1.0,0
2014-07-23 07:20:00,0.078692155,1.0,0
2014-07-23 07:25:00,0.0,1.0,0
2014-07-23 07:30:00,0.097602643,1.0,0
2014-07-23 07:35:00,0.079580865,1.0,0
2014-07-23 07:40:00,0.076324244,1.0,0
2014-07-23 07:45:00,0.084324257,1.0,0
2014-07-23 07:50:00,0.065346726,1.0,0
2014-07-23 07:55:00,0.064352295,1.0,0
2014-07-23 08:00:00,0.061049436,1.0,0
2014-07-23 08:05:00,0.060983534,1.0,0
2014-07-23 08:10:00,0.062208184,1.0,0
2014-07-23 08:15:00,0.065034564,1.0,0
2014-07-23 08:20:00,0.072705949,1.0,0
2014-07-23 08:25:00,0.066192,1.0,0
2014-07-23 08:30:00,0.064102241,1.0,0
2014-07-23 08:35:00,0.067706804,1.0,0
2014-07-23 08:40:00,0.061213848,1.0,0
2014-07-23 08:45:00,0.0636799,1.0,0
2014-07-23 08:50:00,0.069782054,1.0,0
2014-07-23 08:55:00,0.066042146,1.0,0
2014-07-23 09:05:00,0.083272074,1.0,0
2014-07-23 09:10:00,0.069869126,1.0,0
2014-07-23 09:15:00,0.089911461,1.0,0
2014-07-23 09:20:00,0.0,1.0,0
2014-07-23 09:25:00,0.0,1.0,0
2014-07-23 09:30:00,0.0,1.0,0
2014-07-23 09:35:00,0.0,1.0,0
2014-07-23 09:40:00,0.0,1.0,0
2014-07-23 09:45:00,0.0,1.0,0
2014-07-23 09:50:00,0.0,1.0,0
2014-07-23 09:55:00,0.0,1.0,0
2014-07-23 10:05:00,0.0,1.0,0
2014-07-23 10:10:00,0.070423741,1.0,0
2014-07-23 10:15:00,0.073670626,1.0,0
2014-07-23 10:20:00,0.0,1.0,0
2014-07-23 10:25:00,0.066148576,1.0,0
2014-07-23 10:30:00,0.067378998,1.0,0
2014-07-23 10:35:00,0.059605674,1.0,0
2014-07-23 10:40:00,0.064556568,1.0,0
2014-07-23 10:45:00,0.064033921,1.0,0
2014-07-23 10:50:00,0.076436295,1.0,0
2014-07-23 10:55:00,0.068352964,1.0,0
2014-07-23 11:00:00,0.087604841,1.0,0
2014-07-23 11:05:00,0.065447872,1.0,0
2014-07-23 11:10:00,0.068623924,1.0,0
2014-07-23 11:15:00,0.073543434,1.0,0
2014-07-23 11:20:00,0.078354799,1.0,0
2014-07-23 11:25:00,0.073093331,1.0,0
2014-07-23 11:30:00,0.061083667,1.0,0
2014-07-23 11:35:00,0.076646452,1.0,0
2014-07-23 11:40:00,0.068090503,1.0,0
2014-07-23 11:45:00,0.081139378,1.0,0
2014-07-23 11:50:00,0.895012153,1.0,0
2014-07-23 11:55:00,0.084473344,1.0,0
2014-07-23 12:00:00,0.069972732,1.0,0
2014-07-23 12:05:00,0.076445091,1.0,0
2014-07-23 12:10:00,0.082791699,1.0,0
2014-07-23 12:15:00,0.096352205,1.0,0
2014-07-23 12:20:00,0.077908076,1.0,0
2014-07-23 12:25:00,0.075705942,1.0,0
2014-07-23 12:30:00,0.072193476,1.0,0
2014-07-23 12:35:00,0.064731841,1.0,0
2014-07-23 12:40:00,0.076889346,1.0,0
2014-07-23 12:45:00,0.06270653,1.0,0
2014-07-23 12:50:00,0.065782364,1.0,0
2014-07-23 12:55:00,0.070512584,1.0,0
2014-07-23 13:00:00,0.065273208,1.0,0
2014-07-23 13:05:00,0.063916911,1.0,0
2014-07-23 13:10:00,0.062644989,1.0,0
2014-07-23 13:15:00,0.066731398,1.0,0
2014-07-23 13:20:00,0.063483177,1.0,0
2014-07-23 13:25:00,0.073762227,1.0,0
2014-07-23 13:30:00,0.09574565,1.0,0
2014-07-23 13:35:00,0.063987507,1.0,0
2014-07-23 13:40:00,0.0,1.0,0
2014-07-23 13:45:00,0.061681696,1.0,0
2014-07-23 13:50:00,0.067545557,1.0,0
2014-07-23 13:55:00,0.36199113,1.0,0
2014-07-23 14:00:00,0.067899971,1.0,0
2014-07-23 14:05:00,0.068097341,1.0,0
2014-07-23 14:10:00,0.068052681,1.0,0
2014-07-23 14:15:00,0.067784277,1.0,0
2014-07-23 14:20:00,0.071647039,1.0,0
2014-07-23 14:25:00,0.072229549,1.0,0
2014-07-23 14:30:00,0.071906585,1.0,0
2014-07-23 14:35:00,0.067114268,1.0,0
2014-07-23 14:40:00,0.099018082,1.0,0
2014-07-23 14:45:00,0.610788546,1.0,0
2014-07-23 14:50:00,0.073930318,1.0,0
2014-07-23 14:55:00,0.0,1.0,0
2014-07-23 15:00:00,0.071690316,1.0,0
2014-07-23 15:05:00,0.077011813,1.0,0
2014-07-23 15:10:00,0.067765429,1.0,0
2014-07-23 15:15:00,0.072177464,1.0,0
2014-07-23 15:20:00,0.067513486,1.0,0
2014-07-23 15:25:00,0.064085774,1.0,0
2014-07-23 15:30:00,0.062609541,1.0,0
2014-07-23 15:35:00,0.061791321,1.0,0
2014-07-23 16:50:00,0.072957139,1.0,0
2014-07-23 16:55:00,0.070637001,1.0,0
2014-07-23 17:00:00,0.075139932,1.0,0
2014-07-23 17:05:00,0.088852105,1.0,0
2014-07-23 17:10:00,0.082308069,1.0,0
2014-07-23 17:15:00,0.074726225,1.0,0
2014-07-23 17:20:00,0.079228689,1.0,0
2014-07-23 17:25:00,0.067461448,1.0,0
2014-07-23 17:30:00,0.07496677,1.0,0
2014-07-23 17:35:00,0.076553275,1.0,0
2014-07-23 17:40:00,0.064552832,1.0,0
2014-07-23 17:45:00,0.068947534,1.0,0
2014-07-23 17:50:00,0.067166564,1.0,0
2014-07-23 17:55:00,0.07933624,1.0,0
2014-07-23 18:00:00,0.074044645,1.0,0
2014-07-23 18:05:00,0.0,1.0,0
2014-07-23 18:10:00,0.0,1.0,0
2014-07-23 18:15:00,0.065402345,1.0,0
2014-07-23 18:20:00,0.092749881,1.0,0
2014-07-23 18:25:00,0.096656305,1.0,0
2014-07-23 18:30:00,0.098988258,1.0,0
2014-07-23 18:35:00,0.101811358,1.0,0
2014-07-23 18:40:00,0.093130313,1.0,0
2014-07-23 18:45:00,0.092407793,1.0,0
2014-07-23 18:50:00,0.0,1.0,0
2014-07-23 18:55:00,0.061650065,1.0,0
2014-07-23 19:15:00,0.0,1.0,0
2014-07-23 19:20:00,0.092823676,1.0,0
2014-07-23 19:25:00,0.074424922,1.0,0
2014-07-23 19:30:00,0.0,1.0,0
2014-07-23 19:35:00,0.072267516,1.0,0
2014-07-23 19:40:00,0.0,1.0,0
2014-07-23 19:45:00,0.0,1.0,0
2014-07-23 19:50:00,0.0,1.0,0
2014-07-23 19:55:00,0.088303709,1.0,0
2014-07-23 20:00:00,0.063548088,1.0,0
2014-07-23 20:05:00,0.0,1.0,0
2014-07-23 20:10:00,0.0,1.0,0
2014-07-23 20:15:00,0.0,1.0,0
2014-07-23 20:20:00,0.0,1.0,0
2014-07-24 05:55:00,0.063136461,1.0,0
2014-07-24 06:00:00,0.072994453,1.0,0
2014-07-24 06:05:00,0.07012359,1.0,0
2014-07-24 06:10:00,0.108550088,1.0,0
2014-07-24 06:15:00,0.0,1.0,0
2014-07-24 06:25:00,0.069650797,1.0,0
2014-07-24 06:30:00,0.094860491,1.0,0
2014-07-24 06:35:00,0.065317447,1.0,0
2014-07-24 06:40:00,0.09187328,1.0,0
2014-07-24 06:45:00,0.101925869,1.0,0
2014-07-24 06:50:00,0.104564421,1.0,0
2014-07-24 06:55:00,0.080665497,1.0,0
2014-07-24 07:00:00,0.101051966,1.0,0
2014-07-24 07:05:00,0.0,1.0,0
2014-07-24 07:10:00,0.0,1.0,0
2014-07-24 07:15:00,0.074737694,1.0,0
2014-07-24 07:20:00,0.069878197,1.0,0
2014-07-24 08:45:00,0.0,1.0,0
2014-07-24 08:50:00,0.0,1.0,0
2014-07-24 08:55:00,0.0,1.0,0
2014-07-24 09:00:00,0.0,1.0,0
2014-07-24 09:05:00,0.0,1.0,0
2014-07-24 09:10:00,0.0,1.0,0
2014-07-24 09:15:00,0.0,1.0,0
2014-07-24 09:20:00,0.0,1.0,0
2014-07-24 09:25:00,0.0,1.0,0
2014-07-24 09:30:00,0.0,1.0,0
2014-07-24 09:35:00,0.0,1.0,0
2014-07-24 09:40:00,0.0,1.0,0
2014-07-24 09:45:00,0.062455331,1.0,0
2014-07-24 09:50:00,0.070857845,1.0,0
2014-07-24 09:55:00,0.068090968,1.0,0
2014-07-24 10:00:00,0.079217003,1.0,0
2014-07-24 10:05:00,0.057993155,1.0,0
2014-07-24 10:10:00,0.06279552,1.0,0
2014-07-24 10:15:00,0.063083849,1.0,0
2014-07-24 10:20:00,0.064707347,1.0,0
2014-07-24 10:25:00,0.061793969,1.0,0
2014-07-24 10:30:00,0.057134586,1.0,0
2014-07-24 10:35:00,0.066382056,1.0,0
2014-07-24 10:40:00,0.065702486,1.0,0
2014-07-24 10:45:00,0.075837884,1.0,0
2014-07-24 10:50:00,0.071324852,1.0,0
2014-07-24 10:55:00,0.072924837,1.0,0
2014-07-24 11:00:00,0.068822214,1.0,0
2014-07-24 11:05:00,0.067517329,1.0,0
2014-07-24 11:10:00,0.072035726,1.0,0
2014-07-24 11:15:00,0.069037403,1.0,0
2014-07-24 11:20:00,0.064108242,1.0,0
2014-07-24 11:25:00,0.060951365,1.0,0
2014-07-24 11:30:00,0.067261475,1.0,0
2014-07-24 11:35:00,0.063995,1.0,0
2014-07-24 11:40:00,0.114735047,1.0,0
2014-07-24 11:45:00,0.0,1.0,0
2014-07-24 11:50:00,0.062882542,1.0,0
2014-07-24 11:55:00,0.077318974,1.0,0
2014-07-24 12:00:00,0.069855268,1.0,0
2014-07-24 12:05:00,0.055725676,1.0,0
2014-07-24 12:10:00,0.093738198,1.0,0
2014-07-24 12:20:00,0.068159761,1.0,0
2014-07-24 12:25:00,0.076422071,1.0,0
2014-07-24 12:30:00,0.075878882,1.0,0
2014-07-24 12:35:00,0.071253913,1.0,0
2014-07-24 12:40:00,0.077756844,1.0,0
2014-07-24 12:45:00,0.063601707,1.0,0
2014-07-24 12:50:00,0.10324349,1.0,0
2014-07-24 12:55:00,0.059044135,1.0,0
2014-07-24 13:00:00,0.065392214,1.0,0
2014-07-24 13:05:00,0.074960282,1.0,0
2014-07-24 13:10:00,0.085893458,1.0,0
2014-07-24 13:15:00,0.084598799,1.0,0
2014-07-24 13:20:00,0.063798883,1.0,0
2014-07-24 13:25:00,0.068831275,1.0,0
2014-07-24 13:30:00,0.524246935,1.0,0
2014-07-24 13:35:00,0.087101771,1.0,0
2014-07-24 13:40:00,0.065787391,1.0,0
2014-07-24 13:45:00,0.06919821,1.0,0
2014-07-24 13:50:00,0.070659543,1.0,0
2014-07-24 13:55:00,0.06117666,1.0,0
2014-07-24 14:00:00,0.078157515,1.0,0
2014-07-24 14:05:00,0.067612386,1.0,0
2014-07-24 14:10:00,0.089919632,1.0,0
2014-07-24 14:15:00,0.097439289,1.0,0
2014-07-24 14:20:00,0.066014404,1.0,0
2014-07-24 14:25:00,0.085737173,1.0,0
2014-07-24 14:30:00,0.064890599,1.0,0
2014-07-24 14:35:00,0.06850619,1.0,0
2014-07-24 14:40:00,0.06691381,1.0,0
2014-07-24 14:45:00,0.062846575,1.0,0
2014-07-24 14:50:00,0.074442913,1.0,0
2014-07-24 14:55:00,0.085791861,1.0,0
2014-07-24 15:00:00,0.066712354,1.0,0
2014-07-24 15:05:00,0.071112197,1.0,0
2014-07-24 15:10:00,0.060056244,1.0,0
2014-07-24 15:15:00,0.070031968,1.0,0
2014-07-24 15:20:00,0.095845057,1.0,0
2014-07-24 15:25:00,0.066195699,1.0,0
2014-07-24 15:30:00,0.081358772,1.0,0
2014-07-24 15:35:00,0.068662967,1.0,0
2014-07-24 15:40:00,0.108670118,1.0,0
2014-07-24 15:45:00,0.091656786,1.0,0
2014-07-24 15:50:00,0.099634248,1.0,0
2014-07-24 15:55:00,0.118563,1.0,0
2014-07-24 16:00:00,0.058717608,1.0,0
2014-07-24 16:05:00,0.0,1.0,0
2014-07-24 16:10:00,0.0,1.0,0
2014-07-24 16:15:00,0.0,1.0,0
2014-07-24 18:45:00,0.0,1.0,0
2014-07-24 18:50:00,0.0,1.0,0
2014-07-24 18:55:00,0.060939679,1.0,0
2014-07-24 19:00:00,0.073384077,1.0,0
2014-07-24 19:05:00,0.0,1.0,0
2014-07-24 19:10:00,0.0,1.0,0
2014-07-24 19:15:00,0.0,1.0,0
2014-07-24 19:20:00,0.066576387,1.0,0
2014-07-24 19:25:00,0.06964247,1.0,0
2014-07-24 19:30:00,0.063509709,1.0,0
2014-07-24 19:35:00,0.064484306,1.0,0
2014-07-24 19:40:00,0.061242839,1.0,0
2014-07-24 19:45:00,0.064032585,1.0,0
2014-07-25 04:25:00,0.067142889,1.0,0
2014-07-25 04:35:00,0.068054505,1.0,0
2014-07-25 04:40:00,0.066956947,1.0,0
2014-07-25 04:45:00,0.068474389,1.0,0
2014-07-25 04:50:00,0.092548565,1.0,0
2014-07-25 04:55:00,0.069871811,1.0,0
2014-07-25 05:00:00,0.072714345,1.0,0
2014-07-25 05:05:00,0.07117198,1.0,0
2014-07-25 05:10:00,0.074895181,1.0,0
2014-07-25 05:15:00,0.083711314,1.0,0
2014-07-25 05:20:00,0.072403453,1.0,0
2014-07-25 05:25:00,0.080385259,1.0,0
2014-07-25 05:30:00,0.078046892,1.0,0
2014-07-25 05:35:00,0.078197638,1.0,0
2014-07-25 05:40:00,0.077526719,1.0,0
2014-07-25 05:45:00,0.075176188,1.0,0
2014-07-25 05:50:00,0.077734212,1.0,0
2014-07-25 05:55:00,0.066790509,1.0,0
2014-07-25 06:00:00,0.073448632,1.0,0
2014-07-25 06:05:00,0.078631616,1.0,0
2014-07-25 06:10:00,0.078642825,1.0,0
2014-07-25 06:15:00,0.071975314,1.0,0
2014-07-25 06:20:00,0.068929185,1.0,0
2014-07-25 06:25:00,0.068208364,1.0,0
2014-07-25 06:30:00,0.065265704,1.0,0
2014-07-25 06:35:00,0.065391185,1.0,0
2014-07-25 06:40:00,0.321492891,1.0,0
2014-07-25 06:45:00,0.093553322,1.0,0
2014-07-25 06:50:00,0.089042572,1.0,0
2014-07-25 06:55:00,0.075370373,1.0,0
2014-07-25 07:00:00,0.080041643,1.0,0
2014-07-25 07:05:00,0.073008225,1.0,0
2014-07-25 07:10:00,0.080206812,1.0,0
2014-07-25 07:15:00,0.0,1.0,0
2014-07-25 07:20:00,0.0,1.0,0
2014-07-25 07:25:00,0.0,1.0,0
2014-07-25 07:30:00,0.0,1.0,0
2014-07-25 07:35:00,0.0,1.0,0
2014-07-25 07:40:00,0.0,1.0,0
2014-07-25 07:45:00,0.0,1.0,0
2014-07-25 07:50:00,0.0,1.0,0
2014-07-25 07:55:00,0.078838386,1.0,0
2014-07-25 08:00:00,0.099511194,1.0,0
2014-07-25 08:05:00,0.09507214,1.0,0
2014-07-25 08:10:00,0.07767202,1.0,0
2014-07-25 08:15:00,0.074637525,1.0,0
2014-07-25 08:20:00,0.070592141,1.0,0
2014-07-25 08:25:00,0.065133319,1.0,0
2014-07-25 08:30:00,0.069692447,1.0,0
2014-07-25 08:35:00,0.094646682,1.0,0
2014-07-25 08:40:00,0.0,1.0,0
2014-07-25 08:45:00,0.08524335,1.0,0
2014-07-25 08:50:00,0.077485182,1.0,0
2014-07-25 08:55:00,0.0,1.0,0
