timestamp,value,anomaly_score,label,S(t)_reward_low_FP_rate,S(t)_reward_low_FN_rate,S(t)_standard
2015-09-08 11:39:00,73,0.0,0,0.0,0.0,0.0
2015-09-08 11:44:00,62,1.0,0,0.0,0.0,0.0
2015-09-08 11:59:00,66,0.607468565726,0,0.0,0.0,0.0
2015-09-08 12:19:00,69,0.670010205067,0,0.0,0.0,0.0
2015-09-08 12:24:00,65,0.732428273801,0,0.0,0.0,0.0
2015-09-08 12:27:00,76,0.991921534369,0,0.0,0.0,0.0
2015-09-08 12:32:00,65,0.76764895003,0,0.0,0.0,0.0
2015-09-08 12:46:00,62,0.904032549238,0,0.0,0.0,0.0
2015-09-08 12:51:00,61,0.906490564606,0,0.0,0.0,0.0
2015-09-08 13:01:00,65,0.625076556718,0,0.0,0.0,0.0
2015-09-08 13:21:00,68,0.634556876563,0,0.0,0.0,0.0
2015-09-08 13:26:00,66,0.548677868807,0,0.0,0.0,0.0
2015-09-08 13:31:00,67,0.546586276605,0,0.0,0.0,0.0
2015-09-08 13:36:00,65,0.646033779104,0,0.0,0.0,0.0
2015-09-08 13:41:00,67,0.557125092285,0,0.0,0.0,0.0
2015-09-08 13:46:00,67,0.555163004134,0,0.0,0.0,0.0
2015-09-08 13:56:00,69,0.748939439887,0,0.0,0.0,0.0
2015-09-08 14:11:00,68,0.644133111076,0,0.0,0.0,0.0
2015-09-08 14:16:00,68,0.639739569524,0,0.0,0.0,0.0
2015-09-08 14:21:00,67,0.524064412712,0,0.0,0.0,0.0
2015-09-08 14:46:00,66,0.593009769792,0,0.0,0.0,0.0
2015-09-08 14:51:00,68,0.645294544872,0,0.0,0.0,0.0
2015-09-08 15:16:00,69,0.748582469264,0,0.0,0.0,0.0
2015-09-08 15:21:00,65,0.724051729456,0,0.0,0.0,0.0
2015-09-08 15:26:00,70,0.841010070101,0,0.0,0.0,0.0
2015-09-08 15:29:00,66,0.619054100465,0,0.0,0.0,0.0
2015-09-08 15:41:00,65,0.731678185788,0,0.0,0.0,0.0
2015-09-08 16:15:00,64,0.82309899758,0,0.0,0.0,0.0
2015-09-08 16:31:00,66,0.596616838689,0,0.0,0.0,0.0
2015-09-08 16:36:00,69,0.774753619938,0,0.0,0.0,0.0
2015-09-08 16:41:00,64,0.825212596938,0,0.0,0.0,0.0
2015-09-08 16:56:00,69,0.77847145216,0,0.0,0.0,0.0
2015-09-08 17:11:00,65,0.725946526011,0,0.0,0.0,0.0
2015-09-08 17:16:00,68,0.667647898507,0,0.0,0.0,0.0
2015-09-08 17:21:00,67,0.532323046022,0,0.0,0.0,0.0
2015-09-08 17:26:00,69,0.782121091577,0,0.0,0.0,0.0
2015-09-08 17:31:00,66,0.615279125407,0,0.0,0.0,0.0
2015-09-08 17:36:00,69,0.782219704445,0,0.0,0.0,0.0
2015-09-08 17:41:00,66,0.622090182126,0,0.0,0.0,0.0
2015-09-08 17:46:00,65,0.748222594523,0,0.0,0.0,0.0
2015-09-08 17:51:00,66,0.614827689341,0,0.0,0.0,0.0
2015-09-08 17:56:00,65,0.744441020225,0,0.0,0.0,0.0
2015-09-08 17:57:00,64,0.845551633932,0,0.0,0.0,0.0
2015-09-08 18:36:00,70,0.891715094299,0,0.0,0.0,0.0
2015-09-08 18:46:00,69,0.797127433288,0,0.0,0.0,0.0
2015-09-08 18:51:00,66,0.616644932015,0,0.0,0.0,0.0
2015-09-08 18:56:00,68,0.675813510351,0,0.0,0.0,0.0
2015-09-08 19:06:00,71,0.943354031238,0,0.0,0.0,0.0
2015-09-08 20:11:00,63,0.926477454292,0,0.0,0.0,0.0
2015-09-08 20:31:00,67,0.526962571947,0,0.0,0.0,0.0
2015-09-08 20:41:00,62,0.96350353401,0,0.0,0.0,0.0
2015-09-08 20:51:00,64,0.839659600487,0,0.0,0.0,0.0
2015-09-08 21:01:00,59,0.997418188297,0,0.0,0.0,0.0
2015-09-08 21:06:00,65,0.700193387185,0,0.0,0.0,0.0
2015-09-08 21:31:00,58,0.998356771949,0,0.0,0.0,0.0
2015-09-08 21:41:00,64,0.776675134668,0,0.0,0.0,0.0
2015-09-08 22:31:00,63,0.859044454086,0,0.0,0.0,0.0
2015-09-08 22:41:00,66,0.531843523122,0,0.0,0.0,0.0
2015-09-08 23:16:00,66,0.531566661339,0,0.0,0.0,0.0
2015-09-08 23:31:00,60,0.980501844966,0,0.0,0.0,0.0
2015-09-09 00:06:00,57,0.998387236508,0,0.0,0.0,0.0
2015-09-09 01:16:00,58,0.992429643148,0,0.0,0.0,0.0
2015-09-09 07:34:00,69,0.821697748662,0,0.0,0.0,0.0
2015-09-09 09:20:00,70,0.88529625456,0,0.0,0.0,0.0
2015-09-09 09:58:00,66,0.503646795178,0,0.0,0.0,0.0
2015-09-09 10:23:00,68,0.725302056649,0,0.0,0.0,0.0
2015-09-09 10:33:00,65,0.616481637564,0,0.0,0.0,0.0
2015-09-09 10:38:00,68,0.726093238897,0,0.0,0.0,0.0
2015-09-09 10:43:00,68,0.724086793001,0,0.0,0.0,0.0
2015-09-09 10:48:00,70,0.883265373839,0,0.0,0.0,0.0
2015-09-09 10:53:00,67,0.606518676565,0,0.0,0.0,0.0
2015-09-09 11:03:00,73,0.981320202852,0,0.0,0.0,0.0
2015-09-09 11:08:00,77,0.999289240154,0,0.0,0.0,0.0
2015-09-09 11:13:00,75,0.992033233487,0,0.0,0.0,0.0
2015-09-09 11:18:00,71,0.889503475926,0,0.0,0.0,0.0
2015-09-09 11:23:00,73,0.959309928276,0,0.0,0.0,0.0
2015-09-09 11:43:00,68,0.643388415239,0,0.0,0.0,0.0
2015-09-09 11:48:00,58,0.989569883703,0,0.0,0.0,0.0
2015-09-09 12:03:00,65,0.654472849554,0,0.0,0.0,0.0
2015-09-09 12:13:00,65,0.653396683065,0,0.0,0.0,0.0
2015-09-09 12:33:00,65,0.652342675201,0,0.0,0.0,0.0
2015-09-09 12:48:00,66,0.549411136778,0,0.0,0.0,0.0
2015-09-09 13:08:00,74,0.977620731493,0,0.0,0.0,0.0
2015-09-09 13:33:00,64,0.748020792759,0,0.0,0.0,0.0
2015-09-09 13:38:00,68,0.650812559755,0,0.0,0.0,0.0
2015-09-09 13:43:00,65,0.657855221266,0,0.0,0.0,0.0
2015-09-09 13:48:00,69,0.744298315962,0,0.0,0.0,0.0
2015-09-09 13:53:00,70,0.820497823671,0,0.0,0.0,0.0
2015-09-09 13:58:00,64,0.754858354372,0,0.0,0.0,0.0
2015-09-09 14:08:00,65,0.661693137079,0,0.0,0.0,0.0
2015-09-09 14:13:00,67,0.548638647923,0,0.0,0.0,0.0
2015-09-09 14:38:00,68,0.652211174658,0,0.0,0.0,0.0
2015-09-09 14:48:00,66,0.560871787224,0,0.0,0.0,0.0
2015-09-09 14:53:00,63,0.833894534146,0,0.0,0.0,0.0
2015-09-09 15:03:00,68,0.656533415562,0,0.0,0.0,0.0
2015-09-09 15:08:00,68,0.65562479081,0,0.0,0.0,0.0
2015-09-09 15:13:00,73,0.961881914846,0,0.0,0.0,0.0
2015-09-09 15:18:00,79,0.999621448595,0,0.0,0.0,0.0
2015-09-09 15:23:00,64,0.76130751975,0,0.0,0.0,0.0
2015-09-09 15:28:00,67,0.529254327463,0,0.0,0.0,0.0
2015-09-09 15:38:00,62,0.890839439568,0,0.0,0.0,0.0
2015-09-09 15:43:00,68,0.635015208233,0,0.0,0.0,0.0
2015-09-09 15:48:00,70,0.806716167851,0,0.0,0.0,0.0
2015-09-09 16:08:00,67,0.529359754552,0,0.0,0.0,0.0
2015-09-09 16:13:00,70,0.805642413598,0,0.0,0.0,0.0
2015-09-09 16:23:00,65,0.677690356083,0,0.0,0.0,0.0
2015-09-09 16:33:00,67,0.527818935619,0,0.0,0.0,0.0
2015-09-09 16:43:00,71,0.871015326072,0,0.0,0.0,0.0
2015-09-09 16:48:00,69,0.722112232437,0,0.0,0.0,0.0
2015-09-09 16:53:00,64,0.771579117418,0,0.0,0.0,0.0
2015-09-09 16:58:00,63,0.842615860306,0,0.0,0.0,0.0
2015-09-09 17:03:00,62,0.896644054215,0,0.0,0.0,0.0
2015-09-09 17:08:00,55,0.999059889081,0,0.0,0.0,0.0
2015-09-09 17:13:00,48,0.999999050523,0,0.0,0.0,0.0
2015-09-09 17:18:00,56,0.992881215291,0,0.0,0.0,0.0
2015-09-09 17:23:00,51,0.999792013571,0,0.0,0.0,0.0
2015-09-09 17:28:00,60,0.913581983717,0,0.0,0.0,0.0
2015-09-09 17:33:00,43,0.999999797721,0,0.0,0.0,0.0
2015-09-09 17:38:00,62,0.784716199373,0,0.0,0.0,0.0
2015-09-09 17:43:00,70,0.791901128846,0,0.0,0.0,0.0
2015-09-09 17:48:00,65,0.575913505624,0,0.0,0.0,0.0
2015-09-09 17:58:00,70,0.791673884504,0,0.0,0.0,0.0
2015-09-09 18:03:00,67,0.580882565149,0,0.0,0.0,0.0
2015-09-09 18:13:00,70,0.790519453841,0,0.0,0.0,0.0
2015-09-09 18:18:00,67,0.578104918026,0,0.0,0.0,0.0
2015-09-09 18:23:00,69,0.726298512479,0,0.0,0.0,0.0
2015-09-09 18:28:00,69,0.725215134625,0,0.0,0.0,0.0
2015-09-09 18:38:00,68,0.652269957745,0,0.0,0.0,0.0
2015-09-09 18:43:00,67,0.573488567039,0,0.0,0.0,0.0
2015-09-09 19:03:00,66,0.508249074162,0,0.0,0.0,0.0
2015-09-09 19:38:00,63,0.73844948114,0,0.0,0.0,0.0
2015-09-09 19:48:00,68,0.654375730078,0,0.0,0.0,0.0
2015-09-09 20:03:00,68,0.653732721806,0,0.0,0.0,0.0
2015-09-09 20:13:00,65,0.590820714176,0,0.0,0.0,0.0
2015-09-09 20:18:00,60,0.898201362765,0,0.0,0.0,0.0
2015-09-09 20:23:00,65,0.586615078332,0,0.0,0.0,0.0
2015-09-09 20:38:00,64,0.66523465407,0,0.0,0.0,0.0
2015-09-09 20:58:00,57,0.970679251723,0,0.0,0.0,0.0
2015-09-09 21:13:00,57,0.968561923619,0,0.0,0.0,0.0
2015-09-09 21:28:00,62,0.788764616395,0,0.0,0.0,0.0
2015-09-09 21:33:00,55,0.987432144923,0,0.0,0.0,0.0
2015-09-09 21:48:00,61,0.834945806767,0,0.0,0.0,0.0
2015-09-09 21:53:00,61,0.83328682117,0,0.0,0.0,0.0
2015-09-09 22:33:00,58,0.941837964089,0,0.0,0.0,0.0
2015-09-09 22:41:00,65,0.554173331974,0,0.0,0.0,0.0
2015-09-09 23:38:00,65,0.553983920135,0,0.0,0.0,0.0
2015-09-09 23:53:00,62,0.772171298073,0,0.0,0.0,0.0
2015-09-10 05:33:00,68,0.684850517905,0,0.0,0.0,0.0
2015-09-10 05:45:00,61,0.8293749968,0,0.0,0.0,0.0
2015-09-10 08:00:00,62,0.770693302021,0,0.0,0.0,0.0
2015-09-10 08:18:00,73,0.935187086482,0,0.0,0.0,0.0
2015-09-10 08:33:00,70,0.81255742608,0,0.0,0.0,0.0
2015-09-10 08:43:00,65,0.554997605233,0,0.0,0.0,0.0
2015-09-10 08:53:00,65,0.55481531463,0,0.0,0.0,0.0
2015-09-10 09:13:00,61,0.83121891613,0,0.0,0.0,0.0
2015-09-10 09:23:00,64,0.631824713012,0,0.0,0.0,0.0
2015-09-10 09:28:00,62,0.772643815729,0,0.0,0.0,0.0
2015-09-10 09:48:00,75,0.973721441445,0,0.0,0.0,0.0
2015-09-10 09:52:00,66,0.527355547532,0,0.0,0.0,0.0
2015-09-10 10:02:00,71,0.86313426551,0,0.0,0.0,0.0
2015-09-10 10:07:00,66,0.524531264211,0,0.0,0.0,0.0
2015-09-10 10:22:00,67,0.605293720519,0,0.0,0.0,0.0
2015-09-10 10:27:00,65,0.558223954279,0,0.0,0.0,0.0
2015-09-10 10:32:00,67,0.605609300504,0,0.0,0.0,0.0
2015-09-10 10:42:00,67,0.605271946062,0,0.0,0.0,0.0
2015-09-10 10:47:00,65,0.559658338584,0,0.0,0.0,0.0
2015-09-10 10:52:00,68,0.683171096168,0,0.0,0.0,0.0
2015-09-10 11:27:00,64,0.641352304726,0,0.0,0.0,0.0
2015-09-10 11:37:00,72,0.906132801268,0,0.0,0.0,0.0
2015-09-10 11:42:00,62,0.784214720578,0,0.0,0.0,0.0
2015-09-10 11:47:00,72,0.905379941531,0,0.0,0.0,0.0
2015-09-10 11:52:00,72,0.903616788206,0,0.0,0.0,0.0
2015-09-10 11:57:00,68,0.676329268629,0,0.0,0.0,0.0
2015-09-10 12:07:00,64,0.648357588243,0,0.0,0.0,0.0
2015-09-10 12:12:00,63,0.72218315657,0,0.0,0.0,0.0
2015-09-10 12:37:00,65,0.56626657208,0,0.0,0.0,0.0
2015-09-10 12:42:00,72,0.904625833112,0,0.0,0.0,0.0
2015-09-10 12:57:00,67,0.597580226143,0,0.0,0.0,0.0
2015-09-10 13:07:00,66,0.514172019173,0,0.0,0.0,0.0
2015-09-10 13:17:00,71,0.862690003785,0,0.0,0.0,0.0
2015-09-10 13:32:00,71,0.861227771,0,0.0,0.0,0.0
2015-09-10 13:42:00,67,0.592716073321,0,0.0,0.0,0.0
2015-09-10 13:47:00,68,0.672059670956,0,0.0,0.0,0.0
2015-09-10 14:02:00,65,0.576325742198,0,0.0,0.0,0.0
2015-09-10 14:07:00,70,0.808371890477,0,0.0,0.0,0.0
2015-09-10 14:17:00,71,0.860081631924,0,0.0,0.0,0.0
2015-09-10 14:32:00,65,0.580246628366,0,0.0,0.0,0.0
2015-09-10 14:37:00,69,0.742644857177,0,0.0,0.0,0.0
2015-09-10 14:42:00,69,0.741848102566,0,0.0,0.0,0.0
2015-09-10 14:47:00,69,0.741059076707,0,0.0,0.0,0.0
2015-09-10 14:57:00,69,0.740277656742,0,0.0,0.0,0.0
2015-09-10 15:02:00,71,0.857958512804,0,0.0,0.0,0.0
2015-09-10 15:07:00,64,0.668959670024,0,0.0,0.0,0.0
2015-09-10 15:12:00,64,0.668470282382,0,0.0,0.0,0.0
2015-09-10 15:17:00,66,0.501329535157,0,0.0,0.0,0.0
2015-09-10 15:22:00,76,0.984510449676,0,0.0,0.0,0.0
2015-09-10 15:27:00,64,0.670894960904,0,0.0,0.0,0.0
2015-09-10 15:32:00,67,0.580257729854,0,0.0,0.0,0.0
2015-09-10 15:37:00,64,0.671167824641,0,0.0,0.0,0.0
2015-09-10 15:42:00,70,0.802651149685,0,0.0,0.0,0.0
2015-09-10 15:47:00,70,0.801632031267,0,0.0,0.0,0.0
2015-09-10 15:52:00,68,0.659926178802,0,0.0,0.0,0.0
2015-09-10 15:57:00,69,0.734770485058,0,0.0,0.0,0.0
2015-09-10 16:02:00,68,0.658579584941,0,0.0,0.0,0.0
2015-09-10 16:12:00,68,0.658150338827,0,0.0,0.0,0.0
2015-09-10 16:17:00,69,0.733591398536,0,0.0,0.0,0.0
2015-09-10 16:22:00,63,0.753340161894,0,0.0,0.0,0.0
2015-09-10 16:27:00,67,0.57519397693,0,0.0,0.0,0.0
2015-09-10 16:32:00,66,0.511735944699,0,0.0,0.0,0.0
2015-09-10 16:37:00,68,0.658665055203,0,0.0,0.0,0.0
2015-09-10 16:42:00,66,0.51250895745,0,0.0,0.0,0.0
2015-09-10 16:47:00,67,0.574859025569,0,0.0,0.0,0.0
2015-09-10 16:52:00,67,0.574678143301,0,0.0,0.0,0.0
2015-09-10 16:57:00,68,0.658688737593,0,0.0,0.0,0.0
2015-09-10 17:02:00,64,0.68372762005,0,0.0,0.0,0.0
2015-09-10 17:07:00,67,0.574896765057,0,0.0,0.0,0.0
2015-09-10 17:12:00,62,0.822120792756,0,0.0,0.0,0.0
2015-09-10 17:17:00,67,0.576412648947,0,0.0,0.0,0.0
2015-09-10 17:22:00,66,0.51223790252,0,0.0,0.0,0.0
2015-09-10 17:32:00,66,0.512209912648,0,0.0,0.0,0.0
2015-09-10 17:37:00,67,0.576686903512,0,0.0,0.0,0.0
2015-09-10 17:42:00,62,0.823634540134,0,0.0,0.0,0.0
2015-09-10 17:47:00,63,0.758312767868,0,0.0,0.0,0.0
2015-09-10 17:52:00,66,0.509650260391,0,0.0,0.0,0.0
2015-09-10 18:07:00,69,0.742710009232,0,0.0,0.0,0.0
2015-09-10 18:12:00,70,0.809277370841,0,0.0,0.0,0.0
2015-09-10 18:17:00,70,0.808347161169,0,0.0,0.0,0.0
2015-09-10 18:22:00,67,0.575736633876,0,0.0,0.0,0.0
2015-09-10 18:37:00,66,0.514251473229,0,0.0,0.0,0.0
2015-09-10 18:42:00,68,0.661999786022,0,0.0,0.0,0.0
2015-09-10 18:47:00,71,0.863996833285,0,0.0,0.0,0.0
2015-09-10 18:52:00,62,0.829114246704,0,0.0,0.0,0.0
2015-09-10 18:57:00,68,0.661336011934,0,0.0,0.0,0.0
2015-09-10 19:32:00,62,0.829007992234,0,0.0,0.0,0.0
2015-09-10 19:37:00,64,0.688354643259,0,0.0,0.0,0.0
2015-09-10 19:47:00,69,0.742140573698,0,0.0,0.0,0.0
2015-09-10 19:57:00,63,0.764700601601,0,0.0,0.0,0.0
2015-09-10 20:02:00,64,0.688183752951,0,0.0,0.0,0.0
2015-09-10 21:02:00,62,0.828213018576,0,0.0,0.0,0.0
2015-09-10 21:12:00,69,0.745028306855,0,0.0,0.0,0.0
2015-09-10 21:27:00,65,0.602462992111,0,0.0,0.0,0.0
2015-09-10 21:57:00,56,0.989982628735,0,0.0,0.0,0.0
2015-09-10 22:12:00,64,0.682561278909,0,0.0,0.0,0.0
2015-09-10 23:42:00,70,0.814308589412,0,0.0,0.0,0.0
2015-09-10 23:47:00,61,0.87730215575,0,0.0,0.0,0.0
2015-09-11 05:27:00,64,0.68170288164,0,0.0,0.0,0.0
2015-09-11 05:47:00,68,0.670611846767,0,0.0,0.0,0.0
2015-09-11 06:17:00,65,0.596870732632,0,0.0,0.0,0.0
2015-09-11 06:37:00,70,0.816052988815,0,0.0,0.0,0.0
2015-09-11 06:42:00,65,0.598104229185,0,0.0,0.0,0.0
2015-09-11 06:57:00,65,0.597899980851,0,0.0,0.0,0.0
2015-09-11 07:07:00,70,0.816608943032,0,0.0,0.0,0.0
2015-09-11 07:12:00,73,0.944023499376,0,0.0,0.0,0.0
2015-09-11 07:32:00,69,0.745676072443,0,0.0,0.0,0.0
2015-09-11 07:42:00,68,0.666198076065,0,0.0,0.0,0.0
2015-09-11 08:12:00,65,0.603175282272,0,0.0,0.0,0.0
2015-09-11 08:42:00,68,0.666491897079,0,0.0,0.0,0.0
2015-09-11 08:47:00,69,0.74538776748,0,0.0,0.0,0.0
2015-09-11 09:12:00,71,0.868707040629,0,0.0,0.0,0.0
2015-09-11 09:17:00,70,0.811787441984,0,0.0,0.0,0.0
2015-09-11 09:27:00,64,0.693120574683,0,0.0,0.0,0.0
2015-09-11 09:32:00,68,0.663468760013,0,0.0,0.0,0.0
2015-09-11 09:37:00,70,0.811774145501,0,0.0,0.0,0.0
2015-09-11 09:52:00,66,0.51827948636,0,0.0,0.0,0.0
2015-09-11 09:57:00,71,0.867696460893,0,0.0,0.0,0.0
2015-09-11 10:07:00,68,0.660702367094,0,0.0,0.0,0.0
2015-09-11 10:27:00,63,0.773112692854,0,0.0,0.0,0.0
2015-09-11 10:39:00,66,0.519464147016,0,0.0,0.0,0.0
2015-09-11 10:49:00,65,0.610976449845,0,0.0,0.0,0.0
2015-09-11 11:19:00,69,0.743086863523,0,0.0,0.0,0.0
2015-09-11 11:29:00,70,0.811912043971,0,0.0,0.0,0.0
2015-09-11 11:34:00,67,0.571573417964,0,0.0,0.0,0.0
2015-09-11 11:39:00,63,0.775533893818,0,0.0,0.0,0.0
2015-09-11 11:44:00,68,0.661825012526,0,0.0,0.0,0.0
2015-09-11 11:54:00,71,0.868876577511,0,0.0,0.0,0.0
2015-09-11 12:04:00,60,0.928625396439,0,0.0,0.0,0.0
2015-09-11 12:14:00,81,0.999731982183,0,0.0,0.0,0.0
2015-09-11 12:39:00,69,0.734423410452,0,0.0,0.0,0.0
2015-09-11 12:44:00,71,0.860974316318,0,0.0,0.0,0.0
2015-09-11 12:49:00,64,0.701637691106,0,0.0,0.0,0.0
2015-09-11 12:54:00,65,0.617021400013,0,0.0,0.0,0.0
2015-09-11 12:59:00,69,0.734134787955,0,0.0,0.0,0.0
2015-09-11 13:09:00,66,0.527412875797,0,0.0,0.0,0.0
2015-09-11 13:24:00,65,0.617879800072,0,0.0,0.0,0.0
2015-09-11 13:29:00,67,0.565112528129,0,0.0,0.0,0.0
2015-09-11 13:39:00,67,0.564996175751,0,0.0,0.0,0.0
2015-09-11 13:44:00,66,0.527537179593,0,0.0,0.0,0.0
2015-09-11 13:49:00,69,0.735508191475,0,0.0,0.0,0.0
2015-09-11 13:54:00,70,0.805413069477,0,0.0,0.0,0.0
2015-09-11 14:04:00,65,0.620739233545,0,0.0,0.0,0.0
2015-09-11 14:14:00,68,0.653143512277,0,0.0,0.0,0.0
2015-09-11 14:19:00,68,0.652854781963,0,0.0,0.0,0.0
2015-09-11 14:24:00,66,0.530372521379,0,0.0,0.0,0.0
2015-09-11 14:29:00,67,0.562991109897,0,0.0,0.0,0.0
2015-09-11 14:39:00,66,0.53058563042,0,0.0,0.0,0.0
2015-09-11 14:44:00,67,0.563090111163,0,0.0,0.0,0.0
2015-09-11 14:54:00,66,0.530797607162,0,0.0,0.0,0.0
2015-09-11 14:59:00,65,0.622991799009,0,0.0,0.0,0.0
2015-09-11 15:09:00,69,0.736789421728,0,0.0,0.0,0.0
2015-09-11 15:14:00,69,0.736304735264,0,0.0,0.0,0.0
2015-09-11 15:19:00,70,0.807181946036,0,0.0,0.0,0.0
2015-09-11 15:24:00,67,0.561047872261,0,0.0,0.0,0.0
2015-09-11 15:29:00,68,0.652059432553,0,0.0,0.0,0.0
2015-09-11 15:34:00,64,0.712693773754,1,0.871604206333,0.871604206333,0.871604206333
2015-09-11 15:39:00,66,0.53339736526,1,0.0,0.0,0.0
2015-09-11 15:44:00,66,0.533342315335,1,0.0,0.0,0.0
2015-09-11 15:49:00,62,0.850628339723,1,0.0,0.0,0.0
2015-09-11 15:54:00,66,0.531937755626,1,0.0,0.0,0.0
2015-09-11 15:59:00,60,0.935182570639,1,0.0,0.0,0.0
2015-09-11 16:04:00,66,0.52987269618,1,0.0,0.0,0.0
2015-09-11 16:09:00,68,0.656693275013,1,0.0,0.0,0.0
2015-09-11 16:14:00,64,0.710606364179,1,0.0,0.0,0.0
2015-09-11 16:19:00,66,0.529706325189,1,0.0,0.0,0.0
2015-09-11 16:24:00,60,0.935124754362,1,0.0,0.0,0.0
2015-09-11 16:29:00,70,0.813009556962,1,0.0,0.0,0.0
2015-09-11 16:34:00,65,0.622477182719,1,0.0,0.0,0.0
2015-09-11 16:39:00,59,0.960089310611,1,0.0,0.0,0.0
2015-09-11 16:44:00,23,1.0,1,0.0,0.0,0.0
2015-09-11 16:49:00,52,0.998305723446,1,0.0,0.0,0.0
2015-09-11 16:54:00,56,0.980660369286,1,0.0,0.0,0.0
2015-09-11 16:59:00,67,0.575760227462,1,0.0,0.0,0.0
2015-09-11 17:04:00,63,0.734231118368,1,0.0,0.0,0.0
2015-09-11 17:09:00,61,0.849174871506,1,0.0,0.0,0.0
2015-09-11 17:14:00,65,0.584140599975,1,0.0,0.0,0.0
2015-09-11 17:19:00,63,0.732802224576,1,0.0,0.0,0.0
2015-09-11 17:24:00,62,0.795245255793,1,0.0,0.0,0.0
2015-09-11 17:29:00,66,0.501253562659,1,0.0,0.0,0.0
2015-09-11 17:34:00,62,0.794997407021,1,0.0,0.0,0.0
2015-09-11 17:39:00,70,0.794041839208,1,0.0,0.0,0.0
2015-09-11 17:44:00,68,0.658238272924,1,0.0,0.0,0.0
2015-09-11 17:49:00,69,0.729926251651,1,0.0,0.0,0.0
2015-09-11 17:54:00,69,0.729505283636,1,0.0,0.0,0.0
2015-09-11 17:59:00,69,0.729086603576,0,0.0,0.0,0.0
2015-09-11 18:04:00,64,0.663625933225,0,0.0,0.0,0.0
2015-09-11 18:09:00,68,0.65701258136,0,0.0,0.0,0.0
2015-09-11 18:11:00,70,0.793069150126,0,0.0,0.0,0.0
2015-09-11 18:16:00,65,0.586738577878,0,0.0,0.0,0.0
2015-09-11 18:21:00,70,0.793005950628,0,0.0,0.0,0.0
2015-09-11 18:26:00,67,0.576576764986,0,0.0,0.0,0.0
2015-09-11 18:31:00,64,0.666320500454,0,0.0,0.0,0.0
2015-09-11 18:36:00,67,0.577047244205,0,0.0,0.0,0.0
2015-09-11 18:41:00,67,0.576931394649,0,0.0,0.0,0.0
2015-09-11 18:51:00,68,0.65620679286,0,0.0,0.0,0.0
2015-09-11 18:56:00,68,0.655956089013,0,0.0,0.0,0.0
2015-09-11 19:01:00,68,0.655706586957,0,0.0,0.0,0.0
2015-09-11 19:26:00,63,0.740735521511,0,0.0,0.0,0.0
2015-09-11 19:41:00,62,0.803340172867,0,0.0,0.0,0.0
2015-09-11 19:46:00,69,0.730500277384,0,0.0,0.0,0.0
2015-09-11 20:01:00,61,0.856247112231,0,0.0,0.0,0.0
2015-09-11 20:06:00,58,0.9543923875,0,0.0,0.0,0.0
2015-09-11 20:16:00,61,0.853776959896,0,0.0,0.0,0.0
2015-09-11 20:26:00,63,0.736199920326,0,0.0,0.0,0.0
2015-09-11 20:36:00,62,0.799424605128,0,0.0,0.0,0.0
2015-09-11 20:46:00,66,0.500236469119,0,0.0,0.0,0.0
2015-09-11 20:51:00,65,0.583215083128,0,0.0,0.0,0.0
2015-09-11 21:01:00,60,0.895966214855,0,0.0,0.0,0.0
2015-09-11 21:21:00,64,0.661206203374,0,0.0,0.0,0.0
2015-09-11 21:51:00,59,0.928473762535,0,0.0,0.0,0.0
2015-09-11 21:56:00,56,0.981545851051,0,0.0,0.0,0.0
2015-09-11 21:59:00,47,0.99996069953,0,0.0,0.0,0.0
2015-09-11 22:16:00,60,0.885314547376,0,0.0,0.0,0.0
2015-09-11 22:41:00,56,0.978068867455,0,0.0,0.0,0.0
2015-09-11 23:41:00,57,0.963904081347,0,0.0,0.0,0.0
2015-09-12 00:16:00,79,0.996276894662,0,0.0,0.0,0.0
2015-09-12 00:46:00,62,0.780494080062,0,0.0,0.0,0.0
2015-09-12 02:56:00,64,0.644136620313,0,0.0,0.0,0.0
2015-09-12 03:41:00,58,0.942749897872,0,0.0,0.0,0.0
2015-09-12 05:06:00,78,0.992899364838,0,0.0,0.0,0.0
2015-09-12 06:51:00,75,0.966348662499,0,0.0,0.0,0.0
2015-09-12 07:11:00,71,0.846674268214,0,0.0,0.0,0.0
2015-09-12 07:41:00,70,0.793977046984,0,0.0,0.0,0.0
2015-09-12 07:51:00,73,0.921638162898,0,0.0,0.0,0.0
2015-09-12 08:01:00,70,0.792048772398,0,0.0,0.0,0.0
2015-09-12 08:16:00,70,0.79152941913,0,0.0,0.0,0.0
2015-09-12 08:46:00,80,0.997456793307,0,0.0,0.0,0.0
2015-09-12 08:56:00,66,0.502309651652,0,0.0,0.0,0.0
2015-09-12 09:16:00,68,0.655806259434,0,0.0,0.0,0.0
2015-09-12 09:21:00,76,0.97632971069,0,0.0,0.0,0.0
2015-09-12 09:26:00,66,0.500208010601,0,0.0,0.0,0.0
2015-09-12 09:56:00,69,0.722918813225,0,0.0,0.0,0.0
2015-09-12 10:06:00,69,0.722566831046,0,0.0,0.0,0.0
2015-09-12 10:16:00,70,0.784396827521,0,0.0,0.0,0.0
2015-09-12 10:46:00,72,0.881206538539,0,0.0,0.0,0.0
2015-09-12 10:51:00,67,0.574919732578,0,0.0,0.0,0.0
2015-09-12 10:56:00,71,0.836557283339,0,0.0,0.0,0.0
2015-09-12 11:06:00,64,0.658260612612,0,0.0,0.0,0.0
2015-09-12 11:31:00,67,0.574319048917,0,0.0,0.0,0.0
2015-09-12 11:41:00,75,0.96200192602,0,0.0,0.0,0.0
2015-09-12 11:46:00,68,0.647997587391,0,0.0,0.0,0.0
2015-09-12 12:06:00,67,0.571925517592,0,0.0,0.0,0.0
2015-09-12 12:11:00,71,0.83505920046,0,0.0,0.0,0.0
2015-09-12 12:16:00,65,0.586334313492,0,0.0,0.0,0.0
2015-09-12 12:26:00,67,0.571161867489,0,0.0,0.0,0.0
2015-09-12 12:31:00,77,0.984897102779,0,0.0,0.0,0.0
2015-09-12 12:36:00,67,0.568591780496,0,0.0,0.0,0.0
2015-09-12 12:46:00,67,0.568503196724,0,0.0,0.0,0.0
2015-09-12 12:51:00,68,0.644581350739,0,0.0,0.0,0.0
2015-09-12 13:06:00,70,0.778582792094,0,0.0,0.0,0.0
2015-09-12 13:11:00,67,0.567397712282,0,0.0,0.0,0.0
2015-09-12 13:16:00,62,0.795379669818,0,0.0,0.0,0.0
2015-09-12 13:21:00,67,0.568149821038,0,0.0,0.0,0.0
2015-09-12 13:36:00,67,0.56806314707,0,0.0,0.0,0.0
2015-09-12 13:41:00,65,0.590100873513,0,0.0,0.0,0.0
2015-09-12 14:16:00,73,0.914733671966,0,0.0,0.0,0.0
2015-09-12 14:21:00,69,0.71480869363,0,0.0,0.0,0.0
2015-09-12 14:31:00,70,0.778240324986,0,0.0,0.0,0.0
2015-09-12 14:41:00,70,0.777794772693,0,0.0,0.0,0.0
2015-09-12 14:56:00,69,0.713409257428,0,0.0,0.0,0.0
2015-09-12 15:01:00,72,0.877521183897,0,0.0,0.0,0.0
2015-09-12 15:11:00,70,0.776184450794,0,0.0,0.0,0.0
2015-09-12 15:16:00,64,0.670988140297,0,0.0,0.0,0.0
2015-09-12 15:21:00,68,0.640260355627,0,0.0,0.0,0.0
2015-09-12 15:31:00,66,0.516885662211,0,0.0,0.0,0.0
2015-09-12 15:36:00,72,0.877417371848,0,0.0,0.0,0.0
2015-09-12 15:41:00,71,0.831024178696,0,0.0,0.0,0.0
2015-09-12 15:46:00,68,0.638319187029,0,0.0,0.0,0.0
2015-09-12 15:51:00,66,0.519257869268,0,0.0,0.0,0.0
2015-09-12 15:56:00,70,0.775263405954,0,0.0,0.0,0.0
2015-09-12 16:01:00,68,0.637731608355,0,0.0,0.0,0.0
2015-09-12 16:11:00,65,0.599637204569,0,0.0,0.0,0.0
2015-09-12 16:16:00,72,0.876895482658,0,0.0,0.0,0.0
2015-09-12 16:21:00,65,0.600537845003,0,0.0,0.0,0.0
2015-09-12 16:31:00,71,0.830579650791,0,0.0,0.0,0.0
2015-09-12 16:36:00,65,0.601296963659,0,0.0,0.0,0.0
2015-09-12 16:41:00,64,0.676681475541,0,0.0,0.0,0.0
2015-09-12 16:46:00,69,0.71001752717,0,0.0,0.0,0.0
2015-09-12 16:51:00,68,0.636897398073,0,0.0,0.0,0.0
2015-09-12 16:56:00,72,0.877013989749,0,0.0,0.0,0.0
2015-09-12 17:01:00,71,0.830079085453,0,0.0,0.0,0.0
2015-09-12 17:06:00,69,0.707892264744,0,0.0,0.0,0.0
2015-09-12 17:21:00,71,0.829415460908,0,0.0,0.0,0.0
2015-09-12 17:46:00,69,0.706869712221,0,0.0,0.0,0.0
2015-09-12 18:21:00,73,0.912306035794,0,0.0,0.0,0.0
2015-09-12 18:41:00,70,0.771112433022,0,0.0,0.0,0.0
2015-09-12 19:01:00,68,0.631392808961,0,0.0,0.0,0.0
2015-09-12 19:21:00,62,0.811398423947,0,0.0,0.0,0.0
2015-09-12 19:26:00,69,0.705507536889,0,0.0,0.0,0.0
2015-09-12 19:46:00,72,0.874772903424,0,0.0,0.0,0.0
2015-09-12 19:51:00,65,0.608725557992,0,0.0,0.0,0.0
2015-09-12 20:06:00,60,0.901924050237,0,0.0,0.0,0.0
2015-09-12 20:31:00,62,0.811169398678,0,0.0,0.0,0.0
2015-09-12 20:51:00,66,0.526828710655,0,0.0,0.0,0.0
2015-09-12 21:21:00,68,0.632997471351,0,0.0,0.0,0.0
2015-09-12 21:36:00,63,0.751497428019,0,0.0,0.0,0.0
2015-09-12 21:51:00,70,0.773009166614,0,0.0,0.0,0.0
2015-09-12 22:46:00,74,0.941002864521,0,0.0,0.0,0.0
2015-09-12 23:01:00,62,0.812226415567,0,0.0,0.0,0.0
2015-09-12 23:06:00,59,0.932588643783,0,0.0,0.0,0.0
2015-09-12 23:31:00,59,0.931883668775,0,0.0,0.0,0.0
2015-09-13 06:31:00,62,0.809298613972,0,0.0,0.0,0.0
2015-09-13 07:51:00,70,0.773884454186,0,0.0,0.0,0.0
2015-09-13 08:01:00,62,0.809400269926,0,0.0,0.0,0.0
2015-09-13 08:26:00,67,0.556692736726,0,0.0,0.0,0.0
2015-09-13 09:21:00,69,0.708667467945,0,0.0,0.0,0.0
2015-09-13 09:26:00,72,0.876930731904,0,0.0,0.0,0.0
2015-09-13 09:41:00,67,0.555166663893,0,0.0,0.0,0.0
2015-09-13 10:06:00,69,0.707548643287,0,0.0,0.0,0.0
2015-09-13 10:11:00,72,0.876451994895,0,0.0,0.0,0.0
2015-09-13 10:16:00,65,0.607544846381,0,0.0,0.0,0.0
2015-09-13 10:46:00,76,0.975736589127,0,0.0,0.0,0.0
2015-09-13 10:51:00,67,0.552087732547,0,0.0,0.0,0.0
2015-09-13 10:56:00,72,0.874784154019,0,0.0,0.0,0.0
2015-09-13 11:06:00,70,0.770093906827,0,0.0,0.0,0.0
2015-09-13 11:11:00,65,0.61054357875,0,0.0,0.0,0.0
2015-09-13 11:26:00,71,0.827209629566,0,0.0,0.0,0.0
2015-09-13 11:31:00,69,0.703108974756,0,0.0,0.0,0.0
2015-09-13 11:46:00,64,0.687207569913,0,0.0,0.0,0.0
2015-09-13 11:51:00,67,0.549953599113,0,0.0,0.0,0.0
2015-09-13 11:56:00,69,0.703468728765,0,0.0,0.0,0.0
2015-09-13 12:06:00,66,0.531996940643,0,0.0,0.0,0.0
2015-09-13 12:21:00,73,0.912114049196,0,0.0,0.0,0.0
2015-09-13 12:26:00,70,0.769060232571,0,0.0,0.0,0.0
2015-09-13 12:31:00,66,0.533712726749,0,0.0,0.0,0.0
2015-09-13 12:41:00,66,0.533676901404,0,0.0,0.0,0.0
2015-09-13 12:53:00,66,0.533641190028,0,0.0,0.0,0.0
2015-09-13 12:58:00,70,0.769561831486,0,0.0,0.0,0.0
2015-09-13 13:03:00,67,0.547602767332,0,0.0,0.0,0.0
2015-09-13 13:08:00,72,0.874559806598,0,0.0,0.0,0.0
2015-09-13 13:13:00,69,0.701388009815,0,0.0,0.0,0.0
2015-09-13 13:18:00,66,0.535781148354,0,0.0,0.0,0.0
2015-09-13 13:23:00,68,0.626416676925,0,0.0,0.0,0.0
2015-09-13 13:28:00,65,0.616656041531,0,0.0,0.0,0.0
2015-09-13 13:38:00,67,0.54636956512,0,0.0,0.0,0.0
2015-09-13 13:43:00,64,0.692716550421,0,0.0,0.0,0.0
2015-09-13 13:53:00,66,0.535579175046,0,0.0,0.0,0.0
2015-09-13 13:58:00,68,0.627343212996,0,0.0,0.0,0.0
2015-09-13 14:13:00,68,0.62720334326,0,0.0,0.0,0.0
2015-09-13 14:23:00,67,0.546446497231,0,0.0,0.0,0.0
2015-09-13 14:28:00,59,0.93874237053,0,0.0,0.0,0.0
2015-09-13 14:38:00,64,0.69230417214,0,0.0,0.0,0.0
2015-09-13 14:48:00,67,0.548025402583,0,0.0,0.0,0.0
2015-09-13 14:53:00,65,0.615933218561,0,0.0,0.0,0.0
2015-09-13 15:13:00,67,0.548257906814,0,0.0,0.0,0.0
2015-09-13 15:23:00,66,0.534643580787,0,0.0,0.0,0.0
2015-09-13 15:28:00,68,0.62919725468,0,0.0,0.0,0.0
2015-09-13 15:33:00,66,0.53490442226,0,0.0,0.0,0.0
2015-09-13 15:38:00,72,0.877914941977,0,0.0,0.0,0.0
2015-09-13 15:43:00,71,0.829769307387,0,0.0,0.0,0.0
2015-09-13 15:48:00,69,0.703383723784,0,0.0,0.0,0.0
2015-09-13 16:03:00,61,0.872191790865,0,0.0,0.0,0.0
2015-09-13 16:08:00,67,0.547020950039,0,0.0,0.0,0.0
2015-09-13 16:18:00,66,0.536218704755,0,0.0,0.0,0.0
2015-09-13 16:28:00,74,0.94320688347,0,0.0,0.0,0.0
2015-09-13 16:48:00,65,0.618922832533,0,0.0,0.0,0.0
2015-09-13 16:53:00,69,0.70323736444,0,0.0,0.0,0.0
2015-09-13 16:58:00,64,0.69594052308,0,0.0,0.0,0.0
2015-09-13 17:03:00,67,0.546105138205,0,0.0,0.0,0.0
2015-09-13 17:13:00,69,0.703588821574,0,0.0,0.0,0.0
2015-09-13 17:18:00,62,0.824744118643,0,0.0,0.0,0.0
2015-09-13 17:23:00,63,0.764910541948,0,0.0,0.0,0.0
2015-09-13 17:43:00,73,0.915715425379,0,0.0,0.0,0.0
2015-09-13 17:48:00,64,0.696221793336,0,0.0,0.0,0.0
2015-09-13 17:53:00,67,0.546313095842,0,0.0,0.0,0.0
2015-09-13 17:58:00,65,0.619317534363,0,0.0,0.0,0.0
2015-09-13 18:08:00,67,0.546542582323,0,0.0,0.0,0.0
2015-09-13 18:18:00,65,0.619391980259,0,0.0,0.0,0.0
2015-09-13 18:23:00,74,0.9442239243,0,0.0,0.0,0.0
2015-09-13 18:33:00,65,0.620269434545,0,0.0,0.0,0.0
2015-09-13 18:38:00,70,0.772220935978,0,0.0,0.0,0.0
2015-09-13 18:43:00,70,0.7718829315,0,0.0,0.0,0.0
2015-09-13 18:48:00,69,0.703107377988,0,0.0,0.0,0.0
2015-09-13 18:58:00,69,0.702879804893,0,0.0,0.0,0.0
2015-09-13 19:08:00,63,0.768290895475,0,0.0,0.0,0.0
2015-09-13 19:13:00,63,0.767962218113,0,0.0,0.0,0.0
2015-09-13 19:33:00,65,0.621318917937,0,0.0,0.0,0.0
2015-09-13 19:43:00,56,0.986442614825,0,0.0,0.0,0.0
2015-09-13 19:48:00,69,0.704915687427,0,0.0,0.0,0.0
2015-09-13 20:13:00,63,0.766009847521,0,0.0,0.0,0.0
2015-09-13 20:33:00,66,0.536883525052,0,0.0,0.0,0.0
2015-09-13 20:43:00,66,0.536848448711,0,0.0,0.0,0.0
2015-09-13 20:48:00,64,0.696591674689,0,0.0,0.0,0.0
2015-09-13 21:08:00,68,0.629678970706,0,0.0,0.0,0.0
2015-09-13 21:28:00,55,0.99219559092,0,0.0,0.0,0.0
2015-09-13 22:48:00,75,0.964621063541,0,0.0,0.0,0.0
2015-09-13 22:53:00,69,0.70527652066,0,0.0,0.0,0.0
2015-09-13 23:33:00,62,0.824390249467,0,0.0,0.0,0.0
2015-09-14 00:33:00,68,0.629524124659,0,0.0,0.0,0.0
2015-09-14 05:53:00,66,0.53605346848,0,0.0,0.0,0.0
2015-09-14 06:18:00,66,0.536019763836,0,0.0,0.0,0.0
2015-09-14 06:28:00,75,0.964582339962,0,0.0,0.0,0.0
2015-09-14 06:48:00,65,0.619359747103,0,0.0,0.0,0.0
2015-09-14 06:53:00,68,0.628546354241,0,0.0,0.0,0.0
2015-09-14 06:58:00,71,0.831394334258,0,0.0,0.0,0.0
2015-09-14 07:08:00,69,0.70423359938,0,0.0,0.0,0.0
2015-09-14 07:28:00,67,0.545510741552,0,0.0,0.0,0.0
2015-09-14 07:33:00,68,0.62749983312,0,0.0,0.0,0.0
2015-09-14 07:38:00,67,0.545269439102,0,0.0,0.0,0.0
2015-09-14 07:48:00,71,0.831256026726,0,0.0,0.0,0.0
2015-09-14 07:58:00,67,0.544537165447,0,0.0,0.0,0.0
2015-09-14 08:13:00,65,0.622254867449,0,0.0,0.0,0.0
2015-09-14 08:28:00,66,0.539564103822,0,0.0,0.0,0.0
2015-09-14 08:33:00,64,0.699564923063,0,0.0,0.0,0.0
2015-09-14 08:48:00,60,0.914799237032,0,0.0,0.0,0.0
2015-09-14 08:53:00,69,0.705389941655,0,0.0,0.0,0.0
2015-09-14 09:03:00,66,0.538574600751,0,0.0,0.0,0.0
2015-09-14 09:08:00,73,0.917582454099,0,0.0,0.0,0.0
2015-09-14 09:13:00,70,0.773108077241,0,0.0,0.0,0.0
2015-09-14 09:23:00,72,0.879478955846,0,0.0,0.0,0.0
2015-09-14 09:28:00,62,0.829189526972,0,0.0,0.0,0.0
2015-09-14 09:33:00,70,0.772615732118,0,0.0,0.0,0.0
2015-09-14 09:38:00,69,0.703419288162,0,0.0,0.0,0.0
2015-09-14 09:43:00,69,0.703207531207,0,0.0,0.0,0.0
2015-09-14 09:48:00,69,0.702996431613,0,0.0,0.0,0.0
2015-09-14 09:53:00,71,0.830872607581,0,0.0,0.0,0.0
2015-09-14 09:58:00,68,0.624818867215,0,0.0,0.0,0.0
2015-09-14 10:13:00,63,0.772180590835,0,0.0,0.0,0.0
2015-09-14 10:18:00,68,0.62524860501,0,0.0,0.0,0.0
2015-09-14 10:23:00,68,0.625130934576,0,0.0,0.0,0.0
2015-09-14 10:28:00,66,0.542893670747,0,0.0,0.0,0.0
2015-09-14 10:33:00,70,0.772140435432,0,0.0,0.0,0.0
2015-09-14 10:43:00,70,0.771832803391,0,0.0,0.0,0.0
2015-09-14 10:48:00,65,0.626986481859,0,0.0,0.0,0.0
2015-09-14 11:03:00,74,0.945191070248,0,0.0,0.0,0.0
2015-09-14 11:13:00,67,0.540201743221,0,0.0,0.0,0.0
2015-09-14 11:18:00,64,0.70539878937,0,0.0,0.0,0.0
2015-09-14 11:23:00,70,0.771288150248,0,0.0,0.0,0.0
2015-09-14 11:28:00,70,0.77098505529,0,0.0,0.0,0.0
2015-09-14 11:33:00,66,0.545601829694,0,0.0,0.0,0.0
2015-09-14 11:43:00,67,0.539684968737,0,0.0,0.0,0.0
2015-09-14 12:03:00,63,0.77564464545,0,0.0,0.0,0.0
2015-09-14 12:08:00,70,0.771553535119,0,0.0,0.0,0.0
2015-09-14 12:13:00,63,0.775807777659,0,0.0,0.0,0.0
2015-09-14 12:23:00,71,0.831239190638,0,0.0,0.0,0.0
2015-09-14 12:28:00,62,0.834802635383,0,0.0,0.0,0.0
2015-09-14 12:38:00,67,0.540235550979,0,0.0,0.0,0.0
2015-09-14 12:43:00,68,0.623872204562,0,0.0,0.0,0.0
2015-09-14 12:48:00,73,0.917709695872,0,0.0,0.0,0.0
2015-09-14 12:53:00,67,0.53904706618,0,0.0,0.0,0.0
2015-09-14 13:15:00,65,0.630001506467,0,0.0,0.0,0.0
2015-09-14 13:20:00,63,0.776873311742,0,0.0,0.0,0.0
2015-09-14 13:25:00,72,0.880127856038,0,0.0,0.0,0.0
2015-09-14 13:35:00,65,0.630151212239,0,0.0,0.0,0.0
2015-09-14 13:40:00,64,0.707871572549,0,0.0,0.0,0.0
2015-09-14 13:45:00,71,0.831713907493,0,0.0,0.0,0.0
2015-09-14 13:50:00,66,0.546759450265,0,0.0,0.0,0.0
2015-09-14 13:55:00,59,0.948053494058,0,0.0,0.0,0.0
2015-09-14 14:15:00,57,0.979906763053,0,0.0,0.0,0.0
2015-09-14 14:20:00,66,0.544096036694,0,0.0,0.0,0.0
2015-09-14 14:25:00,71,0.832387928318,0,0.0,0.0,0.0
2015-09-14 14:35:00,69,0.702756312106,0,0.0,0.0,0.0
2015-09-14 14:40:00,67,0.540529704811,0,0.0,0.0,0.0
2015-09-14 14:45:00,66,0.54518211195,0,0.0,0.0,0.0
2015-09-14 14:50:00,67,0.540603755516,0,0.0,0.0,0.0
2015-09-14 14:55:00,65,0.628997396958,0,0.0,0.0,0.0
2015-09-14 15:00:00,70,0.773243384535,0,0.0,0.0,0.0
2015-09-14 15:10:00,66,0.54557290237,0,0.0,0.0,0.0
2015-09-14 15:15:00,66,0.545534959025,0,0.0,0.0,0.0
2015-09-14 15:20:00,61,0.883938992199,0,0.0,0.0,0.0
2015-09-14 15:30:00,68,0.625443004956,0,0.0,0.0,0.0
2015-09-14 15:35:00,69,0.703925955452,0,0.0,0.0,0.0
2015-09-14 15:40:00,63,0.777221551929,0,0.0,0.0,0.0
2015-09-14 15:50:00,67,0.541326744555,0,0.0,0.0,0.0
2015-09-14 15:55:00,66,0.5449420208,0,0.0,0.0,0.0
2015-09-14 16:00:00,65,0.629132607921,0,0.0,0.0,0.0
2015-09-14 16:05:00,67,0.541642135556,0,0.0,0.0,0.0
2015-09-14 16:20:00,65,0.62918462327,0,0.0,0.0,0.0
2015-09-14 16:25:00,66,0.544647932762,0,0.0,0.0,0.0
2015-09-14 16:30:00,65,0.629103463543,0,0.0,0.0,0.0
2015-09-14 16:35:00,64,0.70772908812,0,0.0,0.0,0.0
2015-09-14 16:40:00,66,0.54410668312,0,0.0,0.0,0.0
2015-09-14 16:45:00,62,0.836998497021,0,0.0,0.0,0.0
2015-09-14 16:50:00,65,0.628165414855,0,0.0,0.0,0.0
2015-09-14 16:55:00,67,0.54354541103,0,0.0,0.0,0.0
2015-09-14 17:00:00,59,0.949123322354,0,0.0,0.0,0.0
2015-09-14 17:05:00,36,0.999999999985,0,0.0,0.0,0.0
2015-09-14 17:10:00,21,1.0,0,-0.22,-0.11,-0.11
2015-09-14 17:15:00,52,0.997673746469,0,0.0,0.0,0.0
2015-09-14 17:20:00,60,0.893006729016,0,0.0,0.0,0.0
2015-09-14 17:25:00,51,0.998661803046,0,0.0,0.0,0.0
2015-09-14 17:30:00,68,0.628989002266,0,0.0,0.0,0.0
2015-09-14 17:35:00,60,0.890464041347,0,0.0,0.0,0.0
2015-09-14 17:40:00,42,0.999998879576,0,0.0,0.0,0.0
2015-09-14 17:45:00,65,0.595508534828,0,0.0,0.0,0.0
2015-09-14 17:50:00,59,0.91790289753,0,0.0,0.0,0.0
2015-09-14 17:55:00,69,0.700781282229,0,0.0,0.0,0.0
2015-09-14 18:00:00,68,0.63102008257,0,0.0,0.0,0.0
2015-09-14 18:05:00,66,0.519592087433,0,0.0,0.0,0.0
2015-09-14 18:10:00,66,0.519576678288,0,0.0,0.0,0.0
2015-09-14 18:20:00,66,0.519561305443,0,0.0,0.0,0.0
2015-09-14 18:25:00,68,0.631293238558,0,0.0,0.0,0.0
2015-09-14 18:30:00,67,0.556739728896,0,0.0,0.0,0.0
2015-09-14 18:35:00,67,0.556694857716,0,0.0,0.0,0.0
2015-09-14 18:45:00,65,0.595868788076,0,0.0,0.0,0.0
2015-09-14 18:50:00,66,0.519840177334,0,0.0,0.0,0.0
2015-09-14 19:01:00,68,0.631570935685,0,0.0,0.0,0.0
2015-09-14 19:05:00,68,0.631461601615,0,0.0,0.0,0.0
2015-09-14 19:15:00,66,0.520267075534,0,0.0,0.0,0.0
2015-09-14 19:20:00,69,0.701616362236,0,0.0,0.0,0.0
2015-09-14 19:30:00,64,0.669453436304,0,0.0,0.0,0.0
2015-09-14 19:35:00,68,0.631575840319,0,0.0,0.0,0.0
2015-09-14 19:45:00,65,0.596840759383,0,0.0,0.0,0.0
2015-09-14 20:00:00,65,0.596763450934,0,0.0,0.0,0.0
2015-09-14 20:10:00,66,0.520281206167,0,0.0,0.0,0.0
2015-09-14 20:15:00,58,0.945573033911,0,0.0,0.0,0.0
2015-09-14 20:20:00,71,0.821440788278,0,0.0,0.0,0.0
2015-09-14 20:25:00,61,0.845902457779,0,0.0,0.0,0.0
2015-09-14 20:30:00,72,0.867564585213,0,0.0,0.0,0.0
2015-09-14 20:35:00,64,0.669122457457,0,0.0,0.0,0.0
2015-09-14 20:40:00,64,0.668978833467,0,0.0,0.0,0.0
2015-09-14 20:45:00,67,0.557829525649,0,0.0,0.0,0.0
2015-09-14 20:50:00,65,0.596014575413,0,0.0,0.0,0.0
2015-09-14 21:30:00,65,0.595939134314,0,0.0,0.0,0.0
2015-09-14 21:35:00,65,0.595863870736,0,0.0,0.0,0.0
2015-09-14 21:45:00,74,0.934360135512,0,0.0,0.0,0.0
2015-09-14 22:06:00,61,0.846660394622,0,0.0,0.0,0.0
2015-09-14 22:21:00,60,0.887829698753,0,0.0,0.0,0.0
2015-09-14 22:30:00,64,0.668363179015,0,0.0,0.0,0.0
2015-09-14 22:40:00,66,0.518371455081,0,0.0,0.0,0.0
2015-09-14 22:45:00,66,0.51835767942,0,0.0,0.0,0.0
2015-09-14 22:50:00,70,0.768236338924,0,0.0,0.0,0.0
2015-09-15 03:45:00,62,0.795718833599,0,0.0,0.0,0.0
2015-09-15 04:10:00,64,0.668450581409,0,0.0,0.0,0.0
2015-09-15 04:31:00,61,0.846191054022,0,0.0,0.0,0.0
2015-09-15 04:55:00,90,0.999998223534,0,0.0,0.0,0.0
2015-09-15 05:26:00,60,0.885403256679,0,0.0,0.0,0.0
2015-09-15 05:31:00,66,0.51917328087,0,0.0,0.0,0.0
2015-09-15 05:41:00,63,0.733870363188,0,0.0,0.0,0.0
2015-09-15 05:46:00,76,0.969634655708,0,0.0,0.0,0.0
2015-09-15 05:51:00,56,0.975515234893,0,0.0,0.0,0.0
2015-09-15 06:05:00,72,0.864808505577,0,0.0,0.0,0.0
2015-09-15 06:45:00,66,0.51931345536,0,0.0,0.0,0.0
2015-09-15 07:06:00,67,0.556939891879,0,0.0,0.0,0.0
2015-09-15 07:11:00,63,0.733647955382,0,0.0,0.0,0.0
2015-09-15 07:16:00,67,0.557283708101,0,0.0,0.0,0.0
2015-09-15 07:21:00,70,0.764204283795,0,0.0,0.0,0.0
2015-09-15 07:26:00,70,0.763958643204,0,0.0,0.0,0.0
2015-09-15 07:31:00,71,0.818695807877,0,0.0,0.0,0.0
2015-09-15 07:46:00,62,0.793886655203,0,0.0,0.0,0.0
2015-09-15 07:51:00,69,0.700643112818,0,0.0,0.0,0.0
2015-09-15 07:56:00,67,0.556147270727,0,0.0,0.0,0.0
2015-09-15 08:11:00,66,0.520460940157,0,0.0,0.0,0.0
2015-09-15 08:21:00,65,0.596317417751,0,0.0,0.0,0.0
2015-09-15 08:26:00,61,0.844798565138,0,0.0,0.0,0.0
2015-09-15 08:31:00,68,0.63151561243,0,0.0,0.0,0.0
2015-09-15 08:41:00,66,0.519941493419,0,0.0,0.0,0.0
2015-09-15 08:46:00,67,0.556843705921,0,0.0,0.0,0.0
2015-09-15 08:51:00,66,0.520023049534,0,0.0,0.0,0.0
2015-09-15 08:56:00,66,0.520008656543,0,0.0,0.0,0.0
2015-09-15 09:01:00,70,0.765245956554,0,0.0,0.0,0.0
2015-09-15 09:06:00,71,0.820143637144,0,0.0,0.0,0.0
2015-09-15 09:16:00,65,0.597139250409,0,0.0,0.0,0.0
2015-09-15 09:21:00,63,0.736603538913,0,0.0,0.0,0.0
2015-09-15 09:31:00,63,0.736397351303,0,0.0,0.0,0.0
2015-09-15 09:36:00,63,0.736191697523,0,0.0,0.0,0.0
2015-09-15 09:41:00,62,0.795269449446,0,0.0,0.0,0.0
2015-09-15 09:46:00,65,0.595711867703,0,0.0,0.0,0.0
2015-09-15 09:51:00,61,0.845675528085,0,0.0,0.0,0.0
2015-09-15 10:01:00,72,0.86806593061,0,0.0,0.0,0.0
2015-09-15 10:16:00,67,0.557937150112,0,0.0,0.0,0.0
2015-09-15 10:26:00,66,0.519322847146,0,0.0,0.0,0.0
2015-09-15 10:31:00,74,0.933888708896,0,0.0,0.0,0.0
2015-09-15 10:36:00,66,0.520134996593,0,0.0,0.0,0.0
2015-09-15 10:41:00,70,0.766174313497,0,0.0,0.0,0.0
2015-09-15 10:46:00,67,0.556761132422,0,0.0,0.0,0.0
2015-09-15 11:06:00,68,0.631960017029,0,0.0,0.0,0.0
2015-09-15 11:11:00,66,0.520828012895,0,0.0,0.0,0.0
2015-09-15 11:16:00,65,0.597483967468,0,0.0,0.0,0.0
2015-09-15 11:21:00,60,0.888865912866,0,0.0,0.0,0.0
2015-09-15 11:31:00,66,0.520005761623,0,0.0,0.0,0.0
2015-09-15 11:36:00,67,0.557529442886,0,0.0,0.0,0.0
2015-09-15 11:41:00,66,0.520085550862,0,0.0,0.0,0.0
2015-09-15 11:46:00,67,0.557556054898,0,0.0,0.0,0.0
2015-09-15 11:51:00,66,0.520165153479,0,0.0,0.0,0.0
2015-09-15 11:56:00,67,0.557582700277,0,0.0,0.0,0.0
2015-09-15 12:06:00,69,0.703937169432,0,0.0,0.0,0.0
2015-09-15 12:11:00,69,0.703772789488,0,0.0,0.0,0.0
2015-09-15 12:16:00,71,0.822831681835,0,0.0,0.0,0.0
2015-09-15 12:21:00,64,0.671845444278,0,0.0,0.0,0.0
2015-09-15 12:26:00,69,0.703499681303,0,0.0,0.0,0.0
2015-09-15 12:31:00,68,0.63235499921,0,0.0,0.0,0.0
2015-09-15 12:36:00,67,0.556379312831,0,0.0,0.0,0.0
2015-09-15 12:41:00,66,0.521722872695,0,0.0,0.0,0.0
2015-09-15 12:46:00,68,0.632384867238,0,0.0,0.0,0.0
2015-09-15 12:51:00,72,0.869414665461,0,0.0,0.0,0.0
2015-09-15 12:56:00,66,0.522510778199,0,0.0,0.0,0.0
2015-09-15 13:01:00,62,0.800251658515,0,0.0,0.0,0.0
2015-09-15 13:06:00,71,0.823176678894,0,0.0,0.0,0.0
2015-09-15 13:11:00,74,0.935255412202,0,0.0,0.0,0.0
2015-09-15 13:16:00,65,0.600623695808,0,0.0,0.0,0.0
2015-09-15 13:21:00,61,0.851043619761,0,0.0,0.0,0.0
2015-09-15 13:26:00,63,0.740991914883,1,0.910912061448,0.910912061448,0.910912061448
2015-09-15 13:31:00,66,0.52232210591,1,0.0,0.0,0.0
2015-09-15 13:36:00,63,0.740907860428,1,0.0,0.0,0.0
2015-09-15 13:41:00,60,0.891764108247,1,0.0,0.0,0.0
2015-09-15 13:46:00,59,0.923728890935,1,0.0,0.0,0.0
2015-09-15 13:51:00,60,0.890854461579,1,0.0,0.0,0.0
2015-09-15 13:54:00,56,0.978055942603,1,0.0,0.0,0.0
2015-09-15 13:59:00,49,0.999639291257,1,0.0,0.0,0.0
2015-09-15 14:04:00,43,0.999996940259,1,0.0,0.0,0.0
2015-09-15 14:09:00,59,0.916488680549,1,0.0,0.0,0.0
2015-09-15 14:14:00,51,0.998231113088,1,0.0,0.0,0.0
2015-09-15 14:19:00,42,0.999998076802,1,0.0,0.0,0.0
2015-09-15 14:24:00,25,1.0,1,0.0,0.0,0.0
2015-09-15 14:29:00,10,1.0,1,0.0,0.0,0.0
2015-09-15 14:34:00,8,1.0,1,0.0,0.0,0.0
2015-09-15 14:39:00,46,0.999305742392,1,0.0,0.0,0.0
2015-09-15 14:44:00,65,0.556553610085,1,0.0,0.0,0.0
2015-09-15 14:49:00,68,0.631864053088,1,0.0,0.0,0.0
2015-09-15 14:54:00,67,0.570170532007,1,0.0,0.0,0.0
2015-09-15 14:59:00,64,0.618991765644,1,0.0,0.0,0.0
2015-09-15 15:04:00,67,0.570321440282,1,0.0,0.0,0.0
2015-09-15 15:09:00,62,0.733396658513,1,0.0,0.0,0.0
2015-09-15 15:14:00,66,0.507124413072,1,0.0,0.0,0.0
2015-09-15 15:24:00,68,0.632417309261,1,0.0,0.0,0.0
2015-09-15 15:34:00,65,0.556809738453,1,0.0,0.0,0.0
2015-09-15 15:39:00,65,0.556772095176,1,0.0,0.0,0.0
2015-09-15 15:44:00,68,0.632628239521,1,0.0,0.0,0.0
2015-09-15 15:49:00,66,0.506932862761,1,0.0,0.0,0.0
2015-09-15 15:54:00,64,0.619450806924,1,0.0,0.0,0.0
2015-09-15 15:59:00,64,0.619368521404,0,0.0,0.0,0.0
2015-09-15 16:04:00,63,0.678855278906,0,0.0,0.0,0.0
2015-09-15 16:09:00,63,0.678724090802,0,0.0,0.0,0.0
2015-09-15 16:14:00,67,0.571603772517,0,0.0,0.0,0.0
2015-09-15 16:19:00,63,0.678780932876,0,0.0,0.0,0.0
2015-09-15 16:24:00,66,0.507894700384,0,0.0,0.0,0.0
2015-09-15 16:29:00,67,0.571863747415,0,0.0,0.0,0.0
2015-09-15 16:34:00,65,0.556415681919,0,0.0,0.0,0.0
2015-09-15 16:39:00,65,0.556378884013,0,0.0,0.0,0.0
2015-09-15 16:44:00,64,0.619188251824,0,0.0,0.0,0.0
2015-09-15 16:49:00,69,0.693422187922,0,0.0,0.0,0.0
2015-09-15 16:54:00,65,0.556503713845,0,0.0,0.0,0.0
2015-09-15 16:59:00,65,0.556467045837,0,0.0,0.0,0.0
2015-09-15 17:04:00,62,0.73499575036,0,0.0,0.0,0.0
2015-09-15 17:09:00,57,0.924763214267,0,0.0,0.0,0.0
2015-09-15 17:14:00,52,0.987613673322,0,0.0,0.0,0.0
2015-09-15 17:19:00,51,0.991755158855,0,0.0,0.0,0.0
2015-09-15 17:24:00,62,0.730992449312,0,0.0,0.0,0.0
2015-09-15 17:29:00,59,0.864049565853,0,0.0,0.0,0.0
2015-09-15 17:39:00,68,0.637920643147,0,0.0,0.0,0.0
2015-09-15 17:44:00,64,0.614924074834,0,0.0,0.0,0.0
2015-09-15 17:49:00,65,0.551983541354,0,0.0,0.0,0.0
2015-09-15 17:54:00,66,0.512289927533,0,0.0,0.0,0.0
2015-09-15 17:59:00,67,0.576244451817,0,0.0,0.0,0.0
2015-09-15 18:04:00,63,0.675170813589,0,0.0,0.0,0.0
2015-09-15 18:14:00,59,0.864469237725,0,0.0,0.0,0.0
2015-09-15 18:19:00,68,0.639026416585,0,0.0,0.0,0.0
2015-09-15 18:24:00,66,0.512806289075,0,0.0,0.0,0.0
2015-09-15 18:29:00,66,0.512798246979,0,0.0,0.0,0.0
2015-09-15 18:34:00,65,0.551672034317,0,0.0,0.0,0.0
2015-09-15 18:39:00,64,0.614801873481,0,0.0,0.0,0.0
2015-09-15 18:44:00,70,0.752131447289,0,0.0,0.0,0.0
2015-09-15 18:49:00,67,0.576908697644,0,0.0,0.0,0.0
2015-09-15 18:54:00,63,0.675561111943,0,0.0,0.0,0.0
2015-09-15 19:04:00,64,0.615086931529,0,0.0,0.0,0.0
2015-09-15 19:09:00,65,0.551691155004,0,0.0,0.0,0.0
2015-09-15 19:14:00,64,0.615017983506,0,0.0,0.0,0.0
2015-09-15 19:19:00,60,0.827126185874,0,0.0,0.0,0.0
2015-09-15 19:24:00,65,0.551085522841,0,0.0,0.0,0.0
2015-09-15 19:29:00,69,0.699430249082,0,0.0,0.0,0.0
2015-09-15 19:34:00,63,0.675343661148,0,0.0,0.0,0.0
2015-09-15 19:39:00,59,0.865653333634,0,0.0,0.0,0.0
2015-09-15 19:44:00,69,0.700021008587,0,0.0,0.0,0.0
2015-09-15 19:49:00,60,0.827089585301,0,0.0,0.0,0.0
2015-09-15 19:54:00,60,0.826809454055,0,0.0,0.0,0.0
2015-09-15 19:59:00,59,0.865103433695,0,0.0,0.0,0.0
2015-09-15 20:09:00,62,0.730098301797,0,0.0,0.0,0.0
2015-09-15 20:14:00,61,0.781016852135,0,0.0,0.0,0.0
2015-09-15 20:24:00,58,0.896904216648,0,0.0,0.0,0.0
2015-09-15 20:29:00,63,0.672564976717,0,0.0,0.0,0.0
2015-09-15 20:34:00,65,0.547949323577,0,0.0,0.0,0.0
2015-09-15 20:49:00,57,0.923063257846,0,0.0,0.0,0.0
2015-09-15 20:54:00,62,0.728366312616,0,0.0,0.0,0.0
2015-09-15 20:59:00,62,0.72819835248,0,0.0,0.0,0.0
2015-09-15 21:04:00,62,0.728030759912,0,0.0,0.0,0.0
2015-09-15 21:19:00,64,0.610184305565,0,0.0,0.0,0.0
2015-09-15 21:29:00,63,0.671113596154,0,0.0,0.0,0.0
2015-09-15 22:09:00,57,0.922688279677,0,0.0,0.0,0.0
2015-09-15 22:34:00,59,0.863041018614,0,0.0,0.0,0.0
2015-09-15 22:39:00,63,0.669778778891,0,0.0,0.0,0.0
2015-09-15 22:44:00,67,0.584985232571,0,0.0,0.0,0.0
2015-09-15 23:19:00,65,0.544780401089,0,0.0,0.0,0.0
2015-09-15 23:24:00,61,0.77840894642,0,0.0,0.0,0.0
2015-09-15 23:29:00,61,0.778191351834,0,0.0,0.0,0.0
2015-09-15 23:34:00,60,0.823569593838,0,0.0,0.0,0.0
2015-09-16 00:49:00,67,0.586235610546,0,0.0,0.0,0.0
2015-09-16 01:44:00,57,0.922222940564,0,0.0,0.0,0.0
2015-09-16 02:19:00,59,0.862196286258,0,0.0,0.0,0.0
2015-09-16 03:04:00,60,0.822553810961,0,0.0,0.0,0.0
2015-09-16 04:44:00,58,0.894622930793,0,0.0,0.0,0.0
2015-09-16 05:09:00,66,0.523717236315,0,0.0,0.0,0.0
2015-09-16 05:19:00,69,0.709060349465,0,0.0,0.0,0.0
2015-09-16 05:29:00,62,0.724537535492,0,0.0,0.0,0.0
2015-09-16 05:39:00,65,0.54153862682,0,0.0,0.0,0.0
2015-09-16 05:49:00,65,0.541513804359,0,0.0,0.0,0.0
2015-09-16 06:09:00,61,0.776492366116,0,0.0,0.0,0.0
2015-09-16 06:14:00,64,0.605421859436,0,0.0,0.0,0.0
2015-09-16 06:24:00,65,0.541039220766,0,0.0,0.0,0.0
2015-09-16 06:39:00,65,0.541014816761,0,0.0,0.0,0.0
2015-09-16 06:44:00,66,0.524498560761,0,0.0,0.0,0.0
2015-09-16 06:54:00,61,0.776658076498,0,0.0,0.0,0.0
2015-09-16 07:19:00,64,0.605152357284,0,0.0,0.0,0.0
2015-09-16 07:24:00,69,0.711059024966,0,0.0,0.0,0.0
2015-09-16 07:29:00,59,0.862287283749,0,0.0,0.0,0.0
2015-09-16 07:34:00,71,0.812346307684,0,0.0,0.0,0.0
2015-09-16 07:44:00,66,0.524831163284,0,0.0,0.0,0.0
2015-09-16 07:49:00,66,0.52481660042,0,0.0,0.0,0.0
2015-09-16 07:54:00,67,0.589817238213,0,0.0,0.0,0.0
2015-09-16 07:59:00,68,0.652431010814,0,0.0,0.0,0.0
2015-09-16 08:04:00,64,0.605851734137,0,0.0,0.0,0.0
2015-09-16 08:09:00,68,0.652527429186,0,0.0,0.0,0.0
2015-09-16 08:14:00,69,0.711269913611,0,0.0,0.0,0.0
2015-09-16 08:19:00,71,0.812520840701,0,0.0,0.0,0.0
2015-09-16 08:24:00,66,0.523853862196,0,0.0,0.0,0.0
2015-09-16 08:29:00,70,0.76465493558,0,0.0,0.0,0.0
2015-09-16 08:39:00,71,0.812234013407,0,0.0,0.0,0.0
2015-09-16 08:49:00,68,0.651314804472,0,0.0,0.0,0.0
2015-09-16 08:54:00,62,0.727283244405,0,0.0,0.0,0.0
2015-09-16 08:59:00,67,0.588564900011,0,0.0,0.0,0.0
2015-09-16 09:04:00,63,0.669683692122,0,0.0,0.0,0.0
2015-09-16 09:09:00,71,0.812567253286,0,0.0,0.0,0.0
2015-09-16 09:14:00,64,0.607967412392,0,0.0,0.0,0.0
2015-09-16 09:24:00,70,0.764666971482,0,0.0,0.0,0.0
2015-09-16 09:34:00,67,0.588233773554,0,0.0,0.0,0.0
2015-09-16 09:44:00,67,0.588181585667,0,0.0,0.0,0.0
2015-09-16 09:54:00,66,0.522581715214,0,0.0,0.0,0.0
2015-09-16 09:59:00,61,0.780647044314,0,0.0,0.0,0.0
2015-09-16 10:04:00,69,0.710963723745,0,0.0,0.0,0.0
2015-09-16 10:09:00,67,0.588305059013,0,0.0,0.0,0.0
2015-09-16 10:14:00,70,0.764921564903,0,0.0,0.0,0.0
2015-09-16 10:19:00,71,0.812738834487,0,0.0,0.0,0.0
2015-09-16 10:24:00,67,0.587574525105,0,0.0,0.0,0.0
2015-09-16 10:29:00,59,0.866755629277,0,0.0,0.0,0.0
2015-09-16 10:34:00,69,0.710708454832,0,0.0,0.0,0.0
2015-09-16 10:44:00,69,0.710567715695,0,0.0,0.0,0.0
2015-09-16 10:49:00,68,0.650984360796,0,0.0,0.0,0.0
2015-09-16 10:54:00,72,0.854210286104,0,0.0,0.0,0.0
2015-09-16 10:59:00,68,0.650441456063,0,0.0,0.0,0.0
2015-09-16 11:04:00,62,0.730577066481,0,0.0,0.0,0.0
2015-09-16 11:09:00,64,0.610398704243,0,0.0,0.0,0.0
2015-09-16 11:14:00,66,0.521416495688,0,0.0,0.0,0.0
2015-09-16 11:19:00,60,0.828581486636,0,0.0,0.0,0.0
2015-09-16 11:24:00,66,0.521829773631,0,0.0,0.0,0.0
2015-09-16 11:29:00,71,0.813385538379,0,0.0,0.0,0.0
2015-09-16 11:34:00,56,0.947160224543,0,0.0,0.0,0.0
2015-09-16 11:39:00,63,0.672041392868,0,0.0,0.0,0.0
2015-09-16 11:44:00,67,0.588269639424,0,0.0,0.0,0.0
2015-09-16 11:49:00,64,0.609711342411,0,0.0,0.0,0.0
2015-09-16 11:59:00,67,0.58838432571,0,0.0,0.0,0.0
2015-09-16 12:04:00,62,0.730226991674,0,0.0,0.0,0.0
2015-09-16 12:14:00,65,0.544112438756,0,0.0,0.0,0.0
2015-09-16 12:19:00,66,0.522633633108,0,0.0,0.0,0.0
2015-09-16 12:24:00,65,0.54413702745,0,0.0,0.0,0.0
2015-09-16 12:29:00,73,0.890781177127,0,0.0,0.0,0.0
2015-09-16 12:34:00,67,0.588289588251,0,0.0,0.0,0.0
2015-09-16 12:39:00,62,0.730926687698,0,0.0,0.0,0.0
2015-09-16 12:44:00,68,0.652308185842,0,0.0,0.0,0.0
2015-09-16 12:49:00,62,0.731009556624,0,0.0,0.0,0.0
2015-09-16 12:54:00,67,0.588700289619,0,0.0,0.0,0.0
2015-09-16 12:59:00,63,0.672909470032,0,0.0,0.0,0.0
2015-09-16 13:04:00,68,0.652746984835,1,0.926470982694,0.926470982694,0.926470982694
2015-09-16 13:09:00,69,0.71248501815,1,0.0,0.0,0.0
2015-09-16 13:14:00,69,0.712347117555,1,0.0,0.0,0.0
2015-09-16 13:19:00,65,0.545103164653,1,0.0,0.0,0.0
2015-09-16 13:24:00,61,0.784285888857,1,0.0,0.0,0.0
2015-09-16 13:29:00,73,0.891568161886,1,0.0,0.0,0.0
2015-09-16 13:34:00,66,0.521791268446,1,0.0,0.0,0.0
2015-09-16 13:39:00,51,0.993286511722,1,0.0,0.0,0.0
2015-09-16 13:44:00,50,0.995739379274,1,0.0,0.0,0.0
2015-09-16 13:49:00,34,0.999999941662,1,0.0,0.0,0.0
2015-09-16 13:54:00,24,0.999999999997,1,0.0,0.0,0.0
2015-09-16 13:59:00,7,1.0,1,0.0,0.0,0.0
2015-09-16 14:04:00,14,1.0,1,0.0,0.0,0.0
2015-09-16 14:09:00,7,1.0,1,0.0,0.0,0.0
2015-09-16 14:14:00,32,0.99999913646,1,0.0,0.0,0.0
2015-09-16 14:19:00,17,0.999999999996,1,0.0,0.0,0.0
2015-09-16 14:24:00,8,1.0,1,0.0,0.0,0.0
2015-09-16 14:29:00,6,1.0,1,0.0,0.0,0.0
2015-09-16 14:30:00,8,1.0,1,0.0,0.0,0.0
2015-09-16 14:35:00,20,0.999999993393,1,0.0,0.0,0.0
2015-09-16 14:40:00,8,0.999999999999,1,0.0,0.0,0.0
2015-09-16 14:45:00,23,0.99999980398,1,0.0,0.0,0.0
2015-09-16 14:50:00,74,0.859714831137,1,0.0,0.0,0.0
2015-09-16 14:55:00,65,0.50193911435,1,0.0,0.0,0.0
2015-09-16 15:00:00,67,0.596157647577,1,0.0,0.0,0.0
2015-09-16 15:05:00,74,0.859626450286,1,0.0,0.0,0.0
2015-09-16 15:10:00,59,0.761928770888,1,0.0,0.0,0.0
2015-09-16 15:15:00,65,0.501678814281,1,0.0,0.0,0.0
2015-09-16 15:20:00,64,0.545863429772,1,0.0,0.0,0.0
2015-09-16 15:25:00,64,0.545838760795,0,0.0,0.0,0.0
2015-09-16 15:30:00,68,0.641735590875,0,0.0,0.0,0.0
2015-09-16 15:35:00,73,0.831699396654,0,0.0,0.0,0.0
2015-09-16 15:40:00,71,0.764453973286,0,0.0,0.0,0.0
2015-09-16 15:45:00,67,0.595441300245,0,0.0,0.0,0.0
2015-09-16 15:50:00,66,0.54844360577,0,0.0,0.0,0.0
2015-09-16 15:55:00,68,0.641020513452,0,0.0,0.0,0.0
2015-09-16 16:00:00,65,0.500606983674,1,0.871604206333,0.871604206333,0.871604206333
2015-09-16 16:05:00,57,0.830847736612,1,0.0,0.0,0.0
2015-09-16 16:10:00,70,0.726399404343,1,0.0,0.0,0.0
2015-09-16 16:15:00,66,0.548480565488,1,0.0,0.0,0.0
2015-09-16 16:20:00,66,0.548454764816,1,0.0,0.0,0.0
2015-09-16 16:25:00,65,0.500655380159,1,0.0,0.0,0.0
2015-09-16 16:30:00,66,0.548453677409,1,0.0,0.0,0.0
2015-09-16 16:35:00,64,0.547228017301,1,0.0,0.0,0.0
2015-09-16 16:40:00,55,0.885073920486,1,0.0,0.0,0.0
2015-09-16 16:45:00,30,0.999986914746,1,0.0,0.0,0.0
2015-09-16 16:50:00,11,0.999999999935,1,0.0,0.0,0.0
2015-09-16 16:55:00,12,0.999999999666,1,0.0,0.0,0.0
2015-09-16 17:00:00,33,0.999866642383,1,0.0,0.0,0.0
2015-09-16 17:05:00,43,0.993441275252,1,0.0,0.0,0.0
2015-09-16 17:10:00,1,1.0,1,0.0,0.0,0.0
2015-09-16 17:15:00,19,0.999999784465,1,0.0,0.0,0.0
2015-09-16 17:20:00,23,0.999997309842,1,0.0,0.0,0.0
2015-09-16 17:25:00,53,0.895372033029,1,0.0,0.0,0.0
2015-09-16 17:30:00,60,0.690546304267,1,0.0,0.0,0.0
2015-09-16 17:35:00,56,0.823698736723,1,0.0,0.0,0.0
2015-09-16 17:40:00,44,0.986998737702,1,0.0,0.0,0.0
2015-09-16 17:45:00,57,0.792909048765,1,0.0,0.0,0.0
2015-09-16 17:50:00,55,0.84889423968,1,0.0,0.0,0.0
2015-09-16 17:55:00,63,0.566406750145,1,0.0,0.0,0.0
2015-09-16 18:00:00,68,0.64532617335,1,0.0,0.0,0.0
2015-09-16 18:05:00,70,0.721921827865,1,0.0,0.0,0.0
2015-09-16 18:10:00,62,0.608851073352,1,0.0,0.0,0.0
2015-09-16 18:15:00,66,0.562090583701,1,0.0,0.0,0.0
2015-09-16 18:20:00,67,0.604246738278,1,0.0,0.0,0.0
2015-09-16 18:25:00,68,0.64521239299,0,0.0,0.0,0.0
2015-09-16 18:30:00,67,0.604088561169,0,0.0,0.0,0.0
2015-09-16 18:35:00,66,0.56177974326,0,0.0,0.0,0.0
2015-09-16 18:40:00,68,0.64510676017,0,0.0,0.0,0.0
2015-09-16 18:45:00,69,0.684508833846,0,0.0,0.0,0.0
2015-09-16 18:50:00,68,0.644897821417,0,0.0,0.0,0.0
2015-09-16 18:55:00,71,0.757064893343,0,0.0,0.0,0.0
2015-09-16 19:05:00,67,0.603422337681,0,0.0,0.0,0.0
2015-09-16 19:10:00,64,0.525392912029,0,0.0,0.0,0.0
2015-09-16 19:15:00,64,0.525379957861,0,0.0,0.0,0.0
2015-09-16 19:25:00,64,0.525367023498,0,0.0,0.0,0.0
2015-09-16 19:30:00,63,0.568418824528,0,0.0,0.0,0.0
2015-09-16 19:35:00,65,0.518087752256,0,0.0,0.0,0.0
2015-09-16 19:40:00,64,0.525328035025,0,0.0,0.0,0.0
2015-09-16 19:45:00,65,0.51811332665,0,0.0,0.0,0.0
2015-09-16 19:50:00,66,0.561340343425,0,0.0,0.0,0.0
2015-09-16 20:00:00,63,0.568591714825,0,0.0,0.0,0.0
2015-09-16 20:05:00,67,0.603962883047,0,0.0,0.0,0.0
2015-09-16 20:10:00,62,0.611096400655,0,0.0,0.0,0.0
2015-09-16 20:15:00,61,0.652177404415,0,0.0,0.0,0.0
2015-09-16 20:20:00,62,0.610932725629,0,0.0,0.0,0.0
2015-09-16 20:25:00,65,0.518439494168,0,0.0,0.0,0.0
2015-09-16 20:30:00,63,0.568459046493,0,0.0,0.0,0.0
2015-09-16 20:35:00,61,0.652151753208,0,0.0,0.0,0.0
2015-09-16 20:40:00,59,0.728994980659,0,0.0,0.0,0.0
2015-09-16 20:45:00,56,0.825816066518,0,0.0,0.0,0.0
2015-09-16 20:50:00,65,0.519296301932,0,0.0,0.0,0.0
2015-09-16 20:55:00,63,0.5677678085,0,0.0,0.0,0.0
2015-09-16 21:00:00,67,0.605542836796,0,0.0,0.0,0.0
2015-09-16 21:05:00,63,0.567869393537,0,0.0,0.0,0.0
2015-09-16 21:10:00,57,0.796441570975,0,0.0,0.0,0.0
2015-09-16 21:15:00,58,0.763800030565,0,0.0,0.0,0.0
2015-09-16 21:25:00,68,0.647749791555,0,0.0,0.0,0.0
2015-09-16 21:40:00,62,0.610114498016,0,0.0,0.0,0.0
2015-09-16 21:45:00,64,0.52384888326,0,0.0,0.0,0.0
2015-09-16 21:55:00,66,0.563549347168,0,0.0,0.0,0.0
2015-09-16 22:05:00,65,0.519922781847,0,0.0,0.0,0.0
2015-09-16 22:14:00,57,0.796720861023,0,0.0,0.0,0.0
2015-09-16 22:20:00,61,0.65145628003,0,0.0,0.0,0.0
2015-09-16 22:25:00,58,0.763986747237,0,0.0,0.0,0.0
2015-09-16 22:30:00,62,0.609624427746,0,0.0,0.0,0.0
2015-09-16 22:40:00,61,0.651110178628,0,0.0,0.0,0.0
2015-09-16 22:45:00,63,0.566611414563,0,0.0,0.0,0.0
2015-09-16 22:55:00,59,0.728595708239,0,0.0,0.0,0.0
2015-09-16 23:10:00,64,0.52267277825,0,0.0,0.0,0.0
2015-09-16 23:35:00,64,0.522661626569,0,0.0,0.0,0.0
2015-09-16 23:55:00,59,0.728620233624,0,0.0,0.0,0.0
2015-09-17 00:10:00,66,0.565360896791,0,0.0,0.0,0.0
2015-09-17 00:45:00,63,0.566263970862,0,0.0,0.0,0.0
2015-09-17 01:05:00,57,0.796681892642,0,0.0,0.0,0.0
2015-09-17 01:40:00,56,0.826305894081,0,0.0,0.0,0.0
2015-09-17 01:55:00,53,0.89802798014,0,0.0,0.0,0.0
2015-09-17 02:10:00,66,0.566584130985,0,0.0,0.0,0.0
2015-09-17 02:50:00,61,0.649935688202,0,0.0,0.0,0.0
2015-09-17 03:20:00,56,0.82585413441,0,0.0,0.0,0.0
2015-09-17 04:35:00,58,0.762957429414,0,0.0,0.0,0.0
2015-09-17 04:55:00,62,0.607500642473,0,0.0,0.0,0.0
2015-09-17 05:10:00,64,0.520462030948,0,0.0,0.0,0.0
2015-09-17 05:15:00,65,0.523700329721,0,0.0,0.0,0.0
2015-09-17 05:30:00,73,0.827846915727,0,0.0,0.0,0.0
2015-09-17 05:35:00,63,0.564771583203,0,0.0,0.0,0.0
2015-09-17 05:40:00,63,0.564739736888,0,0.0,0.0,0.0
2015-09-17 05:45:00,66,0.567403388458,0,0.0,0.0,0.0
2015-09-17 05:50:00,62,0.607997363709,0,0.0,0.0,0.0
2015-09-17 05:55:00,72,0.798422245425,0,0.0,0.0,0.0
2015-09-17 06:15:00,56,0.826616477699,0,0.0,0.0,0.0
2015-09-17 06:20:00,52,0.916835999597,0,0.0,0.0,0.0
2015-09-17 06:25:00,61,0.649302035759,0,0.0,0.0,0.0
2015-09-17 06:30:00,51,0.932330657332,0,0.0,0.0,0.0
2015-09-17 06:40:00,64,0.519428794907,0,0.0,0.0,0.0
2015-09-17 06:55:00,60,0.688890509646,0,0.0,0.0,0.0
2015-09-17 07:00:00,59,0.726897975427,0,0.0,0.0,0.0
2015-09-17 07:05:00,38,0.9983359046,0,0.0,0.0,0.0
2015-09-17 07:10:00,53,0.896551366956,0,0.0,0.0,0.0
2015-09-17 07:15:00,56,0.823464936112,0,0.0,0.0,0.0
2015-09-17 07:25:00,53,0.896125816846,0,0.0,0.0,0.0
2015-09-17 07:35:00,68,0.655818922019,0,0.0,0.0,0.0
2015-09-17 07:40:00,56,0.823068010289,0,0.0,0.0,0.0
2015-09-17 07:45:00,62,0.603442568108,0,0.0,0.0,0.0
2015-09-17 07:50:00,65,0.527914631626,0,0.0,0.0,0.0
2015-09-17 07:55:00,61,0.645462488635,0,0.0,0.0,0.0
2015-09-17 08:00:00,64,0.516129213118,0,0.0,0.0,0.0
2015-09-17 08:05:00,60,0.685773862029,0,0.0,0.0,0.0
2015-09-17 08:10:00,58,0.759733832248,0,0.0,0.0,0.0
2015-09-17 08:15:00,62,0.603029504123,0,0.0,0.0,0.0
2015-09-17 08:20:00,67,0.615570658562,0,0.0,0.0,0.0
2015-09-17 08:25:00,61,0.645235636884,0,0.0,0.0,0.0
2015-09-17 08:30:00,59,0.723893826262,0,0.0,0.0,0.0
2015-09-17 08:35:00,60,0.68543654583,0,0.0,0.0,0.0
2015-09-17 08:40:00,59,0.723686893938,0,0.0,0.0,0.0
2015-09-17 08:45:00,59,0.723560638619,0,0.0,0.0,0.0
2015-09-17 08:50:00,63,0.558903778373,0,0.0,0.0,0.0
2015-09-17 08:55:00,55,0.850434187487,0,0.0,0.0,0.0
2015-09-17 09:00:00,54,0.874630251904,0,0.0,0.0,0.0
2015-09-17 09:05:00,64,0.513877275193,0,0.0,0.0,0.0
2015-09-17 09:10:00,63,0.55807071247,0,0.0,0.0,0.0
2015-09-17 09:15:00,67,0.617685857846,0,0.0,0.0,0.0
2015-09-17 09:20:00,62,0.601701457473,0,0.0,0.0,0.0
2015-09-17 09:25:00,67,0.617769244751,0,0.0,0.0,0.0
2015-09-17 09:30:00,65,0.530481149561,0,0.0,0.0,0.0
2015-09-17 09:35:00,63,0.558297967485,0,0.0,0.0,0.0
2015-09-17 09:40:00,61,0.644229096294,0,0.0,0.0,0.0
2015-09-17 09:45:00,69,0.699711075436,0,0.0,0.0,0.0
2015-09-17 09:50:00,65,0.530500921796,0,0.0,0.0,0.0
2015-09-17 09:55:00,63,0.558424169855,0,0.0,0.0,0.0
2015-09-17 10:00:00,65,0.530554728298,0,0.0,0.0,0.0
2015-09-17 10:05:00,71,0.772663530306,0,0.0,0.0,0.0
2015-09-17 10:10:00,66,0.574487922301,0,0.0,0.0,0.0
2015-09-17 10:15:00,64,0.514397253841,0,0.0,0.0,0.0
2015-09-17 10:20:00,61,0.645039491766,0,0.0,0.0,0.0
2015-09-17 10:25:00,65,0.530391713771,0,0.0,0.0,0.0
2015-09-17 10:30:00,65,0.530377651014,0,0.0,0.0,0.0
2015-09-17 10:35:00,62,0.602622175786,0,0.0,0.0,0.0
2015-09-17 10:45:00,64,0.514239260405,0,0.0,0.0,0.0
2015-09-17 10:50:00,61,0.645167722698,0,0.0,0.0,0.0
2015-09-17 10:55:00,59,0.724618142476,0,0.0,0.0,0.0
2015-09-17 11:00:00,64,0.513887857862,0,0.0,0.0,0.0
2015-09-17 11:05:00,55,0.852180920881,0,0.0,0.0,0.0
2015-09-17 11:10:00,62,0.601992342167,0,0.0,0.0,0.0
2015-09-17 11:15:00,61,0.644592281605,0,0.0,0.0,0.0
2015-09-17 11:20:00,66,0.575953748529,0,0.0,0.0,0.0
2015-09-17 11:25:00,61,0.644646416074,0,0.0,0.0,0.0
2015-09-17 11:30:00,69,0.701746436742,0,0.0,0.0,0.0
2015-09-17 11:35:00,66,0.575915935205,0,0.0,0.0,0.0
2015-09-17 11:40:00,68,0.66150520684,0,0.0,0.0,0.0
2015-09-17 11:45:00,69,0.701596894584,0,0.0,0.0,0.0
2015-09-17 11:50:00,66,0.575596265514,0,0.0,0.0,0.0
2015-09-17 11:55:00,66,0.575561108596,0,0.0,0.0,0.0
2015-09-17 12:00:00,64,0.514001494753,0,0.0,0.0,0.0
2015-09-17 12:05:00,63,0.558797531375,0,0.0,0.0,0.0
2015-09-17 12:10:00,68,0.661501470097,0,0.0,0.0,0.0
2015-09-17 12:20:00,62,0.603035057106,0,0.0,0.0,0.0
2015-09-17 12:25:00,66,0.575662142878,0,0.0,0.0,0.0
2015-09-17 12:30:00,71,0.775124870961,0,0.0,0.0,0.0
2015-09-17 12:35:00,67,0.619100066871,0,0.0,0.0,0.0
2015-09-17 12:40:00,66,0.57529769438,0,0.0,0.0,0.0
2015-09-17 12:45:00,62,0.603635997379,0,0.0,0.0,0.0
2015-09-17 12:50:00,62,0.60358726363,0,0.0,0.0,0.0
2015-09-17 12:55:00,62,0.603538598551,0,0.0,0.0,0.0
2015-09-17 13:00:00,59,0.726491891916,0,0.0,0.0,0.0
2015-09-17 13:05:00,56,0.826855670961,0,0.0,0.0,0.0
2015-09-17 13:10:00,41,0.99586472099,0,0.0,0.0,0.0
2015-09-17 13:15:00,63,0.557652532192,0,0.0,0.0,0.0
2015-09-17 13:20:00,46,0.980638166404,0,0.0,0.0,0.0
2015-09-17 13:25:00,47,0.974372960795,0,0.0,0.0,0.0
2015-09-17 13:30:00,63,0.556056374068,0,0.0,0.0,0.0
2015-09-17 13:35:00,50,0.946023893744,0,0.0,0.0,0.0
2015-09-17 13:40:00,46,0.980100492934,0,0.0,0.0,0.0
2015-09-17 13:45:00,33,0.999779684984,0,0.0,0.0,0.0
2015-09-17 13:50:00,23,0.999998023238,0,0.0,0.0,0.0
2015-09-17 13:55:00,26,0.999988606317,0,0.0,0.0,0.0
2015-09-17 14:00:00,19,0.999999668183,0,0.0,0.0,0.0
2015-09-17 14:05:00,27,0.999973670352,0,0.0,0.0,0.0
